party_firm,person_name,role,city_state,case_id,action_status,date,source
"'Sai Charan' godowns, Kurumbapet, Puducherry",E. Anandakirouchenane,Puducherry Drugs Inspector suspended 2026-07-26 pending disciplinary proceedings after mu…,Puducherry,PY-2025-11-medinoc-raja-lupin-counterfeit-cbi,"CBI investigation ongoing. Original case: 26 persons (incl. 4 women) arrested by Puducherry police/SIT, inclu…",2025-11-12,https://medicaldialogues.in/news/industry/pharma/counterfeit-drug-racket-using-lupin-brand-busted-in-puducherry-fir-filed-160639
"'Sai Charan' godowns, Kurumbapet, Puducherry","N. Raja (alias Valliappan, alias Rajasekhar)","main accused / kingpin; businessman of Reddiarpalayam, Puducherry (native of Sivaganga di…","Reddiarpalayam, Puducherry",PY-2025-11-medinoc-raja-lupin-counterfeit-cbi,"CBI investigation ongoing. Original case: 26 persons (incl. 4 women) arrested by Puducherry police/SIT, inclu…",2025-11-12,https://medicaldialogues.in/news/industry/pharma/counterfeit-drug-racket-using-lupin-brand-busted-in-puducherry-fir-filed-160639
'SK Health Care' (also spelt 'SK Healthcare') Facebook page - sold branded medicines at 40-50% below MRP,Jatin Saini,"arrested gang member; network run from Sambhal district, UP","Sambhal, Uttar Pradesh",UK-2026-05-roorkee-sk-healthcare,"2 arrested (Jatin Saini, Gaurav Tyagi); Kotdwar unit M/s Nectar Herbs and Drugs sealed on 23 May 2026 (licenc…",2026-05-22,https://medicaldialogues.in/news/industry/pharma/fake-cancer-bp-drugs-sold-via-facebook-at-50-discount-stf-busts-illegal-pharma-unit-in-roorkee-171503
'Unitel Pharma' - name under which the syndicate allegedly operated per Madhyamam only (that report also name…,person not reported,,"Delhi (Flat No. 20/7, Indra Vikas, Second Floor,…",DL-2026-04-abhayrab-rabies-vaccine,4 arrested (Manoj Kumar Jain apprehended at the premises on 22 Apr 2026; three associates in follow-up action…,2026-04-22,https://www.tribuneindia.com/news/delhi/inter-state-spurious-medicine-racket-unearthed-4-nabbed/
18+ medicine agencies/shops and 12 broken-open godowns in Fuwara market (names not reported),person not reported,,Agra (Fuwara/Fawwara drug market: Kamtoola/Kambut…,UP-2026-05-agra-fsda-18-stores,"Kingpin Surendra Gupta (Shri Medical Agency, Kambutola) arrested by Kotwali police from his residence on Satu…",2026-05-21,https://drugscontrol.org/news-detail.php?newsid=44996
"20 firms/warehouses raided out of 30 identified, Fuwara drug market, Agra – locations: Jain Complex, Maheshwa…",person not reported,,Agra,UP-2026-06-agra-fsda-followups,"Ongoing. Raids (Agra, 24 Feb 2026 per drugscontrol.org): 20 of 30 identified firms/warehouses in Fuwara drug…",2026-07-24,https://drugscontrol.org/news-detail.php?newsid=44340
"2365 LLP Pharma, Chamarajpet, Bengaluru - raided by SIT 6 Oct 2026 as buyer [name not re-verified]","Owners of RR Pharma, 2365 LLP Pharma and Patel Pharma (names not repo…","Pharmacy owners raided 6 Oct 2026, issued notices and questioned over purchase and onward…",Bengaluru,KA-2026-08-bidadi-krupa,Ongoing. Verified this pass: Veeresh Kumar Jain (Krupa Healthcare owner) arrested 12 Sep 2026 and remanded to…,2026-08-18,https://raw.githubusercontent.com/songjen/india-pharma-report/main/reports/India_Pharma_Daily_20260820.md
"2365 LLP Pharma, Chamarajpet, Bengaluru - raided by SIT 6 Oct 2026 as buyer [name not re-verified]",Prashanth Ranjan Babu (also reported as R. Prashanth / Prashant / Pra…,Alleged kingpin / prime accused; ex-medical representative; leased the Bidadi farmhouse;…,"Papareddypalya, Bengaluru [not re-verified]; nati…",KA-2026-08-bidadi-krupa,Ongoing. Verified this pass: Veeresh Kumar Jain (Krupa Healthcare owner) arrested 12 Sep 2026 and remanded to…,2026-08-18,https://raw.githubusercontent.com/songjen/india-pharma-report/main/reports/India_Pharma_Daily_20260820.md
3 manufacturing units whose licences were suspended (names not explicitly tied to the suspensions),person not reported,,Jaipur (Rajasthan Drug Controller); manufacturers…,RJ-2026-04-spurious-antibiotic,7 medicines declared NSQ; licences of 3 manufacturing units suspended; batches ordered withdrawn statewide (a…,2026-04-22,https://drugscontrol.org/news-detail.php?newsid=44607
30 licences cancelled across food and pharmacy establishments - names not in snippet (unverified),person not reported,,Hyderabad (statewide),TG-2026-tg-safe-208-inspections-30-licences,UNVERIFIED (source could not be opened): 208 food and pharmacy establishments reportedly inspected since Augu…,2026-09,https://www.siasat.com/tg-safe-inspects-208-food-drug-units-cancels-30-licences-3547252/
42 pharmaceutical companies (names not in snippet; unverified),person not reported,,Jaipur,RJ-2025-05-rmsc-42-companies-nsq-ban,immediate bans issued against 42 companies (per report dated 2025-05-22; unverified),2025-05,https://thehealthmaster.com/2025/05/22/42-companies-banned-over-nsq-drugs/
"M/s. 4Care Lifescience Pvt. Ltd., Kheda, Gujarat (label-claim manufacturer of Dmex Colecalciferol tablets 4D0…",Unknown / 'Under Investigation',maker of purportedly spurious TELMA AM batch 5240367; Glenmark (actual manufacturer as pe…,not disclosed,CDSCO-2025-01-alert,Ongoing/regulatory. Gentamicin GM-19 and Dexamethasone DX-18 declared SPURIOUS by CDL Kolkata in the Jan-2025…,2025-01,https://medicaldialogues.in/news/industry/pharma/drug-alert-cdsco-flags-52-formulations-as-not-of-standard-quality-144329
50 drug firms whose sales licences were cancelled (names not disclosed in any opened source),person not reported,,Gandhinagar (statewide); counterfeit-drug raids i…,GJ-2026-09-fdca-50-licences,August 2026 action reviewed on 2 Sept 2026: sales licences of 50 drug firms cancelled; closure orders for two…,2026-09-02,https://bilkulonline.com/2026/09/02/gujarat-fdca-cancels-licences-of-50-drug-firms-seizes-42988-kg-of-suspected-food-products/
58 wholesale drug licence holders in Agra whose licences were cancelled (Amar Ujala; names not given),person not reported,,Agra,UP-2026-06-agra-fsda-followups,"Ongoing. Raids (Agra, 24 Feb 2026 per drugscontrol.org): 20 of 30 identified firms/warehouses in Fuwara drug…",2026-07-24,https://drugscontrol.org/news-detail.php?newsid=44340
"M/s: Mandkind Pharma Ltd., Doring Block, Bermiok Elaka, Dist. Namchi, Sikkim-737126 (spelling as printed in t…",person not reported,,"Guwahati (State Drugs Testing Laboratory, Assam;…",AS-2026-04-sdtl-assam-aristo-alkem-mankind-spurious,CDSCO remark on the spurious-tab entries (B95Y032 Apr-2026; GTG2220A Feb-2026): 'The product is purported to…,2026-04,https://cdscoonline.gov.in/CDSCO/filteredNsqDrugTable?month=Apr-2026&source=All&tab=nsq
"Maa Jagdamba Medicose, Jodhpur (fictitious distributor)",person not reported,,"Kala Amb (Sirmaur, HP); Ambala; Chandigarh; Jodhp…",HP-2025-11-digital-vision-pharma,"Ongoing. NCB case: 15 arrested as of 2025-11-30 (The Tribune), 17 arrested per TNM/Newslaundry 2026-04-13; pa…",2025-11,https://www.thenewsminute.com/news/16-kids-dead-a-rs-574-cr-racket-the-pharma-group-the-system-refuses-to-stop
"Aagam Gam Pharmaceuticals, Meghaninagar, Ahmedabad",person not reported,,Gandhinagar (statewide); counterfeit-drug raids i…,GJ-2026-09-fdca-50-licences,August 2026 action reviewed on 2 Sept 2026: sales licences of 50 drug firms cancelled; closure orders for two…,2026-09-02,https://bilkulonline.com/2026/09/02/gujarat-fdca-cancels-licences-of-50-drug-firms-seizes-42988-kg-of-suspected-food-products/
"Aagya Biotech Pvt. Ltd., 1.5 km Manglour-Saharanpur Road, Manglour-247656, Roorkee, Distt. Haridwar (UK) - Ma…",person not reported,,Bhubaneswar (State Drugs Testing & Research Labor…,OD-2025-2026-sdtrl-bhubaneswar-nsq-roundup,51 NSQ batches reported by the Odisha state lab (SDT&RL/SFTRL Bhubaneswar) in the CDSCO monthly tables Oct-20…,2025-10 to 2026-08,https://cdscoonline.gov.in/CDSCO/filteredNsqDrugTable?month=Oct-2025&source=All&tab=nsq
"Aagya Biotech Pvt. Ltd., Manglour, Roorkee, Distt. Haridwar (U.K.)",person not reported,,Kathua and Srinagar (Modern Drug Testing Laborato…,JK-2025-2026-kathua-srinagar-nsq-roundup-hospital-injectables,"NSQ declarations in CDSCO monthly alerts; one SPURIOUS declaration (R Zara-DSR Capsules, Apr-2026, MDTL Kathu…",2025-05 to 2026-08,https://cdscoonline.gov.in/CDSCO/filteredNsqDrugTable?month=May-2025&source=All&tab=nsq
"Maan Pharmaceuticals Ltd, GIDC Phase-II, Mehsana, Gujarat - NSQ Fentanyl Citrate Injection",person not reported,,Kolkata (CDL),CDSCO-2026-03-alert,"Ongoing investigation. CDSCO portal remark: 'The product is purported to be spurious, however, the same is su…",2026-03,https://medicaldialogues.in/news/industry/pharma/cdsco/suspected-spurious-buprenorphine-injection-batch-under-scanner-cdsco-launches-investigation-169200
"Aanki Herbal, Tragad, Ahmedabad (cosmetics, no licence)",Aanki Herbal,cosmetics firm allegedly operating without a licence; cosmetics worth over Rs 2.68 lakh s…,"Tragad, Ahmedabad",GJ-2026-09-fdca-50-licences,August 2026 action reviewed on 2 Sept 2026: sales licences of 50 drug firms cancelled; closure orders for two…,2026-09-02,https://bilkulonline.com/2026/09/02/gujarat-fdca-cancels-licences-of-50-drug-firms-seizes-42988-kg-of-suspected-food-products/
"ABA Drugs and Formulations, Chennai (distributor whose name appeared on the counterfeit Pregabalin packaging;…",person not reported,,Puducherry (manufacturing unit at Thiruphuvanai P…,PY-2025-11-medinoc-raja-lupin-counterfeit-cbi,"CBI investigation ongoing. Original case: 26 persons (incl. 4 women) arrested by Puducherry police/SIT, inclu…",2025-11-12,https://medicaldialogues.in/news/industry/pharma/counterfeit-drug-racket-using-lupin-brand-busted-in-puducherry-fir-filed-160639
Aban Pharmaceuticals,person not reported,,Statewide (announced from Bengaluru),KA-2025-06-fsda-nsq-14-drugs,Do-not-use / stop-stocking directive issued 2025-06-25; public urged not to use; minister warned of strict ac…,2025-06-25,https://theprint.in/india/karnataka-govt-flags-14-substandard-drugs-tells-chemists-docs-public-to-avoid-them/2670281/
"Sabi Pharmaceuticals Pvt. Ltd, Shivnath Gogoi Path, 10/150, Bhagarbari, Panjahari, Gowahati-781037, Assam (la…",person not reported,,"Label addresses: Gowahati/Guwahati (Assam), Namch…",AS-2026-07-assam-sikkim-brand-batches-flagged-lucknow-lab-identification-failures,All seven batches appear on CDSCO's public NSQ table for JUL-2026 (reporting source 'State Lab'); none of the…,2026-07,https://cdscoonline.gov.in/CDSCO/viewPublicNSQDrug
"Accretion Pharmaceuticals Ltd., 29, Xcelon Industrial Park-1, Changodar, Dist-Ahmedabad-382213 - Feb-2026",person not reported,,Bhubaneswar (State Drugs Testing & Research Labor…,OD-2025-2026-sdtrl-bhubaneswar-nsq-roundup,51 NSQ batches reported by the Odisha state lab (SDT&RL/SFTRL Bhubaneswar) in the CDSCO monthly tables Oct-20…,2025-10 to 2026-08,https://cdscoonline.gov.in/CDSCO/filteredNsqDrugTable?month=Oct-2025&source=All&tab=nsq
"Accura Care Pharmaceuticals Pvt. Ltd., Vill-Moginand, Nahan Road, Kala Amb, Distt-Sirmour (HP)-173030 - Nov-2…",person not reported,,Bhubaneswar (State Drugs Testing & Research Labor…,OD-2025-2026-sdtrl-bhubaneswar-nsq-roundup,51 NSQ batches reported by the Odisha state lab (SDT&RL/SFTRL Bhubaneswar) in the CDSCO monthly tables Oct-20…,2025-10 to 2026-08,https://cdscoonline.gov.in/CDSCO/filteredNsqDrugTable?month=Oct-2025&source=All&tab=nsq
"Accuwell Medics Pvt Ltd, Survey No 414, Ashwamegh Industrial Estate, Changodar, Ahmedabad 382213 (Mrk. by Hea…",person not reported,,Kathua and Srinagar (Modern Drug Testing Laborato…,JK-2025-2026-kathua-srinagar-nsq-roundup-hospital-injectables,"NSQ declarations in CDSCO monthly alerts; one SPURIOUS declaration (R Zara-DSR Capsules, Apr-2026, MDTL Kathu…",2025-05 to 2026-08,https://cdscoonline.gov.in/CDSCO/filteredNsqDrugTable?month=May-2025&source=All&tab=nsq
"Macleods Pharmaceuticals Ltd. (Daman; label-claim manufacturer of spurious Defcort 6 batch, per CDSCO portal)",person not reported,,"Multi-state: North Zone (RDTL Chandigarh, 4 sampl…",CDSCO-2025-12-alert,"Under investigation. CDSCO remark on every spurious entry: ""The product is purported to be spurious, however,…",2025-12,https://medicaldialogues.in/news/industry/pharma/cdsco-flags-7-batches-of-popular-medicines-as-purportedly-spurious-in-december-163217
"Macleods Pharmaceuticals Ltd. 367/7, Kabra Industrial Estate, Kachigam, Daman 396 210 (label-claim manufactur…",person not reported,,Multiple,CDSCO-2025-2026-other-brand-copy-batches-spurious-tab,Under investigation per CDSCO: every Spurious-tab row carries the remark 'The product is purported to be spur…,2025-01 to 2026-07,https://cdscoonline.gov.in/CDSCO/filteredSpuriousDrugTable?month=Oct-2025&source=All&tab=spurious
"Macleods Pharmaceuticals Ltd., 367/7 Kabra Industrial Estate, Kachigam, Daman - labelled maker of Defcort 6 b…",person not reported,,"Baddi, Kala Amb, Paonta Sahib, Roorkee, Haridwar",CDSCO-2025-2026-synthesis-repeat-offenders,Ongoing investigations (CDSCO remark on every spurious entry: 'subject to outcome of investigation'). July-20…,2026-09,https://thehealthmaster.com/drug-alert-nsq-drugs-lists/
"Macleods Pharmaceuticals Ltd., Khasra No. 21,22,66,67 & 68, Aho-Yangtam, Namchepung, PO: Ranipool, Sikkim-737…",person not reported,,Multiple,CDSCO-2025-2026-other-brand-copy-batches-spurious-tab,Under investigation per CDSCO: every Spurious-tab row carries the remark 'The product is purported to be spur…,2025-01 to 2026-07,https://cdscoonline.gov.in/CDSCO/filteredSpuriousDrugTable?month=Oct-2025&source=All&tab=spurious
"Macleods Pharmaceuticals Ltd., Ranipool, Sikkim (labelled manufacturer; SDTL Raipur NSQ entry for Clobetasol…",person not reported,,Raipur,CDSCO-2025-09-alert,Under investigation: CDSCO spurious-drug table (SEP-2025) lists manufacturer as 'Under Investigation' with re…,2025-09,https://medicaldialogues.in/news/industry/pharma/cdsco-flags-besto-cof-cough-syrup-as-spurious-raipur-drug-lab-claims-batch-not-made-by-listed-firm-157457
"Macmillon Pharmaceuticals Pvt Ltd., Amritsar (Methotrexate Tablets IP 7.5 mg L09-2501 and L09-2402, NSQ descr…",person not reported,,Kolkata (CDL); New Delhi (CDSCO),CDSCO-2026-07-alert,July 2026 alert (published 21 Aug 2026): 40 samples NSQ by CDSCO central labs; state-lab count reported diffe…,2026-08-21,https://www.etvbharat.com/en/bharat/cdsco-flags-280-drug-samples-as-nsq-or-spurious-in-july-enn26082107816
Actual manufacturer of Telma 40 (as per label claim) - not named by CDSCO; informed CDSCO that batch 5240226…,person not reported,,West Bengal (per health ministry note quoted by B…,CDSCO-2025-03-alert,Under investigation. CDSCO spurious list (March 2025): 'Manufactured By: Under Investigation'; 'The product i…,2025-04-18,https://medicaldialogues.in/news/industry/pharma/drug-alert-70-drug-samples-fail-to-clear-cdsco-test-1-declared-spurious-147190
M/s Madhavbaug Ayurvedic and Herbal Research Centre (named in the article's keyword tags; the teaser text des…,person not reported,,Gwalior,MP-2025-10-gwalior-ayurvedic-fir,High Court (Gwalior) dismissed the firm's petition seeking quashing of the FIR; investigation upheld and cont…,2025-10-20,https://drugscontrol.org/news-detail.php?newsid=43446
"M/s Aditya Pharma, Wadegaon, Tiroda, Gondia",person not reported,,"Statewide (cancelled units in Pune, Baramati, Jej…",MH-2026-08-ayurvedic-gmp-crackdown,Manufacturing licences of 10 Ayurvedic drug units permanently cancelled; 135 other manufacturers issued show-…,2026-08-11,https://economictimes.com/industry/healthcare/biotech/healthcare/maharashtra-fda-cracks-down-on-ayurvedic-drug-makers-cancels-10-licences/articleshow/133169140.cms
"Aditya Pharmacy, Saharanpur, Uttar Pradesh (wholesale medicine business of Neerej Kumar; main receiver/distri…",Neerej Kumar (53) (Hindi reports: Neeraj Kumar),Main accused / main receiver and distributor; wholesale medicine dealer; operated supply…,"Saharanpur, Uttar Pradesh",DL-2026-04-ddu-hospital-diversion,"5 arrested (3 on 2 April 2026 at Tis Hazari, 2 hospital staff subsequently on disclosure); medicines and vehi…",2026-04-02,https://www.newsonair.gov.in/delhi-police-crime-branch-arrests-five-in-racket-diverting-critical-government-medicines
"Adwin Pharma, Vill Rampur Jattan, Trilokpur Road, Kala Amb, Distt. Sirmour (HP) 173030",person not reported,,Kathua and Srinagar (Modern Drug Testing Laborato…,JK-2025-2026-kathua-srinagar-nsq-roundup-hospital-injectables,"NSQ declarations in CDSCO monthly alerts; one SPURIOUS declaration (R Zara-DSR Capsules, Apr-2026, MDTL Kathu…",2025-05 to 2026-08,https://cdscoonline.gov.in/CDSCO/filteredNsqDrugTable?month=May-2025&source=All&tab=nsq
"M/s AEDMAX Lifecare, Ahmedabad (licence suspended 15 days; illegal sale of codeine-based Rexcron syrup)",person not reported,,"Ahmedabad, Vadodara, Savli, Ankleshwar",GJ-2026-05-fdca-coordinated-raids,Amico Formulation LLP manufacturing licence suspended with immediate effect; M/s AEDMAX Lifecare licence susp…,2026-05,https://english.gujaratsamachar.com/news/gujarat/1-21-cr-rs-worth-suspicious-drugs-seized-from-ahmedabad-pharma-unit-93573142389.html
"Aeromatic Healthcare Pvt. Ltd., Lodhwan, Nurpur (Himachal Pradesh) - manufacturer",Aeromatic Healthcare Pvt. Ltd.,manufacturer; produced diclofenac sodium injections despite stop-production order of Dece…,"Lodhwan, Nurpur police district, Himachal Pradesh",HP-2025-nurpur-kala-amb-stop-orders,"Nurpur: 23,500 injections seized on 2025-08-18, samples sent for laboratory testing, case registered under Se…","2025-08-18 (Nurpur raid, 'Mon…",https://www.tribuneindia.com/news/himachal/pharma-unit-defies-ban-23500-injections-seized-in-nurpur-raid/amp
Safe Parenterals,person not reported,,Statewide (announced from Bengaluru),KA-2025-06-fsda-nsq-14-drugs,Do-not-use / stop-stocking directive issued 2025-06-25; public urged not to use; minister warned of strict ac…,2025-06-25,https://theprint.in/india/karnataka-govt-flags-14-substandard-drugs-tells-chemists-docs-public-to-avoid-them/2670281/
"Affy Parenterals (WHO-cGMP/ISO 9001:2015 Certified Co.), Vill. Gullerwala (also printed Gullawala/Gullarwala)…",person not reported,,Jammu (CFDL Jammu; sample lifted by DCO Zone III…,JK-2025-04-affy-parenterals-jkmscl-supply-nsq-repeat-offender,Ongoing / regulatory alerts only. 28 NSQ entries (27 distinct batches) for Affy Parenterals in CDSCO monthly…,2025-04,https://cdscoonline.gov.in/CDSCO/filteredNsqDrugTable?month=Apr-2025&source=All&tab=nsq
"Affy Parenterals, Baddi, Solan, Himachal Pradesh (four Albendazole Tablets IP batches NSQ for dissolution, re…",person not reported,,Raipur,CDSCO-2025-09-alert,Under investigation: CDSCO spurious-drug table (SEP-2025) lists manufacturer as 'Under Investigation' with re…,2025-09,https://medicaldialogues.in/news/industry/pharma/cdsco-flags-besto-cof-cough-syrup-as-spurious-raipur-drug-lab-claims-batch-not-made-by-listed-firm-157457
"Affy Parenterals, Vill Gulerwala, P.O. Baddi, Distt Solan 173205 (H.P)",person not reported,,Kathua and Srinagar (Modern Drug Testing Laborato…,JK-2025-2026-kathua-srinagar-nsq-roundup-hospital-injectables,"NSQ declarations in CDSCO monthly alerts; one SPURIOUS declaration (R Zara-DSR Capsules, Apr-2026, MDTL Kathu…",2025-05 to 2026-08,https://cdscoonline.gov.in/CDSCO/filteredNsqDrugTable?month=May-2025&source=All&tab=nsq
"Sagar Pharma Agency, Junagadh",person not reported,,Gandhinagar (statewide); counterfeit-drug raids i…,GJ-2026-09-fdca-50-licences,August 2026 action reviewed on 2 Sept 2026: sales licences of 50 drug firms cancelled; closure orders for two…,2026-09-02,https://bilkulonline.com/2026/09/02/gujarat-fdca-cancels-licences-of-50-drug-firms-seizes-42988-kg-of-suspected-food-products/
"M/s Agron Remedies Pvt. Ltd., Kashipur (location per ETV Bharat product list) - 5-year debarment; also 18-mon…",person not reported,,Jaipur (RMSC HQ),RJ-2025-11-rmscl-7-firms-40-drugs-blacklist,7 firms debarred in FY2025-26 (5 for five years for supplying substandard/adulterated medicines; 2 for three…,2025-11-20,https://medicaldialogues.in/news/industry/pharma/rajasthan-medical-services-corp-bans-7-pharma-firms-40-drugs-over-quality-concerns-159266
"Agron Remedies Pvt. Ltd., Kashipur (Uttarakhand) (NSQ manufacturer)",person not reported,,"Multi-state: North Zone (RDTL Chandigarh, 4 sampl…",CDSCO-2025-12-alert,"Under investigation. CDSCO remark on every spurious entry: ""The product is purported to be spurious, however,…",2025-12,https://medicaldialogues.in/news/industry/pharma/cdsco-flags-7-batches-of-popular-medicines-as-purportedly-spurious-in-december-163217
"Agron Remedies Pvt. Ltd., Sarverkhera, Moradabad Road, Kashipur-244713 (Uttarakhand)",person not reported,,Kathua and Srinagar (Modern Drug Testing Laborato…,JK-2025-2026-kathua-srinagar-nsq-roundup-hospital-injectables,"NSQ declarations in CDSCO monthly alerts; one SPURIOUS declaration (R Zara-DSR Capsules, Apr-2026, MDTL Kathu…",2025-05 to 2026-08,https://cdscoonline.gov.in/CDSCO/filteredNsqDrugTable?month=May-2025&source=All&tab=nsq
Mahadev Pharma (180 vials sold; 151 returned),person not reported,,"Delhi (Bhagirath Palace, Chandni Chowk) and Kanpu…",DL-UP-2026-09-bhagirath-palace-vs-pharmaceuticals-fake-abhayrab,"FIR lodged at Collectorganj PS against three accused (Baljit Kaur, Rajinder Singh, Tarandeep Singh); both Kan…",2026-09-22,https://www.etvbharat.com/en/state/delhi-fake-drug-racket-busted-481-counterfeit-rabies-vaccine-units-worth-rs-2-lakh-seized-from-bhagirath-palace-enn26092301276
"Mahadev Pharma, Agra",Mohit Gupta,Supplied hospital/government-supply medicines without bills; FIR process initiated,Agra,UP-2026-05-agra-fsda-18-stores,"Kingpin Surendra Gupta (Shri Medical Agency, Kambutola) arrested by Kotwali police from his residence on Satu…",2026-05-21,https://drugscontrol.org/news-detail.php?newsid=44996
"Maharaja Enterprises, Aminabad, Lucknow (earlier FIR)",person not reported,,"Lucknow (Aminabad, Alambagh, Bakshi Ka Talab, Kai…",UP-2026-08-fsda-multi-district,"ongoing. Lucknow: 7 FIRs against 32 persons, 2 arrests; Agra: 9 FIRs, 2 arrests; Varanasi: surgical shop oper…",2026-08-19,https://www.etvbharat.com/hi/state/illegal-medicines-worth-5-dot-43-crore-seized-in-four-districts-of-uttar-pradesh-ups26081906919
"Mahival Medico, Gopalganj, Bihar (source; licence expired 2024-11-20)",Soni Mahival,proprietor (licence expired 2024-11-20; shop no longer operational),"Gopalganj, Bihar",MH-2026-pune-chymoral-forte,8 booked; report says distributors and medical shop owners from Pune and accused persons from Uttar Pradesh a…,2025-12-12,https://www.freepressjournal.in/amp/pune/pune-8-booked-for-supplying-fake-medicines-fda-seizes-275-lakh-stock
M/s Sai Parenterals Ltd. - 5-year debarment; also 2-year product ban - location not reported,person not reported,,Jaipur (RMSC HQ),RJ-2025-11-rmscl-7-firms-40-drugs-blacklist,7 firms debarred in FY2025-26 (5 for five years for supplying substandard/adulterated medicines; 2 for three…,2025-11-20,https://medicaldialogues.in/news/industry/pharma/rajasthan-medical-services-corp-bans-7-pharma-firms-40-drugs-over-quality-concerns-159266
"AIIMS Bilaspur, Himachal Pradesh (hospital where samples were drawn)",person not reported,,Bilaspur (AIIMS Bilaspur); testing at Drug Testin…,HP-2026-09-aiims-bilaspur-vantive-dialysis,Two samples declared 'not of standard quality' by DTL Baddi (report dated 3 Sep 2026); HP health dept letter…,2026-09-07,https://pharma.economictimes.indiatimes.com/news/regulatory-update/imported-dialysis-solution-fails-endotoxin-test-in-himachal-lab-flags-nine-regulatory-violations/134101240
"M/s. Aishwarya Healthcare, South Sikkim (NSQ, Bupivacaine in Dextrose Injection batch AA4009)",person not reported,,West Bengal (per health ministry note quoted by B…,CDSCO-2025-03-alert,Under investigation. CDSCO spurious list (March 2025): 'Manufactured By: Under Investigation'; 'The product i…,2025-04-18,https://medicaldialogues.in/news/industry/pharma/drug-alert-70-drug-samples-fail-to-clear-cdsco-test-1-declared-spurious-147190
"Saitech Medicare Pvt. Ltd., Kala-Amb, District Sirmour, Himachal Pradesh (NSQ Ambroxol, Levosalbutamol Guaiph…",person not reported,,Raipur,CDSCO-2025-09-alert,Under investigation: CDSCO spurious-drug table (SEP-2025) lists manufacturer as 'Under Investigation' with re…,2025-09,https://medicaldialogues.in/news/industry/pharma/cdsco-flags-besto-cof-cough-syrup-as-spurious-raipur-drug-lab-claims-batch-not-made-by-listed-firm-157457
"Maitri Pharmaceuticals / Maitri Pharma, Sadashiv Peth, Pune",Maitri Pharmaceuticals / Maitri Pharma (persons not named),"accused firm, Vishrambaug FIR; stocked/sold the spurious Alburel batch sampled 2025-07-28","Sadashiv Peth, Pune",MH-2026-04-nagpur-alburel-albumin,Market Yard case: Ritesh Rohidas Thombre and Mohd. Danish Khan detained 2025-09-16 and remanded to five days'…,2026-04-25,https://www.mypunepulse.com/pune-gangadham-area-medical-store-caught-for-selling-fake-alburel-injections-worth-%E2%82%B94-5-lakh-by-fda/
Ajay Pharma (180 vials sold; 291 returned),person not reported,,"Delhi (Bhagirath Palace, Chandni Chowk) and Kanpu…",DL-UP-2026-09-bhagirath-palace-vs-pharmaceuticals-fake-abhayrab,"FIR lodged at Collectorganj PS against three accused (Baljit Kaur, Rajinder Singh, Tarandeep Singh); both Kan…",2026-09-22,https://www.etvbharat.com/en/state/delhi-fake-drug-racket-busted-481-counterfeit-rabies-vaccine-units-worth-rs-2-lakh-seized-from-bhagirath-palace-enn26092301276
"Akshaya Pharma, Sadashiv Peth, Pune (retailer; samples collected 2025-10-16)",Akshay Hasmukh Punia,medical shop owner (sample collection point),"Sadashiv Peth, Pune",MH-2026-pune-chymoral-forte,8 booked; report says distributors and medical shop owners from Pune and accused persons from Uttar Pradesh a…,2025-12-12,https://www.freepressjournal.in/amp/pune/pune-8-booked-for-supplying-fake-medicines-fda-seizes-275-lakh-stock
Akums,person not reported,,West Bengal; national,CDSCO-2026-04-alert,Under investigation (unverified - all sources unreachable on 2026-10-07: medicaldialogues.in and cdsco.gov.in…,2026-04,https://medicaldialogues.in/news/industry/pharma/cdsco-flags-ursodeoxycholic-acid-tablets-batch-as-purportedly-spurious-171268
"Alembic Pharmaceuticals Ltd. (azithromycin 500 mg, Assam lab)",person not reported,,New Delhi (DTL Delhi); Kolkata (CDL); Baddi / Nal…,CDSCO-2026-08-alert,Under investigation (manufacturer of TELMA AM batch 18230791 listed as 'Under Investigation'; CDSCO: matter '…,2026-09-22,https://aninews.in/news/national/general-news/central-drugs-laboratories-flags-220-drug-samples-as-nsq-in-august-one-spurious-drug-identified-in-delhi20260922093319/
"Alembic Pharmaceuticals Ltd., Samardung Basti, Karek Block, Namthang Ilaka, Namchi, Sikkim-737126 (label, Aug…",person not reported,,"Guwahati (State Drugs Testing Laboratory, Assam;…",AS-2026-04-sdtl-assam-aristo-alkem-mankind-spurious,CDSCO remark on the spurious-tab entries (B95Y032 Apr-2026; GTG2220A Feb-2026): 'The product is purported to…,2026-04,https://cdscoonline.gov.in/CDSCO/filteredNsqDrugTable?month=Apr-2026&source=All&tab=nsq
"Alencure Biotech, Kala Amb (amoxicillin capsule 82.7% assay)",person not reported,,Kolkata (CDL); New Delhi (CDSCO),CDSCO-2026-07-alert,July 2026 alert (published 21 Aug 2026): 40 samples NSQ by CDSCO central labs; state-lab count reported diffe…,2026-08-21,https://www.etvbharat.com/en/bharat/cdsco-flags-280-drug-samples-as-nsq-or-spurious-in-july-enn26082107816
"Alexa Pharmaceuticals, Plot No-20 Ext HPSSIDC, Ind Area, Baddi, Distt Solan (HP)-173205 - Dec-2025",person not reported,,Bhubaneswar (State Drugs Testing & Research Labor…,OD-2025-2026-sdtrl-bhubaneswar-nsq-roundup,51 NSQ batches reported by the Odisha state lab (SDT&RL/SFTRL Bhubaneswar) in the CDSCO monthly tables Oct-20…,2025-10 to 2026-08,https://cdscoonline.gov.in/CDSCO/filteredNsqDrugTable?month=Oct-2025&source=All&tab=nsq
Alkem,person not reported,,UP/Chandigarh; national,CDSCO-2025-11-alert,Under investigation (as per original record; could not be re-verified on 2026-10-07 - all source fetches bloc…,2025-11,https://medicaldialogues.in/news/industry/pharma/cdsco-flags-popular-pantoprazole-telmisartan-batches-as-spurious-in-november-alert-161144
"Alkem (brand owner of PAN 40 / PAN-D - per original record, not re-verified)",person not reported,,"not reported (samples drawn by Drugs Inspector, B…",CDSCO-2025-08-alert,"Under investigation (per original record; NOT re-verified in this session - every source URL, its AMP/alterna…",2025-08,https://www.business-standard.com/industry/news/cdsco-spurious-drugs-nsq-august-2025-125091900835_1.html
"Alkem Health Science (cefixime, Assam lab)",person not reported,,New Delhi (DTL Delhi); Kolkata (CDL); Baddi / Nal…,CDSCO-2026-08-alert,Under investigation (manufacturer of TELMA AM batch 18230791 listed as 'Under Investigation'; CDSCO: matter '…,2026-09-22,https://aninews.in/news/national/general-news/central-drugs-laboratories-flags-220-drug-samples-as-nsq-in-august-one-spurious-drug-identified-in-delhi20260922093319/
"Alkem Health Science, A unit of Alkem Labolatories, Unit-2, Samardung, Karek Block, P.O Namthang, Dist- Namch…",person not reported,,"Patna (Bihar Drugs Control Laboratory, BDCL); New…",CDSCO-2025-10-alert,"All 5 batches: CDSCO remark 'The product is purported to be spurious, however, the same is subject to outcome…",2025-10,https://medicaldialogues.in/news/industry/pharma/cdsco/cdsco-flags-5-batches-of-widely-used-drugs-including-azithral-500-telma-am-as-potentially-spurious-159434
"Alkem Health Science, A Unit of Alkem Laboratories Limited Unit-2, Samardung, Karek Block, Namthang, Namchi (…",person not reported,,"Baddi, Kala Amb, Paonta Sahib, Roorkee, Haridwar",CDSCO-2025-2026-synthesis-repeat-offenders,Ongoing investigations (CDSCO remark on every spurious entry: 'subject to outcome of investigation'). July-20…,2026-09,https://thehealthmaster.com/drug-alert-nsq-drugs-lists/
"Alkem Health Science, A Unit of Alkem Laboratories Limited Unit-2, Samardung, Karek Block, P.O.- Namthang, Di…",person not reported,,"Guwahati (State Drugs Testing Laboratory, Assam;…",AS-2026-04-sdtl-assam-aristo-alkem-mankind-spurious,CDSCO remark on the spurious-tab entries (B95Y032 Apr-2026; GTG2220A Feb-2026): 'The product is purported to…,2026-04,https://cdscoonline.gov.in/CDSCO/filteredNsqDrugTable?month=Apr-2026&source=All&tab=nsq
"Alkem Health Science, A Unit of Alkem Laboratories Limited Unit-2, Samardung, Karek Block, P.O.- Namthang, Di…",person not reported,,Multiple,CDSCO-2025-2026-other-brand-copy-batches-spurious-tab,Under investigation per CDSCO: every Spurious-tab row carries the remark 'The product is purported to be spur…,2025-01 to 2026-07,https://cdscoonline.gov.in/CDSCO/filteredSpuriousDrugTable?month=Oct-2025&source=All&tab=spurious
"Alkem Health Science, A unit of Alkem Laboratories Limited, Unit-2, Samardung, Karek Block, P.O. Namthang, Di…",person not reported,,"Multiple (Bihar - Drugs Inspector, Bihar and BDCL…",BRAND-Alkem-PAN-Clavam-TaximO-counterfeit-batches-CDSCO-2025-2026,"ongoing: CDSCO remark on each spurious row is 'The product is purported to be spurious, however, the same is…",2025-06 to 2026-04,https://cdscoonline.gov.in/CDSCO/filteredSpuriousDrugTable?month=Jun-2025&source=All&tab=spurious
"Alkem Health Sciences, A Unit of Alkem Laboratories Ltd., Unit-2, Samardung, Kaerk/Karek Block, P.O. Namthang…",person not reported,,"Label addresses: Gowahati/Guwahati (Assam), Namch…",AS-2026-07-assam-sikkim-brand-batches-flagged-lucknow-lab-identification-failures,All seven batches appear on CDSCO's public NSQ table for JUL-2026 (reporting source 'State Lab'); none of the…,2026-07,https://cdscoonline.gov.in/CDSCO/viewPublicNSQDrug
"Alkem Health Sciences, A Unit of Alkem Laboratories Ltd., Unit-3, Samardung, Kaerk Block, P.O. Namthang, Dist…",person not reported,,"Label addresses: Gowahati/Guwahati (Assam), Namch…",AS-2026-07-assam-sikkim-brand-batches-flagged-lucknow-lab-identification-failures,All seven batches appear on CDSCO's public NSQ table for JUL-2026 (reporting source 'State Lab'); none of the…,2026-07,https://cdscoonline.gov.in/CDSCO/viewPublicNSQDrug
"Alkem Laboratories LTD, 16-17, EPIP SIDCO, Kartholi, Bari Brahmana, Jammu 181133",person not reported,,Kathua and Srinagar (Modern Drug Testing Laborato…,JK-2025-2026-kathua-srinagar-nsq-roundup-hospital-injectables,"NSQ declarations in CDSCO monthly alerts; one SPURIOUS declaration (R Zara-DSR Capsules, Apr-2026, MDTL Kathu…",2025-05 to 2026-08,https://cdscoonline.gov.in/CDSCO/filteredNsqDrugTable?month=May-2025&source=All&tab=nsq
"Althea Pharma Pvt. Ltd., Nani Daman (Metronidazole Infusion B.P. 0.5% L04A032607, NSQ sterility)",person not reported,,Kolkata (CDL); New Delhi (CDSCO),CDSCO-2026-07-alert,July 2026 alert (published 21 Aug 2026): 40 samples NSQ by CDSCO central labs; state-lab count reported diffe…,2026-08-21,https://www.etvbharat.com/en/bharat/cdsco-flags-280-drug-samples-as-nsq-or-spurious-in-july-enn26082107816
"Samay Pharma India Pvt. Ltd. Plot No. 34-35, Industrial Area, Trilokpur Road, Kala Amb, District Sirmour, Him…",person not reported,,"Kathua (MDTL Kathua, state drug testing laborator…",JK-2026-04-mdtl-kathua-r-zara-dsr-spurious,Lab declaration published in CDSCO Apr-2026 alert (listed in the NSQ table with result marked SPURIOUS); no p…,2026-04,https://cdscoonline.gov.in/CDSCO/filteredNsqDrugTable?month=Apr-2026&source=All&tab=nsq
"Samay Pharma India Pvt. Ltd. Plot No. 34-35, Industrial Area, Trilokpur Road, Kala Amb, District Sirmour, Him…",person not reported,,Multiple,CDSCO-2025-2026-other-brand-copy-batches-spurious-tab,Under investigation per CDSCO: every Spurious-tab row carries the remark 'The product is purported to be spur…,2025-01 to 2026-07,https://cdscoonline.gov.in/CDSCO/filteredSpuriousDrugTable?month=Oct-2025&source=All&tab=spurious
"Samay Pharma India Pvt. Ltd., Kala Amb, Sirmour HP (R-Zara DSR Capsules SC-08656, zero API)",person not reported,,Kolkata (CDL); New Delhi (CDSCO),CDSCO-2026-07-alert,July 2026 alert (published 21 Aug 2026): 40 samples NSQ by CDSCO central labs; state-lab count reported diffe…,2026-08-21,https://www.etvbharat.com/en/bharat/cdsco-flags-280-drug-samples-as-nsq-or-spurious-in-july-enn26082107816
"Samay Pharma India Pvt. Ltd., Plot No. 34-35, Industrial Area, Trilokpur Road, Kala Amb, District Sirmour, HP…",person not reported,,Kathua and Srinagar (Modern Drug Testing Laborato…,JK-2025-2026-kathua-srinagar-nsq-roundup-hospital-injectables,"NSQ declarations in CDSCO monthly alerts; one SPURIOUS declaration (R Zara-DSR Capsules, Apr-2026, MDTL Kathu…",2025-05 to 2026-08,https://cdscoonline.gov.in/CDSCO/filteredNsqDrugTable?month=May-2025&source=All&tab=nsq
"Samay Pharma India Pvt. Ltd., Plot No. 34-35, Industrial Area, Trilokpur Road, Kala Amb, Sirmour (HP) - R Zar…",person not reported,,"Baddi, Kala Amb, Paonta Sahib, Roorkee, Haridwar",CDSCO-2025-2026-synthesis-repeat-offenders,Ongoing investigations (CDSCO remark on every spurious entry: 'subject to outcome of investigation'). July-20…,2026-09,https://thehealthmaster.com/drug-alert-nsq-drugs-lists/
"Amba research Laboratories, Road No.-21, Rajiv Nagar, Patna-24",person not reported,,"Patna, Hajipur (Hazipur), Barauni, Muzaffarpur, F…",BR-2025-2026-bihar-manufacturers-nsq-injectables-syrups,"NSQ declarations only (plus two SPURIOUS declarations against New Lab Industry, Patna, Jan-2025); licence act…",2025-01 to 2026-06,https://cdscoonline.gov.in/CDSCO/filteredNsqDrugTable?month=Jan-2025&source=All&tab=nsq
"Amex Pharma, Telangana - product ban (18 months)",person not reported,,Jaipur (RMSC HQ),RJ-2025-11-rmscl-7-firms-40-drugs-blacklist,7 firms debarred in FY2025-26 (5 for five years for supplying substandard/adulterated medicines; 2 for three…,2025-11-20,https://medicaldialogues.in/news/industry/pharma/rajasthan-medical-services-corp-bans-7-pharma-firms-40-drugs-over-quality-concerns-159266
"M/s. Amico Formulation LLP, Vadodara (manufacturer of Tapentadol Hydrochloride; manufacturing licence suspend…",person not reported,,"Ahmedabad, Vadodara, Savli, Ankleshwar",GJ-2026-05-fdca-coordinated-raids,Amico Formulation LLP manufacturing licence suspended with immediate effect; M/s AEDMAX Lifecare licence susp…,2026-05,https://english.gujaratsamachar.com/news/gujarat/1-21-cr-rs-worth-suspicious-drugs-seized-from-ahmedabad-pharma-unit-93573142389.html
"Amman Pharma, Puducherry (Vivek Venkatesan)",E. Anandakirouchenane,Puducherry Drugs Inspector suspended 2026-07-26 pending disciplinary proceedings after mu…,Puducherry,PY-2025-11-medinoc-raja-lupin-counterfeit-cbi,"CBI investigation ongoing. Original case: 26 persons (incl. 4 women) arrested by Puducherry police/SIT, inclu…",2025-11-12,https://medicaldialogues.in/news/industry/pharma/counterfeit-drug-racket-using-lupin-brand-busted-in-puducherry-fir-filed-160639
"Amman Pharma, Puducherry (Vivek Venkatesan)","N. Raja (alias Valliappan, alias Rajasekhar)","main accused / kingpin; businessman of Reddiarpalayam, Puducherry (native of Sivaganga di…","Reddiarpalayam, Puducherry",PY-2025-11-medinoc-raja-lupin-counterfeit-cbi,"CBI investigation ongoing. Original case: 26 persons (incl. 4 women) arrested by Puducherry police/SIT, inclu…",2025-11-12,https://medicaldialogues.in/news/industry/pharma/counterfeit-drug-racket-using-lupin-brand-busted-in-puducherry-fir-filed-160639
"Amman Pharma, Puducherry (Vivek Venkatesan)",Vivek Venkatesan (Vivek),associate of Raja; arrested earlier in fake Lupin medicines case and bailed by Puducherry…,Puducherry,PY-2025-11-medinoc-raja-lupin-counterfeit-cbi,"CBI investigation ongoing. Original case: 26 persons (incl. 4 women) arrested by Puducherry police/SIT, inclu…",2025-11-12,https://medicaldialogues.in/news/industry/pharma/counterfeit-drug-racket-using-lupin-brand-busted-in-puducherry-fir-filed-160639
"Amster Labs Unit-II, Hilltop Ind. Estate, Vill. Bhatauli Kalan, Baddi, Dist. Solan (HP) - Mar-2026",person not reported,,Bhubaneswar (State Drugs Testing & Research Labor…,OD-2025-2026-sdtrl-bhubaneswar-nsq-roundup,51 NSQ batches reported by the Odisha state lab (SDT&RL/SFTRL Bhubaneswar) in the CDSCO monthly tables Oct-20…,2025-10 to 2026-08,https://cdscoonline.gov.in/CDSCO/filteredNsqDrugTable?month=Oct-2025&source=All&tab=nsq
"Manali Petrochemicals Limited (MPCL), Manali, Chennai (genuine manufacturer whose drums/brand were counterfei…",person not reported,,"Faridabad (Plot No. 910, Sector-69, IMT)",HR-2026-08-faridabad-kokana-propylene-glycol,"Manager Parveen arrested under Drugs and Cosmetics Act, 1940 and produced before court; director Navneet Jalo…",2026-07-28,https://www.pharmabiz.com/NewsDetails.aspx?aid=187637&sid=1
"Sanand Medical Store / Sanand Medical Stores, Sanand",person not reported,,Gandhinagar (statewide); counterfeit-drug raids i…,GJ-2026-09-fdca-50-licences,August 2026 action reviewed on 2 Sept 2026: sales licences of 50 drug firms cancelled; closure orders for two…,2026-09-02,https://bilkulonline.com/2026/09/02/gujarat-fdca-cancels-licences-of-50-drug-firms-seizes-42988-kg-of-suspected-food-products/
"Anand Medico's (spelt ""Ananda Medicos"" in the second Sentinel report), Sijubari, Hatigaon, Guwahati - sealed",person not reported,,"Guwahati (Sijubari, Hatigaon)",AS-2026-08-guwahati-hatigaon-sijubari-pharmacies-sealed,Two medicine shops sealed (Anand Medico's / Ananda Medicos and one other unlicensed pharmacy); department rec…,2026-08,https://www.sentinelassam.com/breakingnews/guwahati-drug-control-department-seals-two-pharmacies-during-surprise-inspection-hatigaon
Mancare Laboratories,person not reported,,West Bengal; national,CDSCO-2026-04-alert,Under investigation (unverified - all sources unreachable on 2026-10-07: medicaldialogues.in and cdsco.gov.in…,2026-04,https://medicaldialogues.in/news/industry/pharma/cdsco-flags-ursodeoxycholic-acid-tablets-batch-as-purportedly-spurious-171268
"Mancare Laboratories Pvt. Ltd., Pharmacity, Selaqui, Dehradun, Uttarakhand",person not reported,,"national (manufacturers in Himachal Pradesh, Guja…",CDSCO-2026-06-alert,Monthly NSQ/spurious alert for June 2026 published (reported 22 Jul 2026 and 31 Jul 2026). Officials said the…,2026-06,https://www.freepressjournal.in/mumbai/cdsco-flags-159-substandard-drug-samples-as-nsq-including-14-linked-to-maharashtra
"Mandkind Pharma Ltd. [sic, as printed by CDSCO], Doring Block, Bermiok Elaka, Dist. Namchi, Sikkim-737126 (la…",person not reported,,Multiple,CDSCO-2025-2026-other-brand-copy-batches-spurious-tab,Under investigation per CDSCO: every Spurious-tab row carries the remark 'The product is purported to be spur…,2025-01 to 2026-07,https://cdscoonline.gov.in/CDSCO/filteredSpuriousDrugTable?month=Oct-2025&source=All&tab=spurious
"M/s Angaras Ayurveda (Mid-Day spelling: Angras Ayurved), Wadegaon, Tiroda, Gondia",person not reported,,"Statewide (cancelled units in Pune, Baramati, Jej…",MH-2026-08-ayurvedic-gmp-crackdown,Manufacturing licences of 10 Ayurvedic drug units permanently cancelled; 135 other manufacturers issued show-…,2026-08-11,https://economictimes.com/industry/healthcare/biotech/healthcare/maharashtra-fda-cracks-down-on-ayurvedic-drug-makers-cancels-10-licences/articleshow/133169140.cms
"Manglam Pharma, near bus stand, Paonta Sahib, Sirmaur (licensed wholesale drug distribution premises; licence…",competent person under the licence (unnamed),taken into custody by inspecting officials along with the proprietor after failing to pro…,Paonta Sahib,HP-2025-07-paonta-manglam-pharma-api,Owner Kewal Krishan arrested (Sec 17(B) D&C Act); two more arrests by regulators in Uttarakhand; samples of b…,2025-07-03,https://medicaldialogues.in/news/industry/pharma/cdsco-himachal-drug-authority-bust-fake-drug-racket-in-paonta-sahib-151330
"Manglam Pharma, near bus stand, Paonta Sahib, Sirmaur (licensed wholesale drug distribution premises; licence…",Kewal Krishan,"owner/proprietor of the raided wholesale firm; arrested under Section 17(B), Drugs and Co…","near bus stand, Paonta Sahib, Sirmaur district, H…",HP-2025-07-paonta-manglam-pharma-api,Owner Kewal Krishan arrested (Sec 17(B) D&C Act); two more arrests by regulators in Uttarakhand; samples of b…,2025-07-03,https://medicaldialogues.in/news/industry/pharma/cdsco-himachal-drug-authority-bust-fake-drug-racket-in-paonta-sahib-151330
"M/s. Anglo-French Drugs & Industries Limited, Peenya Industrial Area, Bengaluru (label-claim manufacturer of…",person not reported,,West Bengal (per health ministry note quoted by B…,CDSCO-2025-03-alert,Under investigation. CDSCO spurious list (March 2025): 'Manufactured By: Under Investigation'; 'The product i…,2025-04-18,https://medicaldialogues.in/news/industry/pharma/drug-alert-70-drug-samples-fail-to-clear-cdsco-test-1-declared-spurious-147190
"Anglo-French Drugs & Industries Limited, Plot No-4, Phase-II, Peenya Industrial Area, Peenya, Bengaluru-560 0…",person not reported,,Multiple,CDSCO-2025-2026-other-brand-copy-batches-spurious-tab,Under investigation per CDSCO: every Spurious-tab row carries the remark 'The product is purported to be spur…,2025-01 to 2026-07,https://cdscoonline.gov.in/CDSCO/filteredSpuriousDrugTable?month=Oct-2025&source=All&tab=spurious
"Anglo-French Drugs & Industries Ltd, Plot No 4, Phase II, Peenya Industrial Area, Peenya Bengaluru- 560058 -…",person not reported,,"Patna (Bihar Drugs Control Laboratory, BDCL); New…",CDSCO-2025-10-alert,"All 5 batches: CDSCO remark 'The product is purported to be spurious, however, the same is subject to outcome…",2025-10,https://medicaldialogues.in/news/industry/pharma/cdsco/cdsco-flags-5-batches-of-widely-used-drugs-including-azithral-500-telma-am-as-potentially-spurious-159434
"Sanjeevani Medical, Gandhidham",person not reported,,Gandhinagar (statewide); counterfeit-drug raids i…,GJ-2026-09-fdca-50-licences,August 2026 action reviewed on 2 Sept 2026: sales licences of 50 drug firms cancelled; closure orders for two…,2026-09-02,https://bilkulonline.com/2026/09/02/gujarat-fdca-cancels-licences-of-50-drug-firms-seizes-42988-kg-of-suspected-food-products/
"Mankind Pharma, Namchi Sikkim",person not reported,,UP/Chandigarh; national,CDSCO-2025-11-alert,Under investigation (as per original record; could not be re-verified on 2026-10-07 - all source fetches bloc…,2025-11,https://medicaldialogues.in/news/industry/pharma/cdsco-flags-popular-pantoprazole-telmisartan-batches-as-spurious-in-november-alert-161144
"Sano-Cito Therapeutics Inc., Vill. Loharan, Solan (H.P.)",person not reported,,"national (manufacturers in Himachal Pradesh, Guja…",CDSCO-2026-06-alert,Monthly NSQ/spurious alert for June 2026 published (reported 22 Jul 2026 and 31 Jul 2026). Officials said the…,2026-06,https://www.freepressjournal.in/mumbai/cdsco-flags-159-substandard-drug-samples-as-nsq-including-14-linked-to-maharashtra
"Sanofi India Ltd., Tarapur (Maharashtra) - named by ETV Bharat only; not found in current CDSCO portal March-…",person not reported,,Kolkata (CDL),CDSCO-2026-03-alert,"Ongoing investigation. CDSCO portal remark: 'The product is purported to be spurious, however, the same is su…",2026-03,https://medicaldialogues.in/news/industry/pharma/cdsco/suspected-spurious-buprenorphine-injection-batch-under-scanner-cdsco-launches-investigation-169200
Manufacturer listed as 'Under Investigation' for all three batches; vendors/distributors not published (per o…,person not reported,,"not reported (samples drawn by Drugs Inspector, B…",CDSCO-2025-08-alert,"Under investigation (per original record; NOT re-verified in this session - every source URL, its AMP/alterna…",2025-08,https://www.business-standard.com/industry/news/cdsco-spurious-drugs-nsq-august-2025-125091900835_1.html
Manufacturer Name / Manufactured By listed as 'Under Investigation' for all 4 batches (CDSCO portal); label-c…,person not reported,,New Delhi (CDSCO HQ); Kolkata / Guwahati (reporti…,CDSCO-2026-02-alert,"Ongoing investigation. All 4 Feb-2026 entries carry CDSCO remark: 'The product is purported to be spurious, h…",2026-02,https://medicaldialogues.in/news/industry/pharma/cdsco/cdsco-flags-4-drug-batches-as-suspected-spurious-in-february-2026-alert-167128
"Manufacturer of the 4 June-2025 spurious batches (Taxim-O 200, Thrombophob, Rosuvas F 10, Rosuvas F 20) and t…",person not reported,,not reported (CDSCO rows give only the reporting…,CDSCO-2025-06-alert,"CDSCO remark on every spurious row: 'The product is purported to be spurious, however, the same is subject to…",2025-06,https://medicaldialogues.in/news/industry/pharma/cdsco/cdsco-flags-55-substandard-4-spurious-drugs-in-june-batch-alert-full-list-inside-152088
Manufacturer of the 5 spurious batches: 'Under Investigation' (label-claim firms not named on CDSCO page),person not reported,,"Patna (Bihar Drugs Control Laboratory, BDCL); New…",CDSCO-2025-10-alert,"All 5 batches: CDSCO remark 'The product is purported to be spurious, however, the same is subject to outcome…",2025-10,https://medicaldialogues.in/news/industry/pharma/cdsco/cdsco-flags-5-batches-of-widely-used-drugs-including-azithral-500-telma-am-as-potentially-spurious-159434
manufacturers of the 8 analytically-failed (NSQ) batches not named,person not reported,,New Delhi,DL-2026-09-rml-hospital-recall,"10 batches recalled via four hospital notices (7-14 Sep 2026): 8 failed analytical testing (NSQ), 2 found as…",2026-09-14,https://www.business-standard.com/india-news/rml-hospital-recalls-10-drug-batches-quality-failures-defects-126100200404_1.html
"manufacturers/marketers not disclosed (DCGI letter refers only to ""certain manufacturers"")",person not reported,,New Delhi,CENTRAL-2026-08-enclomiphene-crackdown,"DCGI letter directs state drug regulators to immediately identify manufacturers, marketers, distributors and…",2026-08-12,https://pharma.economictimes.indiatimes.com/news/regulatory-update/centre-flags-circulation-of-unapproved-infertility-drug-asks-states-to-step-up-enforcement/133177598
"Apex Formulation, Khasra No. 49/6, Nayagaon, District Sirmour (HP) - labelled maker of Amoxycillin and Potass…",person not reported,,"Baddi, Kala Amb, Paonta Sahib, Roorkee, Haridwar",CDSCO-2025-2026-synthesis-repeat-offenders,Ongoing investigations (CDSCO remark on every spurious entry: 'subject to outcome of investigation'). July-20…,2026-09,https://thehealthmaster.com/drug-alert-nsq-drugs-lists/
"Apex Formulation, Khasra No. 49/6, Nayagaon, District Sirmour, 173001 (Amoxycillin and Potassium Clavulanate…",person not reported,,Multiple,CDSCO-2025-2026-other-brand-copy-batches-spurious-tab,Under investigation per CDSCO: every Spurious-tab row carries the remark 'The product is purported to be spur…,2025-01 to 2026-07,https://cdscoonline.gov.in/CDSCO/filteredSpuriousDrugTable?month=Oct-2025&source=All&tab=spurious
"Apex Formulation, Khasra No. 49/6, Nayagaon, District Sirmour, 173001 (HP) (label-claim manufacturer of Amox-…",person not reported,,Patna (BDCL); Kolkata (CDL),CDSCO-2026-05-alert,"Under investigation. CDSCO remarks on both CDL Kolkata batches: 'The product is purported to be spurious, how…",2026-05,https://medicaldialogues.in/news/industry/pharma/cdsco/cdsco-probes-two-suspected-spurious-antibiotic-batches-of-cefixime-amoxycillin-clavulanate-175635
"Apex Formulations, Khasra No 49/6, Nayagaon, Dist- Sirmaur, Himachal Pradesh- 173001 - label firm of A Cipex-…",person not reported,,"Patna (Bihar Drugs Control Laboratory, BDCL); New…",CDSCO-2025-10-alert,"All 5 batches: CDSCO remark 'The product is purported to be spurious, however, the same is subject to outcome…",2025-10,https://medicaldialogues.in/news/industry/pharma/cdsco/cdsco-flags-5-batches-of-widely-used-drugs-including-azithral-500-telma-am-as-potentially-spurious-159434
"Apex Pharma Agency / Apex Pharma, Bhavnagar",person not reported,,Gandhinagar (statewide); counterfeit-drug raids i…,GJ-2026-09-fdca-50-licences,August 2026 action reviewed on 2 Sept 2026: sales licences of 50 drug firms cancelled; closure orders for two…,2026-09-02,https://bilkulonline.com/2026/09/02/gujarat-fdca-cancels-licences-of-50-drug-firms-seizes-42988-kg-of-suspected-food-products/
"APL Pharma, Plot No. H1/13(D), RIICO Industrial Area, Kaharani, Bhiwadi, Tehsil Tapukara, District Khairthal-…","Akhilesh P Maurya (Akhilesh Kumar Parasnath Maurya, 41)","arrested accused; resident of Tapukara, Rajasthan (DeshGujarat says all three are UP resi…","Tapukara, Rajasthan",RJ-2026-bhiwadi-apl-pharma-ats,"3 arrested on the spot (Anshul Shastri, Akhilesh Maurya, Krishna Yadav); 3 labourers also apprehended/detaine…",2025-12-28,https://www.deccanherald.com/india/gujarat/three-held-as-gujarat-ats-busts-illegal-drug-factory-in-rajasthan-3845392
"APL Pharma, Plot No. H1/13(D), RIICO Industrial Area, Kaharani, Bhiwadi, Tehsil Tapukara, District Khairthal-…","Anshul A Shastri (Anshul Anilkumar Shastri, 40)","arrested accused; resident of Agra, Uttar Pradesh","Agra, Uttar Pradesh",RJ-2026-bhiwadi-apl-pharma-ats,"3 arrested on the spot (Anshul Shastri, Akhilesh Maurya, Krishna Yadav); 3 labourers also apprehended/detaine…",2025-12-28,https://www.deccanherald.com/india/gujarat/three-held-as-gujarat-ats-busts-illegal-drug-factory-in-rajasthan-3845392
"APL Pharma, Plot No. H1/13(D), RIICO Industrial Area, Kaharani, Bhiwadi, Tehsil Tapukara, District Khairthal-…","Krishna S Yadav (Krishna Kumar Shrei Yadav, 33)","arrested accused; resident of Tapukara, Rajasthan (DeshGujarat says all three are UP resi…","Tapukara, Rajasthan",RJ-2026-bhiwadi-apl-pharma-ats,"3 arrested on the spot (Anshul Shastri, Akhilesh Maurya, Krishna Yadav); 3 labourers also apprehended/detaine…",2025-12-28,https://www.deccanherald.com/india/gujarat/three-held-as-gujarat-ats-busts-illegal-drug-factory-in-rajasthan-3845392
"M/s Apna Medical Store, Parasia, Chhindwara (proprietor Jyoti Soni) - dispensed Coldrif to victims",Jyoti Soni,"Proprietor of M/s Apna Medical Store, Parasia, from where Coldrif was sold to victims; wi…","Parasia, Chhindwara",TN-MP-2025-10-coldrif-sresan-deg,"Seven arrested: G. Ranganathan (owner, arrested 8-9 Oct 2025 at Chennai by MP SIT, Rs 20,000 reward had been…",2025-10-04,https://medicaldialogues.in/news/industry/pharma/sresan-pharmas-coldrif-syrup-banned-after-486-toxic-diethylene-glycol-detected-156353
"M/s Apna Medical Store, Parasia, Chhindwara (proprietor Jyoti Soni) - dispensed Coldrif to victims",Sourabh Jain,Licensed pharmacist at M/s Apna Medical Store; dispensed Coldrif instead of prescribed Ne…,"Parasia, Chhindwara",TN-MP-2025-10-coldrif-sresan-deg,"Seven arrested: G. Ranganathan (owner, arrested 8-9 Oct 2025 at Chennai by MP SIT, Rs 20,000 reward had been…",2025-10-04,https://medicaldialogues.in/news/industry/pharma/sresan-pharmas-coldrif-syrup-banned-after-486-toxic-diethylene-glycol-detected-156353
"Apollo Pharmacy, Aminabad, Lucknow (earlier FIR, as named by Jagran)",person not reported,,"Lucknow (Aminabad, Alambagh, Bakshi Ka Talab, Kai…",UP-2026-08-fsda-multi-district,"ongoing. Lucknow: 7 FIRs against 32 persons, 2 arrests; Agra: 9 FIRs, 2 arrests; Varanasi: surgical shop oper…",2026-08-19,https://www.etvbharat.com/hi/state/illegal-medicines-worth-5-dot-43-crore-seized-in-four-districts-of-uttar-pradesh-ups26081906919
"Aprazer Healthcare Pvt. Ltd., Barotiwala, Distt. Solan, Himachal Pradesh",person not reported,,"national (manufacturers in Himachal Pradesh, Guja…",CDSCO-2026-06-alert,Monthly NSQ/spurious alert for June 2026 published (reported 22 Jul 2026 and 31 Jul 2026). Officials said the…,2026-06,https://www.freepressjournal.in/mumbai/cdsco-flags-159-substandard-drug-samples-as-nsq-including-14-linked-to-maharashtra
"Saraswati Medical Store, Sarangarh (Sarangarh-Bilaigarh district) - Khemraj Bani",Khemraj Bani (also spelt Khemram Bani / Khemraam Bani),"medical store operator, accused in fake-medicine case; met Netam with his wife at Ten Caf…","Sarangarh, Sarangarh-Bilaigarh district",CG-2026-02-adc-netam-suspended,Sanjay Kumar Netam suspended with immediate effect (order reported 11-Feb-2026); headquarters during suspensi…,2026-02-11,https://drugscontrol.org/news-detail.php?newsid=44253
"Saraswati Medical Store, Sarangarh (Sarangarh-Bilaigarh), Chhattisgarh - retailer/illegal storage",Khemraj Bani (reported by Amar Ujala and 4thnation as Khemram Kesarwa…,operator of medical store; house used as illegal godown; arrested in Raipur on Monday 13…,"Sarangarh, Sarangarh-Bilaigarh district, Chhattis…",CG-2025-12-counterfeit-kingpin,"Dec 2025: consignment seized at Nagpur Golden Transport, Gogaon, Raipur; State Drug Testing Laboratory, Kalib…",2025-12,https://drugscontrol.org/news-detail.php?newsid=43876
"MARC LIFESCIENCES, Khasra No-25,36,409,410 Vill-Julanglay, Block L, Maneydara Namthang, Distt-Namchi South Si…",person not reported,,Bhubaneswar (State Drugs Testing & Research Labor…,OD-2025-2026-sdtrl-bhubaneswar-nsq-roundup,51 NSQ batches reported by the Odisha state lab (SDT&RL/SFTRL Bhubaneswar) in the CDSCO monthly tables Oct-20…,2025-10 to 2026-08,https://cdscoonline.gov.in/CDSCO/filteredNsqDrugTable?month=Oct-2025&source=All&tab=nsq
"Arco Lifesciences (NSQ, genuine manufacturer)",person not reported,,West Bengal (CDL Kolkata and West Bengal State La…,CDSCO-2026-01-alert,Under investigation: all three spurious batches carry the CDSCO remark 'The product is purported to be spurio…,2026-01,https://medicaldialogues.in/news/industry/pharma/azithromycin-ofloxacin-combos-among-3-drug-batches-flagged-as-purportedly-spurious-by-cdsco-165368
"Arcon Labs, Plot No-100, DIC Industrial Area, Baddi, Dist-Solan Himachal Pradesh, 173205 - SINDOL 650 (NSQ, B…",person not reported,,"Patna (Bihar Drugs Control Laboratory, BDCL); New…",CDSCO-2025-10-alert,"All 5 batches: CDSCO remark 'The product is purported to be spurious, however, the same is subject to outcome…",2025-10,https://medicaldialogues.in/news/industry/pharma/cdsco/cdsco-flags-5-batches-of-widely-used-drugs-including-azithral-500-telma-am-as-potentially-spurious-159434
"Arcon Labs, Plot No. 100, DIC, Industrial Area Baddi, Distt. Solan (HP) 173205 - Jun-2026",person not reported,,Bhubaneswar (State Drugs Testing & Research Labor…,OD-2025-2026-sdtrl-bhubaneswar-nsq-roundup,51 NSQ batches reported by the Odisha state lab (SDT&RL/SFTRL Bhubaneswar) in the CDSCO monthly tables Oct-20…,2025-10 to 2026-08,https://cdscoonline.gov.in/CDSCO/filteredNsqDrugTable?month=Oct-2025&source=All&tab=nsq
Marg software distributor,Abid Ali (आबिद अली),Marg software distributor; booked in earlier Aminabad FIR with 8 firms for billing-softwa…,Lucknow,UP-2026-08-fsda-multi-district,"ongoing. Lucknow: 7 FIRs against 32 persons, 2 arrests; Agra: 9 FIRs, 2 arrests; Varanasi: surgical shop oper…",2026-08-19,https://www.etvbharat.com/hi/state/illegal-medicines-worth-5-dot-43-crore-seized-in-four-districts-of-uttar-pradesh-ups26081906919
"Argus Medical Distributor, Sadashiv Peth, Pune (distributor)",Amrit Bastimal Jain,distributor,"Sadashiv Peth, Pune",MH-2026-pune-chymoral-forte,8 booked; report says distributors and medical shop owners from Pune and accused persons from Uttar Pradesh a…,2025-12-12,https://www.freepressjournal.in/amp/pune/pune-8-booked-for-supplying-fake-medicines-fda-seizes-275-lakh-stock
"Argus Medical Distributor, Sadashiv Peth, Pune (distributor)",Manish Amrut Jain,distributor,"Sadashiv Peth, Pune",MH-2026-pune-chymoral-forte,8 booked; report says distributors and medical shop owners from Pune and accused persons from Uttar Pradesh a…,2025-12-12,https://www.freepressjournal.in/amp/pune/pune-8-booked-for-supplying-fake-medicines-fda-seizes-275-lakh-stock
M/s Arian Healthcare (spelt 'Arien' by IANS/NewsGram and 'Aryen (Arien)' by Medical Dialogues) - 5-year debar…,person not reported,,Jaipur (RMSC HQ),RJ-2025-11-rmscl-7-firms-40-drugs-blacklist,7 firms debarred in FY2025-26 (5 for five years for supplying substandard/adulterated medicines; 2 for three…,2025-11-20,https://medicaldialogues.in/news/industry/pharma/rajasthan-medical-services-corp-bans-7-pharma-firms-40-drugs-over-quality-concerns-159266
"Arihant Medical Agency, Satellite, Ahmedabad",person not reported,,Gandhinagar (statewide); counterfeit-drug raids i…,GJ-2026-09-fdca-50-licences,August 2026 action reviewed on 2 Sept 2026: sales licences of 50 drug firms cancelled; closure orders for two…,2026-09-02,https://bilkulonline.com/2026/09/02/gujarat-fdca-cancels-licences-of-50-drug-firms-seizes-42988-kg-of-suspected-food-products/
"Aristo Pharmaceuticals Private Ltd., Vill Makhnumajra, P.O. Bhud, Baddi, Dist. Solan (HP) - labelled maker of…",person not reported,,"Baddi, Kala Amb, Paonta Sahib, Roorkee, Haridwar",CDSCO-2025-2026-synthesis-repeat-offenders,Ongoing investigations (CDSCO remark on every spurious entry: 'subject to outcome of investigation'). July-20…,2026-09,https://thehealthmaster.com/drug-alert-nsq-drugs-lists/
"Aristo Pharmaceuticals Private Ltd., Vill Makhnumajra, P.O.- Bhud, Baddi, Dist. Solan (H.P.) -173205 (label c…",person not reported,,Multiple,CDSCO-2025-2026-other-brand-copy-batches-spurious-tab,Under investigation per CDSCO: every Spurious-tab row carries the remark 'The product is purported to be spur…,2025-01 to 2026-07,https://cdscoonline.gov.in/CDSCO/filteredSpuriousDrugTable?month=Oct-2025&source=All&tab=spurious
"ARISTO Pharmaceuticals Pvt. Ltd. Plot Nos. 2040-46, N.H. 10, Baghey Khola, P.O. Majhitar, East-Sikkim-737136…",person not reported,,Multiple,CDSCO-2025-2026-other-brand-copy-batches-spurious-tab,Under investigation per CDSCO: every Spurious-tab row carries the remark 'The product is purported to be spur…,2025-01 to 2026-07,https://cdscoonline.gov.in/CDSCO/filteredSpuriousDrugTable?month=Oct-2025&source=All&tab=spurious
"Aristo Pharmaceuticals Pvt. Ltd., Plot Nos-2040-46, NH. 10, Baghey Khola, P.O.- Majhitar, Sikkim-737136 (labe…",person not reported,,"Guwahati (State Drugs Testing Laboratory, Assam;…",AS-2026-04-sdtl-assam-aristo-alkem-mankind-spurious,CDSCO remark on the spurious-tab entries (B95Y032 Apr-2026; GTG2220A Feb-2026): 'The product is purported to…,2026-04,https://cdscoonline.gov.in/CDSCO/filteredNsqDrugTable?month=Apr-2026&source=All&tab=nsq
"Aristo Pharmaceuticals Pvt. Ltd., Plot Nos.: 2040-46, N.H. 10 Baghey Khola, P.O. Majhitar, East Sikkim-737136…",person not reported,,"Label addresses: Gowahati/Guwahati (Assam), Namch…",AS-2026-07-assam-sikkim-brand-batches-flagged-lucknow-lab-identification-failures,All seven batches appear on CDSCO's public NSQ table for JUL-2026 (reporting source 'State Lab'); none of the…,2026-07,https://cdscoonline.gov.in/CDSCO/viewPublicNSQDrug
Martin & Brown,person not reported,,West Bengal; national,CDSCO-2026-04-alert,Under investigation (unverified - all sources unreachable on 2026-10-07: medicaldialogues.in and cdsco.gov.in…,2026-04,https://medicaldialogues.in/news/industry/pharma/cdsco-flags-ursodeoxycholic-acid-tablets-batch-as-purportedly-spurious-171268
"Martin & Brown Bio-Sciences Pvt. Ltd., Baddi, Solan, HP",person not reported,,New Delhi (DTL Delhi); Kolkata (CDL); Baddi / Nal…,CDSCO-2026-08-alert,Under investigation (manufacturer of TELMA AM batch 18230791 listed as 'Under Investigation'; CDSCO: matter '…,2026-09-22,https://aninews.in/news/national/general-news/central-drugs-laboratories-flags-220-drug-samples-as-nsq-in-august-one-spurious-drug-identified-in-delhi20260922093319/
"M/s. Martin & Brown Bio-Sciences Pvt. Ltd., K. No. 918/419, Malkumajra, Nalagarh Road, Baddi, Distt. Solan (H…",person not reported,,national (CDSCO monthly alert; sampling location…,CDSCO-2025-02-alert,"Under investigation. CDSCO remark: 'The product is purported to be spurious, however, the same is subject to…",2025-02,https://medicaldialogues.in/news/industry/pharma/drug-alert-47-drug-samples-fail-to-clear-cdsco-test-1-declared-spurious-145785
"Martin & Brown Bio-Sciences Pvt. Ltd., K.No. 918/419, Malkumajra, Nalagarh Road, Baddi, Dist. Solan (HP) - mo…",person not reported,,"Baddi, Kala Amb, Paonta Sahib, Roorkee, Haridwar",CDSCO-2025-2026-synthesis-repeat-offenders,Ongoing investigations (CDSCO remark on every spurious entry: 'subject to outcome of investigation'). July-20…,2026-09,https://thehealthmaster.com/drug-alert-nsq-drugs-lists/
"Martin & Brown Bio-Sciences Pvt. Ltd., K.No.918/419, Malkumajra, Nalagarh Road, Baddi, Distt. Solan, HP-17320…",person not reported,,not reported (CDSCO rows give only the reporting…,CDSCO-2025-06-alert,"CDSCO remark on every spurious row: 'The product is purported to be spurious, however, the same is subject to…",2025-06,https://medicaldialogues.in/news/industry/pharma/cdsco/cdsco-flags-55-substandard-4-spurious-drugs-in-june-batch-alert-full-list-inside-152088
"Martin & Brown Bio-Sciences Pvt. Ltd., Malkumajra, Nalagarh Road, Baddi, Distt. Solan (H.P.) (NSQ, genuine ma…",person not reported,,West Bengal (CDL Kolkata and West Bengal State La…,CDSCO-2026-01-alert,Under investigation: all three spurious batches carry the CDSCO remark 'The product is purported to be spurio…,2026-01,https://medicaldialogues.in/news/industry/pharma/azithromycin-ofloxacin-combos-among-3-drug-batches-flagged-as-purportedly-spurious-by-cdsco-165368
"Martin & Brown Bio-Sciences Pvt.Ltd., K. No. 918/419, Malkumajra, Nalagarh Road, Baddi, Distt. Solan (H.P.) 1…",person not reported,,Kathua and Srinagar (Modern Drug Testing Laborato…,JK-2025-2026-kathua-srinagar-nsq-roundup-hospital-injectables,"NSQ declarations in CDSCO monthly alerts; one SPURIOUS declaration (R Zara-DSR Capsules, Apr-2026, MDTL Kathu…",2025-05 to 2026-08,https://cdscoonline.gov.in/CDSCO/filteredNsqDrugTable?month=May-2025&source=All&tab=nsq
"Arvind Pharma Distributors, SBI Colony, Kavadiguda, Hyderabad",Manish Kumar,"Partner-cum-Competent Person, Arvind Pharma Distributors","SBI Colony, Kavadiguda, Hyderabad",TS-2025-07-levipil-500-counterfeit-arvind-venu,2 arrested; prosecution ongoing,2025-07-04,https://medicaldialogues.in/amp/news/industry/pharma/counterfeit-version-of-sun-pharma-anti-epileptic-medicine-levipil-500-seized-in-telangana-151326
"Sarwan Medical Store, Bhindi Saidan village, Ajnala, Amritsar (retail chemist; licence cancelled)",Proprietor/store in-charge of Sarwan Medical Store (name not reported),proprietor / store in-charge; failed to produce purchase invoices or sale records and did…,"Bhindi Saidan village, Ajnala, Amritsar, Punjab",PB-2025-10-ajnala-sarwan-medical,"Retail drug licence cancelled with immediate effect by the Zonal Licensing Authority, FDA Amritsar (reported…",2025-10-06,https://www.tribuneindia.com/news/amritsar/drug-licence-of-ajnala-chemist-cancelled-over-violations/
"Askon Health Care, Maxi Road, Ujjain (M.P.)",person not reported,,"national (manufacturers in Himachal Pradesh, Guja…",CDSCO-2026-06-alert,Monthly NSQ/spurious alert for June 2026 published (reported 22 Jul 2026 and 31 Jul 2026). Officials said the…,2026-06,https://www.freepressjournal.in/mumbai/cdsco-flags-159-substandard-drug-samples-as-nsq-including-14-linked-to-maharashtra
"Assam Medical Services Corporation Limited, Guwahati, Assam (procurement body whose 2023 empanelment tender l…",person not reported,,Midnapore / Medinipur (Midnapore Medical College…,WB-2025-01-midnapore-paschim-banga-rl,Manufacturing stopped by West Bengal stop-manufacture order (date not stated on opened pages); Paschim Banga…,2025-01,"https://raw.githubusercontent.com/rumca-js/RSS-Link-Database-2025/357e79ba6f4d2e6f55b9b57d8e1deb4b4752dfff/2025/01/2025-01-11/https...timesofindia.indiatimes.com.rssfeedstopstories.cms_entries.md (OPENED; TOI RSS summary of https://timesofindia.indiatimes.com/city/kolkata/1-woman-dead-4-critical-after-childbirth-expired-saline-claim-kin/articleshow/117130075.cms, published 2025-01-11)"
"Associated Biopharma Pvt. Ltd., Khasra No 121 Min, 122 Min, Sidco Industrial Complex, Pandrar Ghatti, Nanan K…",person not reported,,Kathua and Srinagar (Modern Drug Testing Laborato…,JK-2025-2026-kathua-srinagar-nsq-roundup-hospital-injectables,"NSQ declarations in CDSCO monthly alerts; one SPURIOUS declaration (R Zara-DSR Capsules, Apr-2026, MDTL Kathu…",2025-05 to 2026-08,https://cdscoonline.gov.in/CDSCO/filteredNsqDrugTable?month=May-2025&source=All&tab=nsq
"Assure Health Care, Dariyapur, Ahmedabad",person not reported,,Gandhinagar (statewide); counterfeit-drug raids i…,GJ-2026-09-fdca-50-licences,August 2026 action reviewed on 2 Sept 2026: sales licences of 50 drug firms cancelled; closure orders for two…,2026-09-02,https://bilkulonline.com/2026/09/02/gujarat-fdca-cancels-licences-of-50-drug-firms-seizes-42988-kg-of-suspected-food-products/
"Astam Helathcare Pvt. Ltd. [sic, as printed], Vill-Theda, Teh-Nalagarh, Distt-174101 HP - Feb-2026",person not reported,,Bhubaneswar (State Drugs Testing & Research Labor…,OD-2025-2026-sdtrl-bhubaneswar-nsq-roundup,51 NSQ batches reported by the Odisha state lab (SDT&RL/SFTRL Bhubaneswar) in the CDSCO monthly tables Oct-20…,2025-10 to 2026-08,https://cdscoonline.gov.in/CDSCO/filteredNsqDrugTable?month=Oct-2025&source=All&tab=nsq
"Aster Medicines Pvt. Ltd., Plot No. E4 (Part), Industrial Area Phase II, Hazipur-844101 (Vaishali)",person not reported,,"Patna, Hajipur (Hazipur), Barauni, Muzaffarpur, F…",BR-2025-2026-bihar-manufacturers-nsq-injectables-syrups,"NSQ declarations only (plus two SPURIOUS declarations against New Lab Industry, Patna, Jan-2025); licence act…",2025-01 to 2026-06,https://cdscoonline.gov.in/CDSCO/filteredNsqDrugTable?month=Jan-2025&source=All&tab=nsq
Asterisk Healthcare,person not reported,,West Bengal; national,CDSCO-2026-04-alert,Under investigation (unverified - all sources unreachable on 2026-10-07: medicaldialogues.in and cdsco.gov.in…,2026-04,https://medicaldialogues.in/news/industry/pharma/cdsco-flags-ursodeoxycholic-acid-tablets-batch-as-purportedly-spurious-171268
Asthm Healthcare Pvt. Ltd. - product ban - location not reported,person not reported,,Jaipur (RMSC HQ),RJ-2025-11-rmscl-7-firms-40-drugs-blacklist,7 firms debarred in FY2025-26 (5 for five years for supplying substandard/adulterated medicines; 2 for three…,2025-11-20,https://medicaldialogues.in/news/industry/pharma/rajasthan-medical-services-corp-bans-7-pharma-firms-40-drugs-over-quality-concerns-159266
"Astonea Labs Limited, Vill-Haripur, Teh-Raipur Rani, Distt-Panchkula, Haryana",person not reported,,"national (manufacturers in Himachal Pradesh, Guja…",CDSCO-2026-06-alert,Monthly NSQ/spurious alert for June 2026 published (reported 22 Jul 2026 and 31 Jul 2026). Officials said the…,2026-06,https://www.freepressjournal.in/mumbai/cdsco-flags-159-substandard-drug-samples-as-nsq-including-14-linked-to-maharashtra
"Aswas Pharma, Balaramapuram, Thiruvananthapuram (retail pharmacy; licence cancellation announced)",person not reported,,"Thiruvananthapuram (Balaramapuram), Thrissur (Poo…",KL-2025-11-fake-seroflo-rotacaps-aswas-medworld,Cases registered; Drugs Controller announced cancellation of the two pharmacies' drug licences; probe into My…,2025-11-19,https://www.onmanorama.com/news/kerala/2025/11/19/fake-medicines-seized-kerala-health-minister-crackdown.html
"Athens Life Sciences - Mauza-Rampur Jatten Nahan Road, Kala Amb, Dist-Sirmour (HP) 173030 (label manufacturer…",person not reported,,Lucknow (Lucknow Lab; also Agra Lab and Varanasi…,UP-2026-08-enoxaparin-DESDD0526-spurious-lucknow-lab,Listed as spurious in the CDSCO Aug-2026 state-lab NSQ table (all five rows carry 'Reporting Source: State La…,2026-08,https://cdscoonline.gov.in/CDSCO/viewPublicNSQDrug (Aug-2026 state-lab entries)
"Athens Life Sciences, Kala Amb, Distt. Sirmour, H.P.",person not reported,,"national (manufacturers in Himachal Pradesh, Guja…",CDSCO-2026-06-alert,Monthly NSQ/spurious alert for June 2026 published (reported 22 Jul 2026 and 31 Jul 2026). Officials said the…,2026-06,https://www.freepressjournal.in/mumbai/cdsco-flags-159-substandard-drug-samples-as-nsq-including-14-linked-to-maharashtra
"Athens Life Sciences, Kala Amb, H.P. (Sesarab-DSR Capsules, CDL Kolkata; Graficlav 625, Karnataka)",person not reported,,not reported (CDSCO rows give only the reporting…,CDSCO-2025-06-alert,"CDSCO remark on every spurious row: 'The product is purported to be spurious, however, the same is subject to…",2025-06,https://medicaldialogues.in/news/industry/pharma/cdsco/cdsco-flags-55-substandard-4-spurious-drugs-in-june-batch-alert-full-list-inside-152088
"Athens Life Sciences, Kala Amb, Sirmour (HP) - NSQ (state labs)",person not reported,,Kolkata (CDL),CDSCO-2026-03-alert,"Ongoing investigation. CDSCO portal remark: 'The product is purported to be spurious, however, the same is su…",2026-03,https://medicaldialogues.in/news/industry/pharma/cdsco/suspected-spurious-buprenorphine-injection-batch-under-scanner-cdsco-launches-investigation-169200
"Athens Life Sciences, Mauza Rampur Jattan, Nahan Road, Kala Amb, Distt. Sirmour, HP-173030 - Mar-2026",person not reported,,Bhubaneswar (State Drugs Testing & Research Labor…,OD-2025-2026-sdtrl-bhubaneswar-nsq-roundup,51 NSQ batches reported by the Odisha state lab (SDT&RL/SFTRL Bhubaneswar) in the CDSCO monthly tables Oct-20…,2025-10 to 2026-08,https://cdscoonline.gov.in/CDSCO/filteredNsqDrugTable?month=Oct-2025&source=All&tab=nsq
"Satyam Pharmacy, Bhavnagar",person not reported,,Gandhinagar (statewide); counterfeit-drug raids i…,GJ-2026-09-fdca-50-licences,August 2026 action reviewed on 2 Sept 2026: sales licences of 50 drug firms cancelled; closure orders for two…,2026-09-02,https://bilkulonline.com/2026/09/02/gujarat-fdca-cancels-licences-of-50-drug-firms-seizes-42988-kg-of-suspected-food-products/
"Aug-2026 repeat NSQ firms named by South First: Healer's Lab Unit II, Plot 33 HPSIDC Extn., Baddi (multiple P…",person not reported,,"Baddi, Kala Amb, Paonta Sahib, Roorkee, Haridwar",CDSCO-2025-2026-synthesis-repeat-offenders,Ongoing investigations (CDSCO remark on every spurious entry: 'subject to outcome of investigation'). July-20…,2026-09,https://thehealthmaster.com/drug-alert-nsq-drugs-lists/
"Austin Pharmaceuticals Ltd., E-40, Industrial Focal Point, Derabassi-140507",person not reported,,Kathua and Srinagar (Modern Drug Testing Laborato…,JK-2025-2026-kathua-srinagar-nsq-roundup-hospital-injectables,"NSQ declarations in CDSCO monthly alerts; one SPURIOUS declaration (R Zara-DSR Capsules, Apr-2026, MDTL Kathu…",2025-05 to 2026-08,https://cdscoonline.gov.in/CDSCO/filteredNsqDrugTable?month=May-2025&source=All&tab=nsq
"Avalon Medicines Private Limited, Plot No-1271, Phase I, Sector 38, HSIIDC, Rai, Sonipat-131029 (HR)",person not reported,,Kathua and Srinagar (Modern Drug Testing Laborato…,JK-2025-2026-kathua-srinagar-nsq-roundup-hospital-injectables,"NSQ declarations in CDSCO monthly alerts; one SPURIOUS declaration (R Zara-DSR Capsules, Apr-2026, MDTL Kathu…",2025-05 to 2026-08,https://cdscoonline.gov.in/CDSCO/filteredNsqDrugTable?month=May-2025&source=All&tab=nsq
Maxila Mediscience Pvt Ltd (manufactures Tramadol and Alprazolam drugs; sales records under scrutiny; city no…,person not reported,,"Ahmedabad, Vadodara, Savli, Ankleshwar",GJ-2026-05-fdca-coordinated-raids,Amico Formulation LLP manufacturing licence suspended with immediate effect; M/s AEDMAX Lifecare licence susp…,2026-05,https://english.gujaratsamachar.com/news/gujarat/1-21-cr-rs-worth-suspicious-drugs-seized-from-ahmedabad-pharma-unit-93573142389.html
"Maxtra Laboratories, Rangarangaiah Nagar, Chengicherla Village, Medchal-Malkajgiri District, Telangana (manuf…",person not reported,,"Secunderabad (Tukaramgate, East Marredpally); Mus…",TS-2025-Q1-secunderabad-tukaramgate-musheerabad-raids,"Tukaramgate (2025-01-24): stock worth Rs 2.2 lakh seized, samples lifted for analysis, DCA said further inves…","2025-01-24 (Tukaramgate raid,…",https://www.siasat.com/telangana-dca-seizes-rs-2-2l-worth-of-illegal-medicines-in-tukaramgate-raid-3170404/
Maxwell Life Sciences Pvt. Ltd. - product ban (3 years) - location not reported,person not reported,,Jaipur (RMSC HQ),RJ-2025-11-rmscl-7-firms-40-drugs-blacklist,7 firms debarred in FY2025-26 (5 for five years for supplying substandard/adulterated medicines; 2 for three…,2025-11-20,https://medicaldialogues.in/news/industry/pharma/rajasthan-medical-services-corp-bans-7-pharma-firms-40-drugs-over-quality-concerns-159266
"Smayan Healthcare Pvt. Ltd., Baddi, Distt. Solan (H.P.)",person not reported,,"national (manufacturers in Himachal Pradesh, Guja…",CDSCO-2026-06-alert,Monthly NSQ/spurious alert for June 2026 published (reported 22 Jul 2026 and 31 Jul 2026). Officials said the…,2026-06,https://www.freepressjournal.in/mumbai/cdsco-flags-159-substandard-drug-samples-as-nsq-including-14-linked-to-maharashtra
"Ayush Medical Agency, Sumel, Shahibaug, Ahmedabad",person not reported,,Gandhinagar (statewide); counterfeit-drug raids i…,GJ-2026-09-fdca-50-licences,August 2026 action reviewed on 2 Sept 2026: sales licences of 50 drug firms cancelled; closure orders for two…,2026-09-02,https://bilkulonline.com/2026/09/02/gujarat-fdca-cancels-licences-of-50-drug-firms-seizes-42988-kg-of-suspected-food-products/
"Azot Life Sciences, Solan, HP",person not reported,,New Delhi (DTL Delhi); Kolkata (CDL); Baddi / Nal…,CDSCO-2026-08-alert,Under investigation (manufacturer of TELMA AM batch 18230791 listed as 'Under Investigation'; CDSCO: matter '…,2026-09-22,https://aninews.in/news/national/general-news/central-drugs-laboratories-flags-220-drug-samples-as-nsq-in-august-one-spurious-drug-identified-in-delhi20260922093319/
"B.K. Enterprise, Agartala (consignee firm; manager arrested)",Subrata Deb,"manager of B.K. Enterprise (consignee who arrived to receive the consignment); aged 34, r…","Agartala, Tripura",NE-2026-07-tripura-codeine-syrup-crackdown,"Subrata Deb (34), manager of B.K. Enterprise, Agartala, arrested by DRI on 2 July 2026 while arriving to take…",2026-07-02,https://drugscontrol.org/news-detail.php?newsid=45311
"Baba Shyam Medicos, wholesale pharmacy, Bhagirath Palace, Chandni Chowk, Delhi (Nikhil Arora)",Nikhil Arora alias Sunny (47),main accused; wholesale medicine dealer; ran wholesale medical shop/pharmacy in Bhagirath…,"Bhagirath Palace, Chandni Chowk; Bihari Colony, S…",DL-2026-04-bhagirath-palace-nikhil-arora,"6 arrested (Nikhil Arora alias Sunny, Shivam Tyagi, Mayank Aggarwal, Mohit Kumar Sharma, Shahrukh, Rahul); Mu…",2026-04-05,https://www.tribuneindia.com/news/india/delhi-police-busts-interstate-spurious-medicines-racket-fake-gst-network/
"Bactolac Formulation Pvt. Ltd., Medchal-Malkajgiri, Telangana",person not reported,,New Delhi (DTL Delhi); Kolkata (CDL); Baddi / Nal…,CDSCO-2026-08-alert,Under investigation (manufacturer of TELMA AM batch 18230791 listed as 'Under Investigation'; CDSCO: matter '…,2026-09-22,https://aninews.in/news/national/general-news/central-drugs-laboratories-flags-220-drug-samples-as-nsq-in-august-one-spurious-drug-identified-in-delhi20260922093319/
"Bajaj Formulations, Khasra No. 161, Village Lakeshwary, Bhagwanpur, Roorkee, Distt. Haridwar (U.K)",person not reported,,Kathua and Srinagar (Modern Drug Testing Laborato…,JK-2025-2026-kathua-srinagar-nsq-roundup-hospital-injectables,"NSQ declarations in CDSCO monthly alerts; one SPURIOUS declaration (R Zara-DSR Capsules, Apr-2026, MDTL Kathu…",2025-05 to 2026-08,https://cdscoonline.gov.in/CDSCO/filteredNsqDrugTable?month=May-2025&source=All&tab=nsq
Bajaj Healthcare (UNVERIFIED - sources unreachable),person not reported,,Bihar; national,CDSCO-2025-04-alert,Under investigation (as originally recorded; no status update could be retrieved on 2026-10-07 - all sources…,2025-04,https://medicaldialogues.in/news/industry/pharma/cdsco/cdsco-flags-nandrolone-injection-as-possibly-spurious-after-bihar-testing-batch-under-investigation-148817
"Bajaj Healthcare Ltd, Manjusar, Tal. Savli, Dist. Vadodara, Gujarat",person not reported,,"national (manufacturers in Himachal Pradesh, Guja…",CDSCO-2026-06-alert,Monthly NSQ/spurious alert for June 2026 published (reported 22 Jul 2026 and 31 Jul 2026). Officials said the…,2026-06,https://www.freepressjournal.in/mumbai/cdsco-flags-159-substandard-drug-samples-as-nsq-including-14-linked-to-maharashtra
Bal Pharma,person not reported,,West Bengal; national,CDSCO-2026-04-alert,Under investigation (unverified - all sources unreachable on 2026-10-07: medicaldialogues.in and cdsco.gov.in…,2026-04,https://medicaldialogues.in/news/industry/pharma/cdsco-flags-ursodeoxycholic-acid-tablets-batch-as-purportedly-spurious-171268
Bangal Chemicals and Pharmaceuticals Ltd. (city not reported),person not reported,,statewide (reported from Thiruvananthapuram),KL-2025-12-17-faulty-medicines-blocked,Sale of the listed batches banned/restricted in Kerala after failing state-level quality analysis; broader in…,2025-12-10,https://medicaldialogues.in/news/industry/pharma/kerala-blocks-17-faulty-medicines-including-rabeprazole-ciprofloxacin-after-counterfeit-seizure-160392
"Bansal Medical Agency, Agra (recipient, raided)",person not reported,,Puducherry (manufacturing unit at Thiruphuvanai P…,PY-2025-11-medinoc-raja-lupin-counterfeit-cbi,"CBI investigation ongoing. Original case: 26 persons (incl. 4 women) arrested by Puducherry police/SIT, inclu…",2025-11-12,https://medicaldialogues.in/news/industry/pharma/counterfeit-drug-racket-using-lupin-brand-busted-in-puducherry-fir-filed-160639
"Bansal Medical Store / Bansal Medical Agency, Gogia Market, Fawwara, Agra (~Rs 1 crore stock seized Aug 2025;…",A.K. Rana,Kingpin of inter-state network; owner-controller of Meenakshi Pharma; manufactured counte…,Puducherry,UP-2025-08-agra-fawwara-stf-syndicate,"Dhanauli case: Ikrar, Shamin alias Chhotu and Salua alias Mukim arrested and sent to jail by court (1 Oct 202…",2026-09-29,https://medicaldialogues.in/news/industry/pharma/rs-1-crore-bribe-to-drug-officials-exposed-up-stf-busts-multi-crore-fake-drugs-syndicate-154178
"Bavishi Dispensary, Dholikui, Kapadvanj (illegal manufacture)",Bavishi Dispensary,illegal manufacture of a medicine described as being for small children detected; materia…,"Dholikui, Kapadvanj",GJ-2026-09-fdca-50-licences,August 2026 action reviewed on 2 Sept 2026: sales licences of 50 drug firms cancelled; closure orders for two…,2026-09-02,https://bilkulonline.com/2026/09/02/gujarat-fdca-cancels-licences-of-50-drug-firms-seizes-42988-kg-of-suspected-food-products/
"M/s Baxter India Private Limited, Gurugram (importer)",not reported (no individual named; regulatory NSQ/misbranding finding…,importer,"Gurugram, Haryana",HP-2026-09-aiims-bilaspur-vantive-dialysis,Two samples declared 'not of standard quality' by DTL Baddi (report dated 3 Sep 2026); HP health dept letter…,2026-09-07,https://pharma.economictimes.indiatimes.com/news/regulatory-update/imported-dialysis-solution-fails-endotoxin-test-in-himachal-lab-flags-nine-regulatory-violations/134101240
"M/s Baxter Manufacturing (Thailand) Company Limited, Rayong, Thailand (manufacturer)",not reported (no individual named; regulatory NSQ/misbranding finding…,importer,"Gurugram, Haryana",HP-2026-09-aiims-bilaspur-vantive-dialysis,Two samples declared 'not of standard quality' by DTL Baddi (report dated 3 Sep 2026); HP health dept letter…,2026-09-07,https://pharma.economictimes.indiatimes.com/news/regulatory-update/imported-dialysis-solution-fails-endotoxin-test-in-himachal-lab-flags-nine-regulatory-violations/134101240
"MBC Industries (WHO-GMP Pharma Manufacturing Unit), Vill Johron, Trilokpur Road, Kala Amb, Dist. Sirmour (HP)…",person not reported,,Bhubaneswar (State Drugs Testing & Research Labor…,OD-2025-2026-sdtrl-bhubaneswar-nsq-roundup,51 NSQ batches reported by the Odisha state lab (SDT&RL/SFTRL Bhubaneswar) in the CDSCO monthly tables Oct-20…,2025-10 to 2026-08,https://cdscoonline.gov.in/CDSCO/filteredNsqDrugTable?month=Oct-2025&source=All&tab=nsq
"BDH Industrial Ltd., Mumbai (Folitrax-15 methotrexate, 2 batches, sterility, Karnataka)",person not reported,,not reported (CDSCO rows give only the reporting…,CDSCO-2025-06-alert,"CDSCO remark on every spurious row: 'The product is purported to be spurious, however, the same is subject to…",2025-06,https://medicaldialogues.in/news/industry/pharma/cdsco/cdsco-flags-55-substandard-4-spurious-drugs-in-june-batch-alert-full-list-inside-152088
"BDR Pharmaceuticals International Pvt. Ltd. - At: Survey No. 46/1-4, Village Kadaiya, Nani Daman-96210, India…",person not reported,,Lucknow (Lucknow Lab; also Agra Lab and Varanasi…,UP-2026-08-enoxaparin-DESDD0526-spurious-lucknow-lab,Listed as spurious in the CDSCO Aug-2026 state-lab NSQ table (all five rows carry 'Reporting Source: State La…,2026-08,https://cdscoonline.gov.in/CDSCO/viewPublicNSQDrug (Aug-2026 state-lab entries)
"BENNET Pharmaceuticals Ltd., Baddi (H.P.) (NSQ manufacturer)",person not reported,,"Multi-state: North Zone (RDTL Chandigarh, 4 sampl…",CDSCO-2025-12-alert,"Under investigation. CDSCO remark on every spurious entry: ""The product is purported to be spurious, however,…",2025-12,https://medicaldialogues.in/news/industry/pharma/cdsco-flags-7-batches-of-popular-medicines-as-purportedly-spurious-in-december-163217
"Bestochem Formulations India Ltd, Delhi (brand owner of Besto-Cof Dry Cough Formula; per CDSCO firm reply, th…",person not reported,,Raipur,CDSCO-2025-09-alert,Under investigation: CDSCO spurious-drug table (SEP-2025) lists manufacturer as 'Under Investigation' with re…,2025-09,https://medicaldialogues.in/news/industry/pharma/cdsco-flags-besto-cof-cough-syrup-as-spurious-raipur-drug-lab-claims-batch-not-made-by-listed-firm-157457
"Bhagirath Palace, Delhi (wholesale pharma market suspected as routing point; billing records pointed to a Gur…",Mujammil Khan,co-accused; passenger in the intercepted cab carrying the consignment; described in court…,"DLF Phase 4 / DLF City Phase 2, Gurugram (native…",HR-2026-04-gurugram-counterfeit-mounjaro,Both accused arrested 19.04.2026 (Avi Sharma in custody since 19.04.2026). Regular bail application of Avi Sh…,2026-04-18,https://www.business-standard.com/india-news/fake-mounjaro-injection-manufacturing-racket-busted-in-gurugram-2-arrested-126042001292_1.html
"Bhagwati Drug Center, Agra (drugscontrol.org tag only)",Bhagwati Drug Center,firm named in tags of raid report,Agra (per drugscontrol.org article tag; article b…,UP-2026-06-agra-fsda-followups,"Ongoing. Raids (Agra, 24 Feb 2026 per drugscontrol.org): 20 of 30 identified firms/warehouses in Fuwara drug…",2026-07-24,https://drugscontrol.org/news-detail.php?newsid=44340
"Bhagwati Medical, Agra",person not reported,,"Lucknow (Aminabad, Alambagh, Bakshi Ka Talab, Kai…",UP-2026-08-fsda-multi-district,"ongoing. Lucknow: 7 FIRs against 32 persons, 2 arrests; Agra: 9 FIRs, 2 arrests; Varanasi: surgical shop oper…",2026-08-19,https://www.etvbharat.com/hi/state/illegal-medicines-worth-5-dot-43-crore-seized-in-four-districts-of-uttar-pradesh-ups26081906919
"Bharat Pharma, Aminabad, Lucknow (registered proprietor Amreen Ahsan / Mantasha; no stock found)",Devendra Shukla,allegedly operated both firms (registered proprietors Amreen Ahsan and Mantasha stated he…,"Aminabad, Lucknow",UP-2026-08-lucknow-aminabad-cross-billing,"FIRs registered (29 Jul and 12 Aug 2026, Aminabad PS; Saharanpur FIR after 2 Sept 2026 operation). Ejaz/Aijaz…",2026-07-29,https://www.indiatvnews.com/uttar-pradesh/fsda-cracks-down-on-organised-network-dealing-with-counterfeit-medicines-in-lucknow-fir-against-four-filed-2026-08-12-1051175
"Bharat Pharma, Aminabad, Lucknow (registered proprietor Amreen Ahsan / Mantasha; no stock found)",Rahul,allegedly operated,"Aminabad, Lucknow",UP-2026-08-lucknow-aminabad-cross-billing,"FIRs registered (29 Jul and 12 Aug 2026, Aminabad PS; Saharanpur FIR after 2 Sept 2026 operation). Ejaz/Aijaz…",2026-07-29,https://www.indiatvnews.com/uttar-pradesh/fsda-cracks-down-on-organised-network-dealing-with-counterfeit-medicines-in-lucknow-fir-against-four-filed-2026-08-12-1051175
"Bijrasan Medicos, Indore, Madhya Pradesh - supplier",Rochak Agrawal (also spelt Rochak Agarwal),supplier; arrested in Raipur on Monday 13 April 2026,"Indore, Madhya Pradesh",CG-2025-12-counterfeit-kingpin,"Dec 2025: consignment seized at Nagpur Golden Transport, Gogaon, Raipur; State Drug Testing Laboratory, Kalib…",2025-12,https://drugscontrol.org/news-detail.php?newsid=43876
"Biocenna Healthcare Pvt Ltd., Roorkee (Uttarakhand) - named by ETV Bharat only; not found in current CDSCO po…",person not reported,,Kolkata (CDL),CDSCO-2026-03-alert,"Ongoing investigation. CDSCO portal remark: 'The product is purported to be spurious, however, the same is su…",2026-03,https://medicaldialogues.in/news/industry/pharma/cdsco/suspected-spurious-buprenorphine-injection-batch-under-scanner-cdsco-launches-investigation-169200
"Biogenetic Drugs Private Limited (Jaipur, Rajasthan; unit at Jharmazri, Baddi, Solan, HP) - blacklisted 3 yea…",Biogenetic Drugs Private Limited,Successful tender bidder / supplier and manufacturer of the NSQ tablets; writ petitioner…,"Registered office No.66 Mathur Vaishya Nagar, Ton…",KA-2025-03-ksmscl-biogenetic-blacklist,"Blacklisting (3 years from order dated 28.03.2025, product-specific under Clause 21.1(g)) upheld; Karnataka H…",2025-03-28,https://www.verdictum.in/karnataka-high-court/biogenetic-drugs-private-limited-v-karnataka-state-medical-supplies-corporation-limited-2026khc27591-1615775
"Biogenetic Drugs Private Limited (Jaipur, Rajasthan; unit at Jharmazri, Baddi, Solan, HP) - blacklisted 3 yea…",Pushkar Deo,Authorised representative of petitioner (named in cause title only; no personal allegatio…,not reported,KA-2025-03-ksmscl-biogenetic-blacklist,"Blacklisting (3 years from order dated 28.03.2025, product-specific under Clause 21.1(g)) upheld; Karnataka H…",2025-03-28,https://www.verdictum.in/karnataka-high-court/biogenetic-drugs-private-limited-v-karnataka-state-medical-supplies-corporation-limited-2026khc27591-1615775
M/s Biogenetic Drugs Pvt. Ltd. - 3-year debarment for violating service conditions - location not reported,person not reported,,Jaipur (RMSC HQ),RJ-2025-11-rmscl-7-firms-40-drugs-blacklist,7 firms debarred in FY2025-26 (5 for five years for supplying substandard/adulterated medicines; 2 for three…,2025-11-20,https://medicaldialogues.in/news/industry/pharma/rajasthan-medical-services-corp-bans-7-pharma-firms-40-drugs-over-quality-concerns-159266
"Biogenetic Drugs Pvt. Ltd., Jharmajri, Baddi, Dist-Solan (HP) - Jun-2026",person not reported,,Bhubaneswar (State Drugs Testing & Research Labor…,OD-2025-2026-sdtrl-bhubaneswar-nsq-roundup,51 NSQ batches reported by the Odisha state lab (SDT&RL/SFTRL Bhubaneswar) in the CDSCO monthly tables Oct-20…,2025-10 to 2026-08,https://cdscoonline.gov.in/CDSCO/filteredNsqDrugTable?month=Oct-2025&source=All&tab=nsq
"Bioland Pharma, HSIIDC Saha, Ambala, Haryana",person not reported,,"national (manufacturers in Himachal Pradesh, Guja…",CDSCO-2026-06-alert,Monthly NSQ/spurious alert for June 2026 published (reported 22 Jul 2026 and 31 Jul 2026). Officials said the…,2026-06,https://www.freepressjournal.in/mumbai/cdsco-flags-159-substandard-drug-samples-as-nsq-including-14-linked-to-maharashtra
"Biological E. Limited, Pharma City, Selaqui, Dehradun, Uttarakhand",person not reported,,"national (manufacturers in Himachal Pradesh, Guja…",CDSCO-2026-06-alert,Monthly NSQ/spurious alert for June 2026 published (reported 22 Jul 2026 and 31 Jul 2026). Officials said the…,2026-06,https://www.freepressjournal.in/mumbai/cdsco-flags-159-substandard-drug-samples-as-nsq-including-14-linked-to-maharashtra
Bion Therapeutics India,person not reported,,Statewide (announced from Bengaluru),KA-2025-06-fsda-nsq-14-drugs,Do-not-use / stop-stocking directive issued 2025-06-25; public urged not to use; minister warned of strict ac…,2025-06-25,https://theprint.in/india/karnataka-govt-flags-14-substandard-drugs-tells-chemists-docs-public-to-avoid-them/2670281/
"Blue Cross Laboratories Pvt. Ltd., A-12 MIDC, Nashik - labelled maker of Cefixime Dispersible Tablets TC2439…",person not reported,,"Baddi, Kala Amb, Paonta Sahib, Roorkee, Haridwar",CDSCO-2025-2026-synthesis-repeat-offenders,Ongoing investigations (CDSCO remark on every spurious entry: 'subject to outcome of investigation'). July-20…,2026-09,https://thehealthmaster.com/drug-alert-nsq-drugs-lists/
"Blue Cross Laboratories Pvt. Ltd., A-12, MIDC, Nashik - 422010, Maharashtra (label claim on Cefixime Dispersi…",person not reported,,Multiple,CDSCO-2025-2026-other-brand-copy-batches-spurious-tab,Under investigation per CDSCO: every Spurious-tab row carries the remark 'The product is purported to be spur…,2025-01 to 2026-07,https://cdscoonline.gov.in/CDSCO/filteredSpuriousDrugTable?month=Oct-2025&source=All&tab=spurious
"Blue Cross Laboratories Pvt. Ltd., A-12, MIDC, Nashik - 422010, Maharashtra (label-claim manufacturer of Cefi…",person not reported,,Patna (BDCL); Kolkata (CDL),CDSCO-2026-05-alert,"Under investigation. CDSCO remarks on both CDL Kolkata batches: 'The product is purported to be spurious, how…",2026-05,https://medicaldialogues.in/news/industry/pharma/cdsco/cdsco-probes-two-suspected-spurious-antibiotic-batches-of-cefixime-amoxycillin-clavulanate-175635
"Blue Cross Laboratories Pvt. Ltd.,A-12, MIDC, Nashik - 422010,Maharashtra (label-claim manufacturer on the ot…",person not reported,,not reported (testing labs: CDL Kolkata; RDTL Cha…,CDSCO-2025-07-alert,"ongoing - CDSCO remark on each row: 'The product is purported to be spurious, however, the same is subject to…",2025-07,https://medicaldialogues.in/news/industry/pharma/cdsco/cdsco-flags-8-batches-of-spurious-medicines-including-popular-brands-augmentin-pan-40-154210
"Bochem Healthcare Private Limited, Ujjain, Madhya Pradesh (the420.in: 'Ujjain-based'; Tofler registry: CIN U3…",person not reported,,Lucknow (UPMSCL; Sushant Golf City police station…,UP-2026-05-upmscl-bochem-healthcare-blacklist,Blacklisted across Uttar Pradesh for five years (barred from UP government tenders/procurement) by order of t…,2026-05-25,https://the420.in/upmsc-bochem-healthcare-substandard-medicines-forged-cheques-blacklisted/
Bogus medical outlets/fronts used for sale (names not reported),person not reported,,Gaya; near Patna (Masaurhi belt),BR-2026-02-delhi-antf-bihar-fake-factories-gaya-patna,Nine arrests in total across the Bihar factories (second and third busts within a week); unit had no manufact…,2026-02-23 to 2026-02-24,https://www.tmv.in/article/delhi-police-bust-fake-drug-factory-near-patna-nine-arrested-drugs-worth-5-crore-seized-date=2026-02-24
Branch/Brand Protection Services Pvt Ltd (brand-protection agency that joined the raids; field officer Anjani…,person not reported,,Jehanabad (Hulashganj; Kanhaiyaganj Tola near Hul…,BR-2026-03-jehanabad-hulashganj-fake-medicine-racket,March 2026 raid: house owner detained and questioned (Insider Live); 'some people' detained (Deshaj Times); F…,2026-03-12,https://insiderlive.in/jehanabad-fake-medicine-racket-busted-hulashganj-police-raid/
Brands on Spurious-tab rows where CDSCO lists manufacturer only as 'Under Investigation' (brand owner not nam…,person not reported,,All India,CDSCO-2025-2026-spurious-disowned-batches,"Published in CDSCO monthly NSQ/Spurious Drug Alerts. Jul-2026 alert (ET Pharma, 22 Aug 2026): 280 NSQ (40 cen…",2026-08,https://cdscoonline.gov.in/CDSCO/viewPublicNSQDrug
"Bright Pharma-Fountain, Agra",person not reported,,"Lucknow (Aminabad, Alambagh, Bakshi Ka Talab, Kai…",UP-2026-08-fsda-multi-district,"ongoing. Lucknow: 7 FIRs against 32 persons, 2 arrests; Agra: 9 FIRs, 2 arrests; Varanasi: surgical shop oper…",2026-08-19,https://www.etvbharat.com/hi/state/illegal-medicines-worth-5-dot-43-crore-seized-in-four-districts-of-uttar-pradesh-ups26081906919
Brokers / buyers in other cities - not named,person not reported,,"Delhi (interception at Jai Bharat Transport, Raje…",DL-2026-04-ddu-hospital-diversion,"5 arrested (3 on 2 April 2026 at Tis Hazari, 2 hospital staff subsequently on disclosure); medicines and vehi…",2026-04-02,https://www.newsonair.gov.in/delhi-police-crime-branch-arrests-five-in-racket-diverting-critical-government-medicines
"Brooks Laboratories Ltd., Baddi, HP",person not reported,,New Delhi (DTL Delhi); Kolkata (CDL); Baddi / Nal…,CDSCO-2026-08-alert,Under investigation (manufacturer of TELMA AM batch 18230791 listed as 'Under Investigation'; CDSCO: matter '…,2026-09-22,https://aninews.in/news/national/general-news/central-drugs-laboratories-flags-220-drug-samples-as-nsq-in-august-one-spurious-drug-identified-in-delhi20260922093319/
Bulk supply sources: unnamed manufacturing clusters in Telangana and Himachal Pradesh (cheap vials bought at…,person not reported,,"Bidadi, Bengaluru South (farmhouse at Hejjala nea…",KA-2026-08-bidadi-krupa,Ongoing. Verified this pass: Veeresh Kumar Jain (Krupa Healthcare owner) arrested 12 Sep 2026 and remanded to…,2026-08-18,https://raw.githubusercontent.com/songjen/india-pharma-report/main/reports/India_Pharma_Daily_20260820.md
"C.F. Enterprises, Agra",person not reported,,"Lucknow (Aminabad, Alambagh, Bakshi Ka Talab, Kai…",UP-2026-08-fsda-multi-district,"ongoing. Lucknow: 7 FIRs against 32 persons, 2 arrests; Agra: 9 FIRs, 2 arrests; Varanasi: surgical shop oper…",2026-08-19,https://www.etvbharat.com/hi/state/illegal-medicines-worth-5-dot-43-crore-seized-in-four-districts-of-uttar-pradesh-ups26081906919
Cadila Pharma (UNVERIFIED - sources unreachable),person not reported,,Bihar; national,CDSCO-2025-04-alert,Under investigation (as originally recorded; no status update could be retrieved on 2026-10-07 - all sources…,2025-04,https://medicaldialogues.in/news/industry/pharma/cdsco/cdsco-flags-nandrolone-injection-as-possibly-spurious-after-bihar-testing-batch-under-investigation-148817
Cadila Pharmaceuticals (city not reported),person not reported,,statewide (reported from Thiruvananthapuram),KL-2025-12-17-faulty-medicines-blocked,Sale of the listed batches banned/restricted in Kerala after failing state-level quality analysis; broader in…,2025-12-10,https://medicaldialogues.in/news/industry/pharma/kerala-blocks-17-faulty-medicines-including-rabeprazole-ciprofloxacin-after-counterfeit-seizure-160392
"Cadila Pharmaceuticals Limited, Industrial Growth Center, SIDCO, Samba-184121 (J&K)",person not reported,,Kathua and Srinagar (Modern Drug Testing Laborato…,JK-2025-2026-kathua-srinagar-nsq-roundup-hospital-injectables,"NSQ declarations in CDSCO monthly alerts; one SPURIOUS declaration (R Zara-DSR Capsules, Apr-2026, MDTL Kathu…",2025-05 to 2026-08,https://cdscoonline.gov.in/CDSCO/filteredNsqDrugTable?month=May-2025&source=All&tab=nsq
CANCELLED (names carried forward from thenewsminute/thesouthfirst full list - NOT re-verified this pass): Kru…,"Owners of RR Pharma, 2365 LLP Pharma and Patel Pharma (names not repo…","Pharmacy owners raided 6 Oct 2026, issued notices and questioned over purchase and onward…",Bengaluru,KA-2026-08-bidadi-krupa,Ongoing. Verified this pass: Veeresh Kumar Jain (Krupa Healthcare owner) arrested 12 Sep 2026 and remanded to…,2026-08-18,https://raw.githubusercontent.com/songjen/india-pharma-report/main/reports/India_Pharma_Daily_20260820.md
CANCELLED (names carried forward from thenewsminute/thesouthfirst full list - NOT re-verified this pass): Kru…,Prashanth Ranjan Babu (also reported as R. Prashanth / Prashant / Pra…,Alleged kingpin / prime accused; ex-medical representative; leased the Bidadi farmhouse;…,"Papareddypalya, Bengaluru [not re-verified]; nati…",KA-2026-08-bidadi-krupa,Ongoing. Verified this pass: Veeresh Kumar Jain (Krupa Healthcare owner) arrested 12 Sep 2026 and remanded to…,2026-08-18,https://raw.githubusercontent.com/songjen/india-pharma-report/main/reports/India_Pharma_Daily_20260820.md
CANCELLED (names carried forward from thenewsminute/thesouthfirst full list - NOT re-verified this pass): Kru…,Veeresh Kumar Jain (also Viresh Kumar Jain),Owner/proprietor of wholesale pharmacy Krupa Healthcare; arrested in 12 Sep 2026 SIT + Dr…,"Maxworth Mansion, Lalbagh Fort Road, Mavalli, nea…",KA-2026-08-bidadi-krupa,Ongoing. Verified this pass: Veeresh Kumar Jain (Krupa Healthcare owner) arrested 12 Sep 2026 and remanded to…,2026-08-18,https://raw.githubusercontent.com/songjen/india-pharma-report/main/reports/India_Pharma_Daily_20260820.md
"Candour Pharmaceuticals, Vill. Ogli, Suketi Road, Kala Amb, Distt. Sirmour (H.P.) (NSQ, genuine manufacturer)",person not reported,,West Bengal (CDL Kolkata and West Bengal State La…,CDSCO-2026-01-alert,Under investigation: all three spurious batches carry the CDSCO remark 'The product is purported to be spurio…,2026-01,https://medicaldialogues.in/news/industry/pharma/azithromycin-ofloxacin-combos-among-3-drug-batches-flagged-as-purportedly-spurious-by-cdsco-165368
Captab Biotech Unit-2 - product ban (2 years) - location not reported,person not reported,,Jaipur (RMSC HQ),RJ-2025-11-rmscl-7-firms-40-drugs-blacklist,7 firms debarred in FY2025-26 (5 for five years for supplying substandard/adulterated medicines; 2 for three…,2025-11-20,https://medicaldialogues.in/news/industry/pharma/rajasthan-medical-services-corp-bans-7-pharma-firms-40-drugs-over-quality-concerns-159266
"M/s Care and Cure For You, Kolkata (wholesale premises)",woman proprietor (name not reported),"proprietor of the wholesale firm; arrested, remanded to 14 days judicial custody",Kolkata,WB-2024-12-kolkata-care-and-cure,Woman proprietor arrested by CDSCO East Zone Drugs Inspector; court granted 14 days judicial custody and perm…,2024-12-31,https://www.pib.gov.in/PressReleaseIframePage.aspx?PRID=2088979&reg=48&lang=2
"Casca Remedies Pvt. Ltd., Kuldeep Nagar, Ambala Cantt., Haryana - May-2026",person not reported,,Bhubaneswar (State Drugs Testing & Research Labor…,OD-2025-2026-sdtrl-bhubaneswar-nsq-roundup,51 NSQ batches reported by the Odisha state lab (SDT&RL/SFTRL Bhubaneswar) in the CDSCO monthly tables Oct-20…,2025-10 to 2026-08,https://cdscoonline.gov.in/CDSCO/filteredNsqDrugTable?month=Oct-2025&source=All&tab=nsq
Centalife Pharmaceuticals Ltd. (ETV Bharat; spelt 'Santlife Pharmaceuticals Ltd' by IANS/Medical Dialogues) -…,person not reported,,Jaipur (RMSC HQ),RJ-2025-11-rmscl-7-firms-40-drugs-blacklist,7 firms debarred in FY2025-26 (5 for five years for supplying substandard/adulterated medicines; 2 for three…,2025-11-20,https://medicaldialogues.in/news/industry/pharma/rajasthan-medical-services-corp-bans-7-pharma-firms-40-drugs-over-quality-concerns-159266
"Centurion Remedies Pvt. Ltd., Vadodara - product ban (18 months)",person not reported,,Jaipur (RMSC HQ),RJ-2025-11-rmscl-7-firms-40-drugs-blacklist,7 firms debarred in FY2025-26 (5 for five years for supplying substandard/adulterated medicines; 2 for three…,2025-11-20,https://medicaldialogues.in/news/industry/pharma/rajasthan-medical-services-corp-bans-7-pharma-firms-40-drugs-over-quality-concerns-159266
Chimak Healthcare (city not reported),person not reported,,statewide (reported from Thiruvananthapuram),KL-2025-12-17-faulty-medicines-blocked,Sale of the listed batches banned/restricted in Kerala after failing state-level quality analysis; broader in…,2025-12-10,https://medicaldialogues.in/news/industry/pharma/kerala-blocks-17-faulty-medicines-including-rabeprazole-ciprofloxacin-after-counterfeit-seizure-160392
Cipla (genuine manufacturer of Seroflo; not accused),person not reported,,"Thiruvananthapuram (Balaramapuram), Thrissur (Poo…",KL-2025-11-fake-seroflo-rotacaps-aswas-medworld,Cases registered; Drugs Controller announced cancellation of the two pharmacies' drug licences; probe into My…,2025-11-19,https://www.onmanorama.com/news/kerala/2025/11/19/fake-medicines-seized-kerala-health-minister-crackdown.html
Cipla Ltd - parent company (Mumbai),Cipla Pharma & Life Sciences Ltd (subsidiary of Cipla Ltd),Licensee of the carrying & forwarding (C&F) warehouse whose drug sale and distribution li…,"Warehouse No. A, Wadki/Vadki, Pune, Maharashtra",MH-2026-10-cipla-vadki-warehouse-licence-cancelled,"Licences cancelled (fresh reasoned order of 1 Oct 2026, described by FDA as an independent determination, not…",2026-10-01,https://medicaldialogues.in/news/industry/pharma/reactin-plus-violations-maharashtra-fda-cancels-cipla-warehouse-licences-180498
"Cipla Pharma & Life Sciences Ltd - C&F (carrying and forwarding) facility, Wadki, Pune (licence cancellation…",Cipla Pharma & Life Sciences Ltd (carrying and forwarding unit),Licensee whose drug sale licences were cancelled by FDA effective 2026-08-27 (cancellatio…,"Wadki, Pune, Maharashtra",MH-2026-08-fda-enforcement-drive,"Enforcement drive June-August 2026: 2,902 inspections (607 manufacturing units, 2,295 medical shops); action…",2026-09-08,https://www.freepressjournal.in/mumbai/maharashtra-fda-complaints-surge-557-per-cent-to-1397-in-3-months-as-drug-enforcement-intensifies
"Cipla Pharma & Life Sciences Ltd - Warehouse No. A (C&F warehouse), Wadki/Vadki, Pune (drug sale & distributi…",Cipla Pharma & Life Sciences Ltd (subsidiary of Cipla Ltd),Licensee of the carrying & forwarding (C&F) warehouse whose drug sale and distribution li…,"Warehouse No. A, Wadki/Vadki, Pune, Maharashtra",MH-2026-10-cipla-vadki-warehouse-licence-cancelled,"Licences cancelled (fresh reasoned order of 1 Oct 2026, described by FDA as an independent determination, not…",2026-10-01,https://medicaldialogues.in/news/industry/pharma/reactin-plus-violations-maharashtra-fda-cancels-cipla-warehouse-licences-180498
"Cis Life Care Pvt.Ltd., 44-45, Indl. Area, Tahliwal, Distt. Una (H.P)",person not reported,,Kathua and Srinagar (Modern Drug Testing Laborato…,JK-2025-2026-kathua-srinagar-nsq-roundup-hospital-injectables,"NSQ declarations in CDSCO monthly alerts; one SPURIOUS declaration (R Zara-DSR Capsules, Apr-2026, MDTL Kathu…",2025-05 to 2026-08,https://cdscoonline.gov.in/CDSCO/filteredNsqDrugTable?month=May-2025&source=All&tab=nsq
"Civron Pharmaceuticals, Sansarpur Terrace, Dist Kangra, Himachal Pradesh",person not reported,,"national (manufacturers in Himachal Pradesh, Guja…",CDSCO-2026-06-alert,Monthly NSQ/spurious alert for June 2026 published (reported 22 Jul 2026 and 31 Jul 2026). Officials said the…,2026-06,https://www.freepressjournal.in/mumbai/cdsco-flags-159-substandard-drug-samples-as-nsq-including-14-linked-to-maharashtra
"CMG Biotech Pvt. Ltd. Unit-II, Plot No-58, Phase III, Industrial Area, Sansarpur Terrace, HP-176501 - Dec-2025",person not reported,,Bhubaneswar (State Drugs Testing & Research Labor…,OD-2025-2026-sdtrl-bhubaneswar-nsq-roundup,51 NSQ batches reported by the Odisha state lab (SDT&RL/SFTRL Bhubaneswar) in the CDSCO monthly tables Oct-20…,2025-10 to 2026-08,https://cdscoonline.gov.in/CDSCO/filteredNsqDrugTable?month=Oct-2025&source=All&tab=nsq
"Condour Pharmaceuticals, Vill-Ogli, Suketi Road, Kala Amb, Distt-Sirmour (HP)-173030 - Nov-2025",person not reported,,Bhubaneswar (State Drugs Testing & Research Labor…,OD-2025-2026-sdtrl-bhubaneswar-nsq-roundup,51 NSQ batches reported by the Odisha state lab (SDT&RL/SFTRL Bhubaneswar) in the CDSCO monthly tables Oct-20…,2025-10 to 2026-08,https://cdscoonline.gov.in/CDSCO/filteredNsqDrugTable?month=Oct-2025&source=All&tab=nsq
"Consern Pharma Limited ,Focal Point, VPO Tibba, Distt. Ludhiana-141 120 (Pb.) (CDSCO Labs row; the State Lab…",person not reported,,"Ludhiana (Focal Point, VPO Tibba)",PB-2026-07-consern-pharma-ludhiana-buprenorphine-naloxone-nsq,"NSQ regulatory listing only; no FIR, seizure, arrests or licence action reported in the opened CDSCO pages",2026-07,https://cdscoonline.gov.in/CDSCO/filteredNsqDrugTable?month=Jul-2026&source=All&tab=nsq
"Consern Pharma Limited, Ludhiana (Buprenorphine 2 mg and Naloxone 0.5 mg Sublingual Tablets IP 25CT0314, NSQ…",person not reported,,Kolkata (CDL); New Delhi (CDSCO),CDSCO-2026-07-alert,July 2026 alert (published 21 Aug 2026): 40 samples NSQ by CDSCO central labs; state-lab count reported diffe…,2026-08-21,https://www.etvbharat.com/en/bharat/cdsco-flags-280-drug-samples-as-nsq-or-spurious-in-july-enn26082107816
"Cotec Healthcare Ltd., Roorkee, Uttarakhand",person not reported,,New Delhi (DTL Delhi); Kolkata (CDL); Baddi / Nal…,CDSCO-2026-08-alert,Under investigation (manufacturer of TELMA AM batch 18230791 listed as 'Under Investigation'; CDSCO: matter '…,2026-09-22,https://aninews.in/news/national/general-news/central-drugs-laboratories-flags-220-drug-samples-as-nsq-in-august-one-spurious-drug-identified-in-delhi20260922093319/
"Cotec Healthcare Pvt. Ltd., Roorkee, Uttarakhand (Paracetamol Tablets IP 500mg CHT-50351, CDL NSQ dissolution…",person not reported,,Kolkata (CDL); New Delhi (CDSCO),CDSCO-2026-07-alert,July 2026 alert (published 21 Aug 2026): 40 samples NSQ by CDSCO central labs; state-lab count reported diffe…,2026-08-21,https://www.etvbharat.com/en/bharat/cdsco-flags-280-drug-samples-as-nsq-or-spurious-in-july-enn26082107816
"Cotec Healthcare Pvt./Ltd., NH-74 Roorkee-Dehradun Highway, Kishanpur, Roorkee (Uttarakhand) - 3 entries 2025…",person not reported,,"Baddi, Kala Amb, Paonta Sahib, Roorkee, Haridwar",CDSCO-2025-2026-synthesis-repeat-offenders,Ongoing investigations (CDSCO remark on every spurious entry: 'subject to outcome of investigation'). July-20…,2026-09,https://thehealthmaster.com/drug-alert-nsq-drugs-lists/
Scott Edil Pharmacia Ltd. - product ban (3 years) - location not reported,person not reported,,Jaipur (RMSC HQ),RJ-2025-11-rmscl-7-firms-40-drugs-blacklist,7 firms debarred in FY2025-26 (5 for five years for supplying substandard/adulterated medicines; 2 for three…,2025-11-20,https://medicaldialogues.in/news/industry/pharma/rajasthan-medical-services-corp-bans-7-pharma-firms-40-drugs-over-quality-concerns-159266
"Scott-Edil Pharmacia Ltd, Unit-II, Plot No 21-22, EPIP Phase-I, Jharmajri, Baddi, Solan-173205 (HP)",person not reported,,Kathua and Srinagar (Modern Drug Testing Laborato…,JK-2025-2026-kathua-srinagar-nsq-roundup-hospital-injectables,"NSQ declarations in CDSCO monthly alerts; one SPURIOUS declaration (R Zara-DSR Capsules, Apr-2026, MDTL Kathu…",2025-05 to 2026-08,https://cdscoonline.gov.in/CDSCO/filteredNsqDrugTable?month=May-2025&source=All&tab=nsq
"Counterfeit human albumin manufacturing unit, Dera Bassi, Punjab (set up with help of Raju Kumar Mishra; name…",person not reported,,"Delhi (Flat No. 20/7, Indra Vikas, Second Floor,…",DL-2026-04-abhayrab-rabies-vaccine,4 arrested (Manoj Kumar Jain apprehended at the premises on 22 Apr 2026; three associates in follow-up action…,2026-04-22,https://www.tribuneindia.com/news/delhi/inter-state-spurious-medicine-racket-unearthed-4-nabbed/
"Cureza Healthcare Pvt. Ltd., 63/1, 67/1 Dharampuri Solsindha, Tehsil Sanwar, Ujjain Road, Indore-453551 (M.P.…",person not reported,,"Ranchi (State Drugs Testing Laboratory, Jharkhand)",JH-2025-2026-sdtl-jharkhand-nsq-ors-ifa-and-ranchi-manufacturer,"NSQ declarations only (CDSCO monthly NSQ alert tables); no spurious declaration, licence action or police cas…",2025-06 to 2026-08,https://cdscoonline.gov.in/CDSCO/filteredNsqDrugTable?month=Jun-2025&source=All&tab=nsq
"D.J. Laboratories Pvt. Ltd., Pithampur (Paracetamol Intravenous Infusion, particulate contamination)",person not reported,,not reported (CDSCO rows give only the reporting…,CDSCO-2025-06-alert,"CDSCO remark on every spurious row: 'The product is purported to be spurious, however, the same is subject to…",2025-06,https://medicaldialogues.in/news/industry/pharma/cdsco/cdsco-flags-55-substandard-4-spurious-drugs-in-june-batch-alert-full-list-inside-152088
"Daxin Pharmaceuticals Pvt. Ltd., Baddi, Solan HP (Cefixime Dispersible Tablets IP DB240368, NSQ assay)",person not reported,,Kolkata (CDL); New Delhi (CDSCO),CDSCO-2026-07-alert,July 2026 alert (published 21 Aug 2026): 40 samples NSQ by CDSCO central labs; state-lab count reported diffe…,2026-08-21,https://www.etvbharat.com/en/bharat/cdsco-flags-280-drug-samples-as-nsq-or-spurious-in-july-enn26082107816
"Deen Dayal Upadhyay Hospital, Delhi (government hospital; source of diverted stock)",Binesh Kumar (54),Pharmacist-cum-storekeeper; manipulated stock records to divert medicines from official i…,Delhi,DL-2026-04-ddu-hospital-diversion,"5 arrested (3 on 2 April 2026 at Tis Hazari, 2 hospital staff subsequently on disclosure); medicines and vehi…",2026-04-02,https://www.newsonair.gov.in/delhi-police-crime-branch-arrests-five-in-racket-diverting-critical-government-medicines
"Deen Dayal Upadhyay Hospital, Delhi (government hospital; source of diverted stock)",Prakash Mehto (30),Contractual helper; middleman between hospital staff and external buyers - handled extrac…,Delhi,DL-2026-04-ddu-hospital-diversion,"5 arrested (3 on 2 April 2026 at Tis Hazari, 2 hospital staff subsequently on disclosure); medicines and vehi…",2026-04-02,https://www.newsonair.gov.in/delhi-police-crime-branch-arrests-five-in-racket-diverting-critical-government-medicines
Delhi Police Crime Branch,Pradeep Kumar Singh (Pradeep Singh),Delhi Police Crime Branch Inspector; arrested by CBI on 2026-06-08 with Rs 24.70 lakh cas…,Delhi,PY-2025-11-medinoc-raja-lupin-counterfeit-cbi,"CBI investigation ongoing. Original case: 26 persons (incl. 4 women) arrested by Puducherry police/SIT, inclu…",2025-11-12,https://medicaldialogues.in/news/industry/pharma/counterfeit-drug-racket-using-lupin-brand-busted-in-puducherry-fir-filed-160639
Delhi-based drug wholesaler (name not reported) - recipient of Nurpur injections,person not reported,,Nurpur (Lodhwan); Kala Amb,HP-2025-nurpur-kala-amb-stop-orders,"Nurpur: 23,500 injections seized on 2025-08-18, samples sent for laboratory testing, case registered under Se…","2025-08-18 (Nurpur raid, 'Mon…",https://www.tribuneindia.com/news/himachal/pharma-unit-defies-ban-23500-injections-seized-in-nurpur-raid/amp
"Devansh Testing Lab, Vimta, Standard Analytical - private labs that tested batch 03BF2338 as passing (TNM)",person not reported,,Ballari (Ballari District Hospital; Ballari Insti…,KA-2024-11-ballari-ringer-lactate,Karnataka: CM Siddaramaiah on 30 Nov 2024 ordered suspension of State Drugs Controller Umesh S (Dr Umesh S) f…,2024-11,https://theprint.in/india/karnataka-govt-asks-dcgi-to-probe-ringer-lactate-firm-after-maternal-deaths/2385582/amp/
"MDH Pharma, Aminabad, Lucknow (no stock found)",Devendra Shukla,allegedly operated both firms (registered proprietors Amreen Ahsan and Mantasha stated he…,"Aminabad, Lucknow",UP-2026-08-lucknow-aminabad-cross-billing,"FIRs registered (29 Jul and 12 Aug 2026, Aminabad PS; Saharanpur FIR after 2 Sept 2026 operation). Ejaz/Aijaz…",2026-07-29,https://www.indiatvnews.com/uttar-pradesh/fsda-cracks-down-on-organised-network-dealing-with-counterfeit-medicines-in-lucknow-fir-against-four-filed-2026-08-12-1051175
"MDH Pharma, Aminabad, Lucknow (no stock found)",Rahul,allegedly operated,"Aminabad, Lucknow",UP-2026-08-lucknow-aminabad-cross-billing,"FIRs registered (29 Jul and 12 Aug 2026, Aminabad PS; Saharanpur FIR after 2 Sept 2026 operation). Ejaz/Aijaz…",2026-07-29,https://www.indiatvnews.com/uttar-pradesh/fsda-cracks-down-on-organised-network-dealing-with-counterfeit-medicines-in-lucknow-fir-against-four-filed-2026-08-12-1051175
"S.DHOLE & Co., IDCO Plot No. 30, Industrial Estate, Angaragadia, Balasore-756001, Odisha - Mar-2026 (SDTL Tri…",person not reported,,Bhubaneswar (State Drugs Testing & Research Labor…,OD-2025-2026-sdtrl-bhubaneswar-nsq-roundup,51 NSQ batches reported by the Odisha state lab (SDT&RL/SFTRL Bhubaneswar) in the CDSCO monthly tables Oct-20…,2025-10 to 2026-08,https://cdscoonline.gov.in/CDSCO/filteredNsqDrugTable?month=Oct-2025&source=All&tab=nsq
"Diagnostics centre run by Vikram Singh alias Sunny, Prayagraj, UP (name not reported) - Tribune",person not reported,,"Delhi (Flat No. 20/7, Indra Vikas, Second Floor,…",DL-2026-04-abhayrab-rabies-vaccine,4 arrested (Manoj Kumar Jain apprehended at the premises on 22 Apr 2026; three associates in follow-up action…,2026-04-22,https://www.tribuneindia.com/news/delhi/inter-state-spurious-medicine-racket-unearthed-4-nabbed/
Digital Vision (manufacturer listed on counterfeit Pregabalin-150 packaging; confirmed batch counterfeit - no…,person not reported,,Puducherry (manufacturing unit at Thiruphuvanai P…,PY-2025-11-medinoc-raja-lupin-counterfeit-cbi,"CBI investigation ongoing. Original case: 26 persons (incl. 4 women) arrested by Puducherry police/SIT, inclu…",2025-11-12,https://medicaldialogues.in/news/industry/pharma/counterfeit-drug-racket-using-lupin-brand-busted-in-puducherry-fir-filed-160639
"Digital Vision Pharma, Kala Amb (Sirmaur, Himachal Pradesh)",Anuj Kumar Singh,partner (since 2022; earlier general manager in 2020); arrested 2025-11-01 in Chandigarh,"Roorkee, Haridwar (Uttarakhand)",HP-2025-11-digital-vision-pharma,"Ongoing. NCB case: 15 arrested as of 2025-11-30 (The Tribune), 17 arrested per TNM/Newslaundry 2026-04-13; pa…",2025-11,https://www.thenewsminute.com/news/16-kids-dead-a-rs-574-cr-racket-the-pharma-group-the-system-refuses-to-stop
"Digital Vision Pharma, Kala Amb (Sirmaur, Himachal Pradesh)",Konic Goyal,director/son of owner; NBW issued; absconding,Ambala,HP-2025-11-digital-vision-pharma,"Ongoing. NCB case: 15 arrested as of 2025-11-30 (The Tribune), 17 arrested per TNM/Newslaundry 2026-04-13; pa…",2025-11,https://www.thenewsminute.com/news/16-kids-dead-a-rs-574-cr-racket-the-pharma-group-the-system-refuses-to-stop
"Digital Vision Pharma, Kala Amb (Sirmaur, Himachal Pradesh)",Manic Goyal,director/son of owner; NBW issued; absconding,Ambala,HP-2025-11-digital-vision-pharma,"Ongoing. NCB case: 15 arrested as of 2025-11-30 (The Tribune), 17 arrested per TNM/Newslaundry 2026-04-13; pa…",2025-11,https://www.thenewsminute.com/news/16-kids-dead-a-rs-574-cr-racket-the-pharma-group-the-system-refuses-to-stop
"Digital Vision Pharma, Kala Amb (Sirmaur, Himachal Pradesh)",Parshotam Lal Goyal,"owner (also spelled 'Purshottam Goel' by The Tribune); absconding, NBW issued, anticipato…",Ambala,HP-2025-11-digital-vision-pharma,"Ongoing. NCB case: 15 arrested as of 2025-11-30 (The Tribune), 17 arrested per TNM/Newslaundry 2026-04-13; pa…",2025-11,https://www.thenewsminute.com/news/16-kids-dead-a-rs-574-cr-racket-the-pharma-group-the-system-refuses-to-stop
"Digital Vision, 176, Mauza Ogli, Nahan Road, Kala Amb, Distt. Sirmour (HP)-173030 - Jun-2026",person not reported,,Bhubaneswar (State Drugs Testing & Research Labor…,OD-2025-2026-sdtrl-bhubaneswar-nsq-roundup,51 NSQ batches reported by the Odisha state lab (SDT&RL/SFTRL Bhubaneswar) in the CDSCO monthly tables Oct-20…,2025-10 to 2026-08,https://cdscoonline.gov.in/CDSCO/filteredNsqDrugTable?month=Oct-2025&source=All&tab=nsq
"Divine Laboratories Pvt. Ltd., Vadodara (Heparin Injection IP 5000 IU/ml Flagorin, pH and assay)",person not reported,,not reported (CDSCO rows give only the reporting…,CDSCO-2025-06-alert,"CDSCO remark on every spurious row: 'The product is purported to be spurious, however, the same is subject to…",2025-06,https://medicaldialogues.in/news/industry/pharma/cdsco/cdsco-flags-55-substandard-4-spurious-drugs-in-june-batch-alert-full-list-inside-152088
"Divine Medicare, Nurpur, Kangra HP (Pregabalin Capsules IP 300mg DMC-260508A, 211.16 mg vs 300 mg)",person not reported,,Kolkata (CDL); New Delhi (CDSCO),CDSCO-2026-07-alert,July 2026 alert (published 21 Aug 2026): 40 samples NSQ by CDSCO central labs; state-lab count reported diffe…,2026-08-21,https://www.etvbharat.com/en/bharat/cdsco-flags-280-drug-samples-as-nsq-or-spurious-in-july-enn26082107816
DM Pharma,Balasubramanian,DM Pharma partner; distributed consignments in Chennai; arrested by Karnataka SIT in Chen…,Chennai,KA-2026-08-bidadi-krupa,Ongoing. Verified this pass: Veeresh Kumar Jain (Krupa Healthcare owner) arrested 12 Sep 2026 and remanded to…,2026-08-18,https://raw.githubusercontent.com/songjen/india-pharma-report/main/reports/India_Pharma_Daily_20260820.md
"DM Pharma, Chennai (Prashanth / Balasubramanian partnership) [not re-verified]",Prashanth Ranjan Babu (also reported as R. Prashanth / Prashant / Pra…,Alleged kingpin / prime accused; ex-medical representative; leased the Bidadi farmhouse;…,"Papareddypalya, Bengaluru [not re-verified]; nati…",KA-2026-08-bidadi-krupa,Ongoing. Verified this pass: Veeresh Kumar Jain (Krupa Healthcare owner) arrested 12 Sep 2026 and remanded to…,2026-08-18,https://raw.githubusercontent.com/songjen/india-pharma-report/main/reports/India_Pharma_Daily_20260820.md
"Dr. Jee Pharma Pvt Ltd, Plot no -17, Sec 9, 11e, SIDCUL, Haridwar, U.K - label firm of Morzith-500 (NSQ, BDCL…",person not reported,,"Patna (Bihar Drugs Control Laboratory, BDCL); New…",CDSCO-2025-10-alert,"All 5 batches: CDSCO remark 'The product is purported to be spurious, however, the same is subject to outcome…",2025-10,https://medicaldialogues.in/news/industry/pharma/cdsco/cdsco-flags-5-batches-of-widely-used-drugs-including-azithral-500-telma-am-as-potentially-spurious-159434
"Dr. Puri Proprietory Product, Sinnar, Nashik (Diabetis-All Powder A-1, declared SPURIOUS, undeclared pioglita…",person not reported,,Kolkata (CDL); New Delhi (CDSCO),CDSCO-2026-07-alert,July 2026 alert (published 21 Aug 2026): 40 samples NSQ by CDSCO central labs; state-lab count reported diffe…,2026-08-21,https://www.etvbharat.com/en/bharat/cdsco-flags-280-drug-samples-as-nsq-or-spurious-in-july-enn26082107816
"M/s Dr. Trustmed (fictitious manufacturer, office at Sheetalpur, Baddi, Solan district)",Ajay Kumar,"operated fictitious pharma firm 'M/s Dr. Trustmed' from an office in Sheetalpur area, Bad…",originally from Kangra; Aadhaar address Baddi,HP-2026-07-baddi-dr-trustmed-forged-licences,"Arrested (raid on Wednesday night, 2026-07-22, in Baddi); after legal formalities handed over to Haryana Poli…",2026-07-22,https://www.amarujala.com/himachal-pradesh/himachal-fake-pharma-company-busted-in-baddi-accused-from-kangra-arrested-2026-07-23
"Dual Healthcare - Plot No.-34-35, Industrial Area, Trilokpur Road, Kala Amb, District Sirmour, Himanchal Prad…",person not reported,,Lucknow (Lucknow Lab; also Agra Lab and Varanasi…,UP-2026-08-enoxaparin-DESDD0526-spurious-lucknow-lab,Listed as spurious in the CDSCO Aug-2026 state-lab NSQ table (all five rows carry 'Reporting Source: State La…,2026-08,https://cdscoonline.gov.in/CDSCO/viewPublicNSQDrug (Aug-2026 state-lab entries)
"DUTCH FORMULATIONS, 32, Industrial Area, Village Johron, Kala-Amb, Distt Sirmour H.P-173030",person not reported,,Kathua and Srinagar (Modern Drug Testing Laborato…,JK-2025-2026-kathua-srinagar-nsq-roundup-hospital-injectables,"NSQ declarations in CDSCO monthly alerts; one SPURIOUS declaration (R Zara-DSR Capsules, Apr-2026, MDTL Kathu…",2025-05 to 2026-08,https://cdscoonline.gov.in/CDSCO/filteredNsqDrugTable?month=May-2025&source=All&tab=nsq
"E.G. Pharmaceuticals, Baddi (Eldervit-12 Injection, 3 entries)",person not reported,,not reported (CDSCO rows give only the reporting…,CDSCO-2025-06-alert,"CDSCO remark on every spurious row: 'The product is purported to be spurious, however, the same is subject to…",2025-06,https://medicaldialogues.in/news/industry/pharma/cdsco/cdsco-flags-55-substandard-4-spurious-drugs-in-june-batch-alert-full-list-inside-152088
"Sealed Aminabad wholesalers: SKG Medicals, Gayatri Pharma & Surgical, Maa Ambe Pharma, RN Pharma, Sunlight Ph…",person not reported,,Lucknow (Aminabad) with Bachhrawan (Rae Bareli) a…,UP-2026-08-lucknow-aminabad-cross-billing,"FIRs registered (29 Jul and 12 Aug 2026, Aminabad PS; Saharanpur FIR after 2 Sept 2026 operation). Ejaz/Aijaz…",2026-07-29,https://www.indiatvnews.com/uttar-pradesh/fsda-cracks-down-on-organised-network-dealing-with-counterfeit-medicines-in-lucknow-fir-against-four-filed-2026-08-12-1051175
East African (India) Overseas,person not reported,,Statewide (announced from Bengaluru),KA-2025-06-fsda-nsq-14-drugs,Do-not-use / stop-stocking directive issued 2025-06-25; public urged not to use; minister warned of strict ac…,2025-06-25,https://theprint.in/india/karnataka-govt-flags-14-substandard-drugs-tells-chemists-docs-public-to-avoid-them/2670281/
"Eastern Healthcare, Plot No. 7, Sector-6A, IIE, SIIDCUL, Haridwar-249403 (Uttarakhand) - Mar-2026",person not reported,,Bhubaneswar (State Drugs Testing & Research Labor…,OD-2025-2026-sdtrl-bhubaneswar-nsq-roundup,51 NSQ batches reported by the Odisha state lab (SDT&RL/SFTRL Bhubaneswar) in the CDSCO monthly tables Oct-20…,2025-10 to 2026-08,https://cdscoonline.gov.in/CDSCO/filteredNsqDrugTable?month=Oct-2025&source=All&tab=nsq
"Second pharmacy, Sijubari, Hatigaon, Guwahati (name not reported) - reportedly operating without valid licenc…",person not reported,,"Guwahati (Sijubari, Hatigaon)",AS-2026-08-guwahati-hatigaon-sijubari-pharmacies-sealed,Two medicine shops sealed (Anand Medico's / Ananda Medicos and one other unlicensed pharmacy); department rec…,2026-08,https://www.sentinelassam.com/breakingnews/guwahati-drug-control-department-seals-two-pharmacies-during-surprise-inspection-hatigaon
"Med Manor Organics Pvt.Ltd Unit II, Village Raipur, Pargana Bhagwanpur, Tehsil Roorkee, Dist Haridwar, Uttara…",person not reported,,Kathua and Srinagar (Modern Drug Testing Laborato…,JK-2025-2026-kathua-srinagar-nsq-roundup-hospital-injectables,"NSQ declarations in CDSCO monthly alerts; one SPURIOUS declaration (R Zara-DSR Capsules, Apr-2026, MDTL Kathu…",2025-05 to 2026-08,https://cdscoonline.gov.in/CDSCO/filteredNsqDrugTable?month=May-2025&source=All&tab=nsq
"Med World Pharma, Poonkunnam, Thrissur (retail pharmacy; licence cancellation announced)",person not reported,,"Thiruvananthapuram (Balaramapuram), Thrissur (Poo…",KL-2025-11-fake-seroflo-rotacaps-aswas-medworld,Cases registered; Drugs Controller announced cancellation of the two pharmacies' drug licences; probe into My…,2025-11-19,https://www.onmanorama.com/news/kerala/2025/11/19/fake-medicines-seized-kerala-health-minister-crackdown.html
"Medi King Pharma, Lucknow (denied selling Augmentin Duo 625 shown on invoices)",person not reported,,Lucknow (Aminabad) with Bachhrawan (Rae Bareli) a…,UP-2026-08-lucknow-aminabad-cross-billing,"FIRs registered (29 Jul and 12 Aug 2026, Aminabad PS; Saharanpur FIR after 2 Sept 2026 operation). Ejaz/Aijaz…",2026-07-29,https://www.indiatvnews.com/uttar-pradesh/fsda-cracks-down-on-organised-network-dealing-with-counterfeit-medicines-in-lucknow-fir-against-four-filed-2026-08-12-1051175
"Medical store at Bhopura, Uttar Pradesh, owned by Prem Singh Yadav (name not reported)",Prem Singh Yadav,"Owner/operator of medical store at Bhopura, UP, age 30; allegedly supplied medicines with…","Bhopura, Ghaziabad, Uttar Pradesh",DL-2026-03-antf-alprazolam-tramadol-bhopura-medical-store,4 arrested (Nitin Pathak intercepted 17 Mar 2026; Prem Singh Yadav arrested 19 Mar; Shalu Kumar arrested 21 M…,2026-03-18,https://www.newsgram.com/india/2026/03/29/antf-busts-inter-state-drug-racket-in-delhi-ncr-seizes-psychotropic-substances
"MEDICAMEN Biotech Ltd., Haridwar (Telmisartan Tablets IP 20 mg HT250167, NSQ dissolution)",person not reported,,Kolkata (CDL); New Delhi (CDSCO),CDSCO-2026-07-alert,July 2026 alert (published 21 Aug 2026): 40 samples NSQ by CDSCO central labs; state-lab count reported diffe…,2026-08-21,https://www.etvbharat.com/en/bharat/cdsco-flags-280-drug-samples-as-nsq-or-spurious-in-july-enn26082107816
"M/s Medicament Solutions Pvt. Ltd., Vadodara (illegal online sale of Mounjaro KwikPen without prescription; l…",person not reported,,"Ahmedabad, Vadodara, Savli, Ankleshwar",GJ-2026-05-fdca-coordinated-raids,Amico Formulation LLP manufacturing licence suspended with immediate effect; M/s AEDMAX Lifecare licence susp…,2026-05,https://english.gujaratsamachar.com/news/gujarat/1-21-cr-rs-worth-suspicious-drugs-seized-from-ahmedabad-pharma-unit-93573142389.html
"Medicef Pharma, Plot No-28,29 & 48, Phase-I, Epip, Jharmajri, Baddi, Distt. Solan-173205 (HP) (label, Jun-202…",person not reported,,"Guwahati (State Drugs Testing Laboratory, Assam;…",AS-2026-04-sdtl-assam-aristo-alkem-mankind-spurious,CDSCO remark on the spurious-tab entries (B95Y032 Apr-2026; GTG2220A Feb-2026): 'The product is purported to…,2026-04,https://cdscoonline.gov.in/CDSCO/filteredNsqDrugTable?month=Apr-2026&source=All&tab=nsq
"Medicef Pharma, Plot No. 28, 29 & 48, Phase-I, EPIP, Jharmajri, Baddi, Dist. Solan (HP) - Amoxycillin & Potas…",person not reported,,"Baddi, Kala Amb, Paonta Sahib, Roorkee, Haridwar",CDSCO-2025-2026-synthesis-repeat-offenders,Ongoing investigations (CDSCO remark on every spurious entry: 'subject to outcome of investigation'). July-20…,2026-09,https://thehealthmaster.com/drug-alert-nsq-drugs-lists/
"Medicef Pharma, Plot No. 28, 29 & 48, Phase-I, EPIP, Jharmajri, Baddi, Dist. Solan - 173205 (H.P.) (Amoxycill…",person not reported,,Multiple,CDSCO-2025-2026-other-brand-copy-batches-spurious-tab,Under investigation per CDSCO: every Spurious-tab row carries the remark 'The product is purported to be spur…,2025-01 to 2026-07,https://cdscoonline.gov.in/CDSCO/filteredSpuriousDrugTable?month=Oct-2025&source=All&tab=spurious
"Medicross Laboratories Pvt. Ltd., Plot No. 119, HPSIDC Industrial Area, Baddi (HP) - Tramadol HCl SR 100 mg M…",person not reported,,"Baddi, Kala Amb, Paonta Sahib, Roorkee, Haridwar",CDSCO-2025-2026-synthesis-repeat-offenders,Ongoing investigations (CDSCO remark on every spurious entry: 'subject to outcome of investigation'). July-20…,2026-09,https://thehealthmaster.com/drug-alert-nsq-drugs-lists/
"Medicross Laboratories Pvt. Ltd., Plot No. 119, HPSIDC, Industrial Area, Baddi, Dist. Solan (H.P.) (Tramadol…",person not reported,,Multiple,CDSCO-2025-2026-other-brand-copy-batches-spurious-tab,Under investigation per CDSCO: every Spurious-tab row carries the remark 'The product is purported to be spur…,2025-01 to 2026-07,https://cdscoonline.gov.in/CDSCO/filteredSpuriousDrugTable?month=Oct-2025&source=All&tab=spurious
"Medinoc Health Care, Puducherry (also 'Medichem' / 'Medinok Health Care'; owner Prabhakaran) - July 2026 Preg…",E. Anandakirouchenane,Puducherry Drugs Inspector suspended 2026-07-26 pending disciplinary proceedings after mu…,Puducherry,PY-2025-11-medinoc-raja-lupin-counterfeit-cbi,"CBI investigation ongoing. Original case: 26 persons (incl. 4 women) arrested by Puducherry police/SIT, inclu…",2025-11-12,https://medicaldialogues.in/news/industry/pharma/counterfeit-drug-racket-using-lupin-brand-busted-in-puducherry-fir-filed-160639
"Medinoc Health Care, Puducherry (also 'Medichem' / 'Medinok Health Care'; owner Prabhakaran) - July 2026 Preg…","N. Raja (alias Valliappan, alias Rajasekhar)","main accused / kingpin; businessman of Reddiarpalayam, Puducherry (native of Sivaganga di…","Reddiarpalayam, Puducherry",PY-2025-11-medinoc-raja-lupin-counterfeit-cbi,"CBI investigation ongoing. Original case: 26 persons (incl. 4 women) arrested by Puducherry police/SIT, inclu…",2025-11-12,https://medicaldialogues.in/news/industry/pharma/counterfeit-drug-racket-using-lupin-brand-busted-in-puducherry-fir-filed-160639
"Medinoc Health Care, Puducherry (also 'Medichem' / 'Medinok Health Care'; owner Prabhakaran) - July 2026 Preg…",Prabhakaran (52),owner of Medinoc Health Care; arrested after 2026-07-13 raid that found 3 lakh counterfei…,"Shanmugapuram, Puducherry",PY-2025-11-medinoc-raja-lupin-counterfeit-cbi,"CBI investigation ongoing. Original case: 26 persons (incl. 4 women) arrested by Puducherry police/SIT, inclu…",2025-11-12,https://medicaldialogues.in/news/industry/pharma/counterfeit-drug-racket-using-lupin-brand-busted-in-puducherry-fir-filed-160639
"Medley Pharmaceuticals Ltd. Lane no 3, Phase -1, SIDCO Industrial complex, Bari Brahmana, Jammu -181133 - lab…",person not reported,,"Patna (Bihar Drugs Control Laboratory, BDCL); New…",CDSCO-2025-10-alert,"All 5 batches: CDSCO remark 'The product is purported to be spurious, however, the same is subject to outcome…",2025-10,https://medicaldialogues.in/news/industry/pharma/cdsco/cdsco-flags-5-batches-of-widely-used-drugs-including-azithral-500-telma-am-as-potentially-spurious-159434
"Medley Pharmaceuticals Ltd., Lane No- 3, Phase-1, SIDCO Industrial Complex, Bari Brahmana, Jammu-181133 (labe…",person not reported,,"Guwahati (State Drugs Testing Laboratory, Assam;…",AS-2026-04-sdtl-assam-aristo-alkem-mankind-spurious,CDSCO remark on the spurious-tab entries (B95Y032 Apr-2026; GTG2220A Feb-2026): 'The product is purported to…,2026-04,https://cdscoonline.gov.in/CDSCO/filteredNsqDrugTable?month=Apr-2026&source=All&tab=nsq
"Medreich Limited, Survey No. 14 & 15, Vision Gundarahalli Village, Sulibele Hobli, Hoskote Taluk, Bangaluru R…",person not reported,,"Baddi, Kala Amb, Paonta Sahib, Roorkee, Haridwar",CDSCO-2025-2026-synthesis-repeat-offenders,Ongoing investigations (CDSCO remark on every spurious entry: 'subject to outcome of investigation'). July-20…,2026-09,https://thehealthmaster.com/drug-alert-nsq-drugs-lists/
"Medreich Limited, Survey No. 14 & 15, Vision Gundarahalli Village, Sulibele Hobli, Hoskote Taluk, Bangaluru R…",person not reported,,Patna (BDCL); Kolkata (CDL),CDSCO-2026-05-alert,"Under investigation. CDSCO remarks on both CDL Kolkata batches: 'The product is purported to be spurious, how…",2026-05,https://medicaldialogues.in/news/industry/pharma/cdsco/cdsco-probes-two-suspected-spurious-antibiotic-batches-of-cefixime-amoxycillin-clavulanate-175635
"Medreich Limited, Survey No. 14 & 15, Vision Gundarahalli Village, Sulibele Hobli, Hoskote Taluk, Bangaluru R…",person not reported,,Multiple,CDSCO-2025-2026-other-brand-copy-batches-spurious-tab,Under investigation per CDSCO: every Spurious-tab row carries the remark 'The product is purported to be spur…,2025-01 to 2026-07,https://cdscoonline.gov.in/CDSCO/filteredSpuriousDrugTable?month=Oct-2025&source=All&tab=spurious
"Medreich Limited,Survey No. 14 & 15, Vision Gundarahalli Village, Sulibele Hobli, Hoskote Taluk, Bangaluru Ru…",person not reported,,not reported (testing labs: CDL Kolkata; RDTL Cha…,CDSCO-2025-07-alert,"ongoing - CDSCO remark on each row: 'The product is purported to be spurious, however, the same is subject to…",2025-07,https://medicaldialogues.in/news/industry/pharma/cdsco/cdsco-flags-8-batches-of-spurious-medicines-including-popular-brands-augmentin-pan-40-154210
"Medrich Ltd. [sic], Survey No. 12 &15, Gundarahalli village, Sulibele Hobli, Hoskote Taluk, Bengaluru Rural D…",person not reported,,"Guwahati (State Drugs Testing Laboratory, Assam;…",AS-2026-04-sdtl-assam-aristo-alkem-mankind-spurious,CDSCO remark on the spurious-tab entries (B95Y032 Apr-2026; GTG2220A Feb-2026): 'The product is purported to…,2026-04,https://cdscoonline.gov.in/CDSCO/filteredNsqDrugTable?month=Apr-2026&source=All&tab=nsq
"Meenakshi Pharma, Puducherry (A.K. Rana)",A.K. Rana,"owner of Meenakshi Pharma, Puducherry; described by Agra police as kingpin of inter-state…",Puducherry,PY-2025-11-medinoc-raja-lupin-counterfeit-cbi,"CBI investigation ongoing. Original case: 26 persons (incl. 4 women) arrested by Puducherry police/SIT, inclu…",2025-11-12,https://medicaldialogues.in/news/industry/pharma/counterfeit-drug-racket-using-lupin-brand-busted-in-puducherry-fir-filed-160639
"Meenakshi Pharma, Puducherry (A.K. Rana)",E. Anandakirouchenane,Puducherry Drugs Inspector suspended 2026-07-26 pending disciplinary proceedings after mu…,Puducherry,PY-2025-11-medinoc-raja-lupin-counterfeit-cbi,"CBI investigation ongoing. Original case: 26 persons (incl. 4 women) arrested by Puducherry police/SIT, inclu…",2025-11-12,https://medicaldialogues.in/news/industry/pharma/counterfeit-drug-racket-using-lupin-brand-busted-in-puducherry-fir-filed-160639
"Meenakshi Pharma, Puducherry (A.K. Rana)","N. Raja (alias Valliappan, alias Rajasekhar)","main accused / kingpin; businessman of Reddiarpalayam, Puducherry (native of Sivaganga di…","Reddiarpalayam, Puducherry",PY-2025-11-medinoc-raja-lupin-counterfeit-cbi,"CBI investigation ongoing. Original case: 26 persons (incl. 4 women) arrested by Puducherry police/SIT, inclu…",2025-11-12,https://medicaldialogues.in/news/industry/pharma/counterfeit-drug-racket-using-lupin-brand-busted-in-puducherry-fir-filed-160639
"Meenakshi Pharma, Puducherry (manufacturer/supplier of counterfeits; owned by A.K. Rana; CBCID raid on factor…",A.K. Rana,Kingpin of inter-state network; owner-controller of Meenakshi Pharma; manufactured counte…,Puducherry,UP-2025-08-agra-fawwara-stf-syndicate,"Dhanauli case: Ikrar, Shamin alias Chhotu and Salua alias Mukim arrested and sent to jail by court (1 Oct 202…",2026-09-29,https://medicaldialogues.in/news/industry/pharma/rs-1-crore-bribe-to-drug-officials-exposed-up-stf-busts-multi-crore-fake-drugs-syndicate-154178
"Meet Enterprises, Aminabad, Lucknow (earlier FIR)",person not reported,,"Lucknow (Aminabad, Alambagh, Bakshi Ka Talab, Kai…",UP-2026-08-fsda-multi-district,"ongoing. Lucknow: 7 FIRs against 32 persons, 2 arrests; Agra: 9 FIRs, 2 arrests; Varanasi: surgical shop oper…",2026-08-19,https://www.etvbharat.com/hi/state/illegal-medicines-worth-5-dot-43-crore-seized-in-four-districts-of-uttar-pradesh-ups26081906919
M/s Effi Parenterals - 5-year debarment; additional products banned - location not reported,person not reported,,Jaipur (RMSC HQ),RJ-2025-11-rmscl-7-firms-40-drugs-blacklist,7 firms debarred in FY2025-26 (5 for five years for supplying substandard/adulterated medicines; 2 for three…,2025-11-20,https://medicaldialogues.in/news/industry/pharma/rajasthan-medical-services-corp-bans-7-pharma-firms-40-drugs-over-quality-concerns-159266
Eight drug manufacturing firms whose licences were suspended (names not disclosed),person not reported,,Gandhinagar (statewide); counterfeit-drug raids i…,GJ-2026-09-fdca-50-licences,August 2026 action reviewed on 2 Sept 2026: sales licences of 50 drug firms cancelled; closure orders for two…,2026-09-02,https://bilkulonline.com/2026/09/02/gujarat-fdca-cancels-licences-of-50-drug-firms-seizes-42988-kg-of-suspected-food-products/
"Eight unnamed wholesale/retail medical stores in Roorkee and Jhabrera, Haridwar district (purchase-sale stopp…",person not reported,,Haridwar (Jwalapur); Roorkee and Jhabrera (Haridw…,UK-2026-haridwar-roorkee-medical-store-raids,Haridwar/Jwalapur (Feb 2026): Vaibhav Medicos and Kumar Chemist found with heavy irregularities (narcotic dru…,"2026-02-12 (Jwalapur, Haridwa…",https://www.etvbharat.com/hi/state/haridwar-drug-department-raid-many-medical-stores-licenses-cancelled-uttarakhand-news-uts26021205809
Eight unregistered/unauthorised godowns in Gaya (two in Khanjahanpur area; six more across the city) - operat…,person not reported,,"Gaya (Khanjahanpur / Manpur-Buniyadganj, Murarpur…",BR-2026-08-cbn-operation-vajra-gaya-masaurhi-counterfeit-network,"Main accused (mastermind, absconding since the 2025 CBN case) arrested by CBN on 22 July 2026; an associate '…",2026-07-27,https://www.drishtiias.com/state-pcs-current-affairs/cbn-dismantles-inter-state-counterfeit-drug-network-under-operation-vajra
"M/s Elder Bio Drugs Pvt. Ltd., Plot No. 15/1, Pipliya Kumar, 1B-1st Floor, 37-A, Mangal Compound, Dewas Naka,…",person not reported,,"Ranchi (State Drugs Testing Laboratory, Jharkhand)",JH-2025-2026-sdtl-jharkhand-nsq-ors-ifa-and-ranchi-manufacturer,"NSQ declarations only (CDSCO monthly NSQ alert tables); no spurious declaration, licence action or police cas…",2025-06 to 2026-08,https://cdscoonline.gov.in/CDSCO/filteredNsqDrugTable?month=Jun-2025&source=All&tab=nsq
"Elfin Drugs Pvt Ltd, Vill Berson, HP-174101 (Elmet-500 batch G-358/5431)",person not reported,,"Ranchi (State Drugs Testing Laboratory, Jharkhand)",JH-2025-2026-sdtl-jharkhand-nsq-ors-ifa-and-ranchi-manufacturer,"NSQ declarations only (CDSCO monthly NSQ alert tables); no spurious declaration, licence action or police cas…",2025-06 to 2026-08,https://cdscoonline.gov.in/CDSCO/filteredNsqDrugTable?month=Jun-2025&source=All&tab=nsq
"Elixir Cure, Express Road - Canal Patri, Harbansmohal, Kanpur (invoiced source of 1,859 vials; proprietor Tar…",Tarandeep Singh,"proprietor/operator, Elixir Cure; invoiced supplier of 1,859 vials to New RJ Agencies; de…","Express Road - Canal Patri, Harbansmohal, Kanpur",DL-UP-2026-09-bhagirath-palace-vs-pharmaceuticals-fake-abhayrab,"FIR lodged at Collectorganj PS against three accused (Baljit Kaur, Rajinder Singh, Tarandeep Singh); both Kan…",2026-09-22,https://www.etvbharat.com/en/state/delhi-fake-drug-racket-busted-481-counterfeit-rabies-vaccine-units-worth-rs-2-lakh-seized-from-bhagirath-palace-enn26092301276
"Sena Medical, Lucknow, Uttar Pradesh (upstream supplier to Parshva Medical Agency)",Dashil Sanghvi,"accused, aged 39; allegedly procured and distributed the counterfeit stock in Gujarat (li…",Ahmedabad,GJ-2026-08-ahmedabad-nicardia-counterfeit,"3 arrested (2026-08-27); case registered at DCB police station, Ahmedabad; interstate network (Gujarat/UP/Raj…",2026-08-27,https://raw.githubusercontent.com/songjen/india-pharma-report/main/reports/India_Pharma_Daily_20260828.md
"Sena Medical, Lucknow, Uttar Pradesh (upstream supplier to Parshva Medical Agency)",Devendra Yadav,"accused, aged 39; allegedly sourced the medicines at discounted rates and arranged supply…","Lucknow, Uttar Pradesh",GJ-2026-08-ahmedabad-nicardia-counterfeit,"3 arrested (2026-08-27); case registered at DCB police station, Ahmedabad; interstate network (Gujarat/UP/Raj…",2026-08-27,https://raw.githubusercontent.com/songjen/india-pharma-report/main/reports/India_Pharma_Daily_20260828.md
"Sena Medical, Lucknow, Uttar Pradesh (upstream supplier to Parshva Medical Agency)",Umang Rastogi,"accused, aged 34; allegedly sourced the medicines at discounted rates and arranged supply…","Lucknow, Uttar Pradesh",GJ-2026-08-ahmedabad-nicardia-counterfeit,"3 arrested (2026-08-27); case registered at DCB police station, Ahmedabad; interstate network (Gujarat/UP/Raj…",2026-08-27,https://raw.githubusercontent.com/songjen/india-pharma-report/main/reports/India_Pharma_Daily_20260828.md
"Sena Pharma / Sena Pharmas, Lucknow, Uttar Pradesh (alleged source of supply chain)",Sena Pharma (DeshGujarat spelling: Sena Pharmas),alleged origin of counterfeit Nicardia Retard 10 supply chain,"Lucknow, Uttar Pradesh",GJ-2026-09-fdca-50-licences,August 2026 action reviewed on 2 Sept 2026: sales licences of 50 drug firms cancelled; closure orders for two…,2026-09-02,https://bilkulonline.com/2026/09/02/gujarat-fdca-cancels-licences-of-50-drug-firms-seizes-42988-kg-of-suspected-food-products/
"Separate related case (not among the 17): HK Pharmaceutical / HK Polyclinic, Faridabad (Dr. Manish Sharma, 39…",person not reported,,"Delhi (Laxmi Nagar, Govindpuri; raids in East Del…",DL-2026-08-crime-branch-anticancer-syndicate-17-arrested,"17 arrested (announced 2026-08-20); investigation continuing to trace supply/financial network, end beneficia…",2026-08-20,https://aninews.in/news/national/general-news/delhi-crime-branch-busts-interstate-anti-cancer-drug-racket-17-arrested-medicines-worth-rs-9-crore-seized20260820145541/
Merril Pharma,person not reported,,West Bengal; national,CDSCO-2026-04-alert,Under investigation (unverified - all sources unreachable on 2026-10-07: medicaldialogues.in and cdsco.gov.in…,2026-04,https://medicaldialogues.in/news/industry/pharma/cdsco-flags-ursodeoxycholic-acid-tablets-batch-as-purportedly-spurious-171268
"Meru Pharma, Surat",person not reported,,Gandhinagar (statewide); counterfeit-drug raids i…,GJ-2026-09-fdca-50-licences,August 2026 action reviewed on 2 Sept 2026: sales licences of 50 drug firms cancelled; closure orders for two…,2026-09-02,https://bilkulonline.com/2026/09/02/gujarat-fdca-cancels-licences-of-50-drug-firms-seizes-42988-kg-of-suspected-food-products/
"Messer Rajasthan Medical Hall (Rajasthan Medical Hall), Indraprastha Industrial Area, Kota, Rajasthan (wholes…","Dr. B.L. Patidar, Dr. Khushbu Meena, Dr. Navneet Kumar (not accused o…",Kota Medical College doctors suspended in May 2026 over alleged treatment/supervision neg…,"Kota, Rajasthan",PB-RJ-2026-06-jackson-labs-oxytocin,Confirmed: Rajasthan DTL Jaipur found batch I-7881 contains no oxytocin (CDSCO May-2026 alert); RDTL Chandiga…,2026-05 to 2026-10 (deaths 5-…,https://www.livemint.com/companies/jackson-laboratories-licence-cancelled-pregnant-women-death-oxytocin-pharma-11780568790301.html
"Messer Rajasthan Medical Hall (Rajasthan Medical Hall), Indraprastha Industrial Area, Kota, Rajasthan (wholes…",Mahesh Mittal,"proprietor of distributor Rajasthan Medical Hall, allegedly handling sale and distributio…","Indraprastha Industrial Area, Kota, Rajasthan",PB-RJ-2026-06-jackson-labs-oxytocin,Confirmed: Rajasthan DTL Jaipur found batch I-7881 contains no oxytocin (CDSCO May-2026 alert); RDTL Chandiga…,2026-05 to 2026-10 (deaths 5-…,https://www.livemint.com/companies/jackson-laboratories-licence-cancelled-pregnant-women-death-oxytocin-pharma-11780568790301.html
"Messer Rajasthan Medical Hall (Rajasthan Medical Hall), Indraprastha Industrial Area, Kota, Rajasthan (wholes…",Shadab Khan,"authorised representative of Rajasthan Medical Hall, absent during 19 May 2026 inspection","Kota, Rajasthan",PB-RJ-2026-06-jackson-labs-oxytocin,Confirmed: Rajasthan DTL Jaipur found batch I-7881 contains no oxytocin (CDSCO May-2026 alert); RDTL Chandiga…,2026-05 to 2026-10 (deaths 5-…,https://www.livemint.com/companies/jackson-laboratories-licence-cancelled-pregnant-women-death-oxytocin-pharma-11780568790301.html
Eucratia Healthcare Pvt Ltd - name printed on seized CEFIAVIGENT 2.5 Injection labels (role/status not clarif…,person not reported,,"Bidadi, Bengaluru South (farmhouse at Hejjala nea…",KA-2026-08-bidadi-krupa,Ongoing. Verified this pass: Veeresh Kumar Jain (Krupa Healthcare owner) arrested 12 Sep 2026 and remanded to…,2026-08-18,https://raw.githubusercontent.com/songjen/india-pharma-report/main/reports/India_Pharma_Daily_20260820.md
"M/s. Eurolife Healthcare Pvt. Ltd., K.No-520, Bhagwanpur, Roorkee-247667, Uttarakhand (NSQ, Ringer Lactate)",person not reported,,national (CDSCO monthly alert; sampling location…,CDSCO-2025-02-alert,"Under investigation. CDSCO remark: 'The product is purported to be spurious, however, the same is subject to…",2025-02,https://medicaldialogues.in/news/industry/pharma/drug-alert-47-drug-samples-fail-to-clear-cdsco-test-1-declared-spurious-145785
"Evershine and Avani Pharma (suppliers from whom Surendra Gupta bought ~13,000 packets genuine Oxalgin-DP, per…",person not reported,,Agra (Fuwara/Fawwara drug market: Kamtoola/Kambut…,UP-2026-05-agra-fsda-18-stores,"Kingpin Surendra Gupta (Shri Medical Agency, Kambutola) arrested by Kotwali police from his residence on Satu…",2026-05-21,https://drugscontrol.org/news-detail.php?newsid=44996
"Farbe Firma Pvt. Ltd., GIDC, Ankleshwar, Gujarat - NSQ Buprenorphine Injection IP 0.3ml",person not reported,,Kolkata (CDL),CDSCO-2026-03-alert,"Ongoing investigation. CDSCO portal remark: 'The product is purported to be spurious, however, the same is su…",2026-03,https://medicaldialogues.in/news/industry/pharma/cdsco/suspected-spurious-buprenorphine-injection-batch-under-scanner-cdsco-launches-investigation-169200
FDA Chhattisgarh,Rakhi Singh Thakur,"Food Safety Officer, present at the cafe meeting; transferred to Jashpur",Raipur,CG-2026-02-adc-netam-suspended,Sanjay Kumar Netam suspended with immediate effect (order reported 11-Feb-2026); headquarters during suspensi…,2026-02-11,https://drugscontrol.org/news-detail.php?newsid=44253
"Finecure Pharmaceuticals Ltd., PF-5 & 6, Sanand Industrial Estate-II, GIDC, Sanand, District Ahmedabad - Jul-…",person not reported,,Bhubaneswar (State Drugs Testing & Research Labor…,OD-2025-2026-sdtrl-bhubaneswar-nsq-roundup,51 NSQ batches reported by the Odisha state lab (SDT&RL/SFTRL Bhubaneswar) in the CDSCO monthly tables Oct-20…,2025-10 to 2026-08,https://cdscoonline.gov.in/CDSCO/filteredNsqDrugTable?month=Oct-2025&source=All&tab=nsq
"Finecure Pharmaceuticals Ltd., Sanand, Ahmedabad (Pantoprazole Tablets IP PEP5001, NSQ dissolution)",person not reported,,Kolkata (CDL); New Delhi (CDSCO),CDSCO-2026-07-alert,July 2026 alert (published 21 Aug 2026): 40 samples NSQ by CDSCO central labs; state-lab count reported diffe…,2026-08-21,https://www.etvbharat.com/en/bharat/cdsco-flags-280-drug-samples-as-nsq-or-spurious-in-july-enn26082107816
firm not reported,Abdul Quddus Kashif (Prabhat Khabar: अब्दुल कुद्दुस काशिफ; ETV Bharat…,arrested carrier/supplier – was bringing the consignment by motorcycle from Ranchi to Khu…,"Zakir Nagar East, Azad Nagar, Jamshedpur, Jharkha…",JH-2026-10-khunti-ranchi-route-syrup-tablets-jamshedpur-accused,"One arrested (59-year-old, per ETV Bharat); network said to span Ranchi and Khunti; raids on at the accused's…",2026-10-04,https://www.etvbharat.com/hi/state/police-arrested-accused-person-with-banned-cough-syrup-and-tablets-in-khunti-jhs26100404199
firm not reported,Abhishek Vaishya,"accused (26), educated to class 12; procured and supplied anti-cancer medicines through u…","Laxmi Nagar, Delhi",DL-2026-08-crime-branch-anticancer-syndicate-17-arrested,"17 arrested (announced 2026-08-20); investigation continuing to trace supply/financial network, end beneficia…",2026-08-20,https://aninews.in/news/national/general-news/delhi-crime-branch-busts-interstate-anti-cancer-drug-racket-17-arrested-medicines-worth-rs-9-crore-seized20260820145541/
firm not reported,Ajay Kumar Srivastava,Senior Assistant; named in Balrampur vigilance case,Balrampur,UP-2026-09-ed-upmscl-devipatan-scam,"Mukesh Srivastava arrested by UP Vigilance from Wave Mall, Lucknow on 2026-06-09 (reported 2026-06-10) in dis…",2026-09-16,https://timesofindia.indiatimes.com/city/lucknow/ed-files-case-begins-probe-into-100cr-medicine-equipment-supply-scam-in-up/articleshow/134271977.cms
firm not reported,Amit Sen (also Amit San),supplied materials; took away finished strips,Saharanpur,UP-2026-08-lucknow-aminabad-cross-billing,"FIRs registered (29 Jul and 12 Aug 2026, Aminabad PS; Saharanpur FIR after 2 Sept 2026 operation). Ejaz/Aijaz…",2026-07-29,https://www.indiatvnews.com/uttar-pradesh/fsda-cracks-down-on-organised-network-dealing-with-counterfeit-medicines-in-lucknow-fir-against-four-filed-2026-08-12-1051175
firm not reported,Anand Kumar,"accused (42); B Com (Dhanbad), former pharmaceutical firm operator in Dhanbad; key interm…","Noida, Uttar Pradesh",DL-2026-08-crime-branch-anticancer-syndicate-17-arrested,"17 arrested (announced 2026-08-20); investigation continuing to trace supply/financial network, end beneficia…",2026-08-20,https://aninews.in/news/national/general-news/delhi-crime-branch-busts-interstate-anti-cancer-drug-racket-17-arrested-medicines-worth-rs-9-crore-seized20260820145541/
firm not reported,Annu Arora,Named in Roorkee illegal factory FIR,"Narayan Vihar, Railway Road, Roorkee, Haridwar (U…",UP-2026-05-agra-fsda-18-stores,"Kingpin Surendra Gupta (Shri Medical Agency, Kambutola) arrested by Kotwali police from his residence on Satu…",2026-05-21,https://drugscontrol.org/news-detail.php?newsid=44996
firm not reported,Arun,accused (aged 59 per search snippet) running unlicensed factory in Gaya; his disclosures…,"Gaya, Bihar",BR-2026-02-delhi-antf-bihar-fake-factories-gaya-patna,Nine arrests in total across the Bihar factories (second and third busts within a week); unit had no manufact…,2026-02-23 to 2026-02-24,https://www.tmv.in/article/delhi-police-bust-fake-drug-factory-near-patna-nine-arrested-drugs-worth-5-crore-seized-date=2026-02-24
firm not reported,Arun Singh,alleged operator of Gaya unit (same person as 'Arun' in other reports),"Gaya, Bihar",BR-2026-02-delhi-antf-bihar-fake-factories-gaya-patna,Nine arrests in total across the Bihar factories (second and third busts within a week); unit had no manufact…,2026-02-23 to 2026-02-24,https://www.tmv.in/article/delhi-police-bust-fake-drug-factory-near-patna-nine-arrested-drugs-worth-5-crore-seized-date=2026-02-24
firm not reported,Ashish Jain,Transporter who introduced the operatives to Himanshu Agarwal; named in Dhanauli FIR; abs…,Agra,UP-2025-08-agra-fawwara-stf-syndicate,"Dhanauli case: Ikrar, Shamin alias Chhotu and Salua alias Mukim arrested and sent to jail by court (1 Oct 202…",2026-09-29,https://medicaldialogues.in/news/industry/pharma/rs-1-crore-bribe-to-drug-officials-exposed-up-stf-busts-multi-crore-fake-drugs-syndicate-154178
firm not reported,Associate arrested earlier (name not disclosed),Set up illicit manufacturing unit for Buprenorphine and other narcotic drugs at a farmhou…,"Masaurhi, Patna district",BR-2026-08-cbn-operation-vajra-gaya-masaurhi-counterfeit-network,"Main accused (mastermind, absconding since the 2025 CBN case) arrested by CBN on 22 July 2026; an associate '…",2026-07-27,https://www.drishtiias.com/state-pcs-current-affairs/cbn-dismantles-inter-state-counterfeit-drug-network-under-operation-vajra
firm not reported,Avi Sharma,"principal accused / mastermind; admitted manufacturing the product at Flat No.605, Tower-…","P-2403, 4th Floor, Eldeco Tower, Sector-2, Sohna,…",HR-2026-04-gurugram-counterfeit-mounjaro,Both accused arrested 19.04.2026 (Avi Sharma in custody since 19.04.2026). Regular bail application of Avi Sh…,2026-04-18,https://www.business-standard.com/india-news/fake-mounjaro-injection-manufacturing-racket-busted-in-gurugram-2-arrested-126042001292_1.html
firm not reported,Bhupendra Sharma (भूपेंद्र शर्मा),booked; Rajasthan source of fake medicines found in Aminabad godown (Jagran),Rajasthan,UP-2026-08-fsda-multi-district,"ongoing. Lucknow: 7 FIRs against 32 persons, 2 arrests; Agra: 9 FIRs, 2 arrests; Varanasi: surgical shop oper…",2026-08-19,https://www.etvbharat.com/hi/state/illegal-medicines-worth-5-dot-43-crore-seized-in-four-districts-of-uttar-pradesh-ups26081906919
firm not reported,Brijesh,allegedly operated the unlicensed manufacturing facility near Patna producing counterfeit…,"near Patna, Bihar",BR-2026-02-delhi-antf-bihar-fake-factories-gaya-patna,Nine arrests in total across the Bihar factories (second and third busts within a week); unit had no manufact…,2026-02-23 to 2026-02-24,https://www.tmv.in/article/delhi-police-bust-fake-drug-factory-near-patna-nine-arrested-drugs-worth-5-crore-seized-date=2026-02-24
firm not reported,Chandan Ojha,"accused arrested from Kolkata by Tripura Crime Branch, brought to Agartala 19 August 2026","Kolkata, West Bengal",NE-2026-07-tripura-codeine-syrup-crackdown,"Subrata Deb (34), manager of B.K. Enterprise, Agartala, arrested by DRI on 2 July 2026 while arriving to take…",2026-07-02,https://drugscontrol.org/news-detail.php?newsid=45311
firm not reported,Chandan Verman (spelt Chandan Barman in later reports),consignor named in railway booking records (Katihar to Agartala); not reported as arrested,"Agartala, Tripura",NE-2026-07-tripura-codeine-syrup-crackdown,"Subrata Deb (34), manager of B.K. Enterprise, Agartala, arrested by DRI on 2 July 2026 while arriving to take…",2026-07-02,https://drugscontrol.org/news-detail.php?newsid=45311
firm not reported,Chetan,Reported lessee of farmhouse in Aug 2026 reports [NOT RE-VERIFIED],Bengaluru,KA-2026-08-bidadi-krupa,Ongoing. Verified this pass: Veeresh Kumar Jain (Krupa Healthcare owner) arrested 12 Sep 2026 and remanded to…,2026-08-18,https://raw.githubusercontent.com/songjen/india-pharma-report/main/reports/India_Pharma_Daily_20260820.md
firm not reported,Deepak alias Ravi,accused (33); dental technician; former personal assistant to an oncologist at a reputed…,"Faridabad, Haryana",DL-2026-08-crime-branch-anticancer-syndicate-17-arrested,"17 arrested (announced 2026-08-20); investigation continuing to trace supply/financial network, end beneficia…",2026-08-20,https://aninews.in/news/national/general-news/delhi-crime-branch-busts-interstate-anti-cancer-drug-racket-17-arrested-medicines-worth-rs-9-crore-seized20260820145541/
firm not reported,Deepak Singhal,Brother of Himanshu Agarwal; his warehouse locks were broken and searched in the Aug 2025…,Agra,UP-2025-08-agra-fawwara-stf-syndicate,"Dhanauli case: Ikrar, Shamin alias Chhotu and Salua alias Mukim arrested and sent to jail by court (1 Oct 202…",2026-09-29,https://medicaldialogues.in/news/industry/pharma/rs-1-crore-bribe-to-drug-officials-exposed-up-stf-busts-multi-crore-fake-drugs-syndicate-154178
firm not reported,Dilshad,Brother of Ikrar; owner of the Dhanauli godown (per Ikrar's statement); status not report…,"Dhanauli, Agra",UP-2025-08-agra-fawwara-stf-syndicate,"Dhanauli case: Ikrar, Shamin alias Chhotu and Salua alias Mukim arrested and sent to jail by court (1 Oct 202…",2026-09-29,https://medicaldialogues.in/news/industry/pharma/rs-1-crore-bribe-to-drug-officials-exposed-up-stf-busts-multi-crore-fake-drugs-syndicate-154178
firm not reported,Dr Ghanshyam Singh,then Chief Medical Officer (retired); named in Balrampur vigilance case,Balrampur,UP-2026-09-ed-upmscl-devipatan-scam,"Mukesh Srivastava arrested by UP Vigilance from Wave Mall, Lucknow on 2026-06-09 (reported 2026-06-10) in dis…",2026-09-16,https://timesofindia.indiatimes.com/city/lucknow/ed-files-case-begins-probe-into-100cr-medicine-equipment-supply-scam-in-up/articleshow/134271977.cms
firm not reported,Dr Praveen Kumar,Medical Superintendent / then CMO (retired); named in Balrampur vigilance case,Balrampur,UP-2026-09-ed-upmscl-devipatan-scam,"Mukesh Srivastava arrested by UP Vigilance from Wave Mall, Lucknow on 2026-06-09 (reported 2026-06-10) in dis…",2026-09-16,https://timesofindia.indiatimes.com/city/lucknow/ed-files-case-begins-probe-into-100cr-medicine-equipment-supply-scam-in-up/articleshow/134271977.cms
firm not reported,Dr Praveen Soni,Government paediatrician posted at Civil Hospital/CHC Parasia who prescribed Coldrif in p…,"Parasia, Chhindwara",TN-MP-2025-10-coldrif-sresan-deg,"Seven arrested: G. Ranganathan (owner, arrested 8-9 Oct 2025 at Chennai by MP SIT, Rs 20,000 reward had been…",2025-10-04,https://medicaldialogues.in/news/industry/pharma/sresan-pharmas-coldrif-syrup-banned-after-486-toxic-diethylene-glycol-detected-156353
firm not reported,Dr Satyadev,then CMO (retired); named in Balrampur vigilance case,Balrampur,UP-2026-09-ed-upmscl-devipatan-scam,"Mukesh Srivastava arrested by UP Vigilance from Wave Mall, Lucknow on 2026-06-09 (reported 2026-06-10) in dis…",2026-09-16,https://timesofindia.indiatimes.com/city/lucknow/ed-files-case-begins-probe-into-100cr-medicine-equipment-supply-scam-in-up/articleshow/134271977.cms
firm not reported,four others (names not disclosed),helped in supply of raw materials and sale and distribution of the medicines,"Bhiwandi, Thane district",MH-2024-thane-veterinary,FIR registered against 5 persons (factory owner and four others who helped in supply of raw materials and sal…,2024-08-05,https://www.deccanherald.com/india/maharashtra/raw-materials-used-to-illegally-make-veterinary-medicines-seized-in-thane-5-booked-3142148
firm not reported,Gagan,accused (28); wholesale medicine trader since 2021; sourced injections from Satish Kumar…,"Indirapuram, Ghaziabad",DL-2026-08-crime-branch-anticancer-syndicate-17-arrested,"17 arrested (announced 2026-08-20); investigation continuing to trace supply/financial network, end beneficia…",2026-08-20,https://aninews.in/news/national/general-news/delhi-crime-branch-busts-interstate-anti-cancer-drug-racket-17-arrested-medicines-worth-rs-9-crore-seized20260820145541/
firm not reported,Gandla Ramulu,"main accused; habitual/repeat offender with several spurious-drug cases in Telangana, out…",Hyderabad (apprehended at Karmanghat),TS-2024-11-shree-pharma-prayagraj-courier-spurious-antibiotics,Both Gandla Ramulu and Munishekhar apprehended during the raids (22 Nov 2024); case registered under NDPS Act…,2024-11-22,https://thesouthfirst.com/health/courier-networks-fake-firms-false-packaging-how-telangana-dca-is-busting-spurious-drugs/
firm not reported,Gaurav Tyagi (गौरव त्यागी),booked; Dehradun illegal manufacturing unit (Jagran),Dehradun,UP-2026-08-fsda-multi-district,"ongoing. Lucknow: 7 FIRs against 32 persons, 2 arrests; Agra: 9 FIRs, 2 arrests; Varanasi: surgical shop oper…",2026-08-19,https://www.etvbharat.com/hi/state/illegal-medicines-worth-5-dot-43-crore-seized-in-four-districts-of-uttar-pradesh-ups26081906919
firm not reported,Gnanapriya,wife of Raja; arrested in original case (Dinamalar),"Reddiarpalayam, Puducherry",PY-2025-11-medinoc-raja-lupin-counterfeit-cbi,"CBI investigation ongoing. Original case: 26 persons (incl. 4 women) arrested by Puducherry police/SIT, inclu…",2025-11-12,https://medicaldialogues.in/news/industry/pharma/counterfeit-drug-racket-using-lupin-brand-busted-in-puducherry-fir-filed-160639
firm not reported,Hitendra Agrawal,FIR process initiated (Yug Pharma thread),Agra,UP-2026-05-agra-fsda-18-stores,"Kingpin Surendra Gupta (Shri Medical Agency, Kambutola) arrested by Kotwali police from his residence on Satu…",2026-05-21,https://drugscontrol.org/news-detail.php?newsid=44996
firm not reported,House owner (name not reported),owner of the dilapidated house at Kanhaiyaganj Tola used to store fake medicines; detaine…,"Kanhaiyaganj Tola, Hulashganj, Jehanabad",BR-2026-03-jehanabad-hulashganj-fake-medicine-racket,March 2026 raid: house owner detained and questioned (Insider Live); 'some people' detained (Deshaj Times); F…,2026-03-12,https://insiderlive.in/jehanabad-fake-medicine-racket-busted-hulashganj-police-raid/
firm not reported,Ikrar,"Warehouse operative, resident Teen Chhatri, Dhanauli; godown belongs to his brother Dilsh…","Dhanauli, Agra",UP-2025-08-agra-fawwara-stf-syndicate,"Dhanauli case: Ikrar, Shamin alias Chhotu and Salua alias Mukim arrested and sent to jail by court (1 Oct 202…",2026-09-29,https://medicaldialogues.in/news/industry/pharma/rs-1-crore-bribe-to-drug-officials-exposed-up-stf-busts-multi-crore-fake-drugs-syndicate-154178
firm not reported,Ishtar Bhai (also Ishtaqar),"supplied tablets, foil, cartons, batch stereos; took away finished strips",Saharanpur,UP-2026-08-lucknow-aminabad-cross-billing,"FIRs registered (29 Jul and 12 Aug 2026, Aminabad PS; Saharanpur FIR after 2 Sept 2026 operation). Ejaz/Aijaz…",2026-07-29,https://www.indiatvnews.com/uttar-pradesh/fsda-cracks-down-on-organised-network-dealing-with-counterfeit-medicines-in-lucknow-fir-against-four-filed-2026-08-12-1051175
firm not reported,Israil Ansari (इस्राइल अंसारी),"main accused of the gang, absconding","Muslim Tola, Hansdiha police station area, Dumka",JH-2026-09-dumka-banned-cough-syrup-narcotic-drugs,"Two arrested (Yusuf Ansari alias Yunus Ansari, Shamsher Ansari alias Kelu) and sent to jail on Thursday (2026…",2026-09-24,https://www.amarujala.com/jharkhand/ranchi/banned-cough-syrup-and-narcotic-drugs-worth-4-lakh-seized-in-dumka-two-arrested-2026-09-24
firm not reported,Jaswant Sharma,accused (42); nursing-qualified; nursing in-charge of oncology department of a reputed ho…,"Faridabad, Haryana",DL-2026-08-crime-branch-anticancer-syndicate-17-arrested,"17 arrested (announced 2026-08-20); investigation continuing to trace supply/financial network, end beneficia…",2026-08-20,https://aninews.in/news/national/general-news/delhi-crime-branch-busts-interstate-anti-cancer-drug-racket-17-arrested-medicines-worth-rs-9-crore-seized20260820145541/
firm not reported,Javed Khan,Relative of Abid; supplied him the tablets; arrested Oct 30 (per search snippet),Delhi,DL-2025-26-international-courier-psychotropic-rs9cr,"5 arrested (per search snippets): Mohammad Abid first, Javed Khan on Oct 30, Sunil Kumar on Nov 2, then Vishn…",not confirmed (search snippet…,https://theprint.in/india/delhi-police-busts-international-drug-racket-arrests-5-with-psychotropic-pills-worth-rs-9-cr/2861628/
firm not reported,Juvenile (child in conflict with law),Apprehended with Nitin Pathak on the motorcycle on 17 Mar 2026,"Delhi-NCR (northeast Delhi: Shiv Vihar Tiraha, Jo…",DL-2026-03-antf-alprazolam-tramadol-bhopura-medical-store,4 arrested (Nitin Pathak intercepted 17 Mar 2026; Prem Singh Yadav arrested 19 Mar; Shalu Kumar arrested 21 M…,2026-03-18,https://www.newsgram.com/india/2026/03/29/antf-busts-inter-state-drug-racket-in-delhi-ncr-seizes-psychotropic-substances
firm not reported,K Maheshwari,Chemist; arrested (reported by 28 Oct 2025),Chhindwara (MP),TN-MP-2025-10-coldrif-sresan-deg,"Seven arrested: G. Ranganathan (owner, arrested 8-9 Oct 2025 at Chennai by MP SIT, Rs 20,000 reward had been…",2025-10-04,https://medicaldialogues.in/news/industry/pharma/sresan-pharmas-coldrif-syrup-banned-after-486-toxic-diethylene-glycol-detected-156353
firm not reported,Laxman Mukhia (48),Tempo driver; handled bulk transportation from hospital points to transport hubs,Delhi,DL-2026-04-ddu-hospital-diversion,"5 arrested (3 on 2 April 2026 at Tis Hazari, 2 hospital staff subsequently on disclosure); medicines and vehi…",2026-04-02,https://www.newsonair.gov.in/delhi-police-crime-branch-arrests-five-in-racket-diverting-critical-government-medicines
firm not reported,Mahesh Garg,supplier / recipient of payment,"Aminabad, Lucknow, Uttar Pradesh",MH-2026-pune-chymoral-forte,8 booked; report says distributors and medical shop owners from Pune and accused persons from Uttar Pradesh a…,2025-12-12,https://www.freepressjournal.in/amp/pune/pune-8-booked-for-supplying-fake-medicines-fda-seizes-275-lakh-stock
firm not reported,Main accused / mastermind (name not disclosed in any opened source),"Operator of illegal godowns in Khanjahanpur, Gaya; absconding since CBN 2025 case; arrest…","Gaya, Bihar",BR-2026-08-cbn-operation-vajra-gaya-masaurhi-counterfeit-network,"Main accused (mastermind, absconding since the 2025 CBN case) arrested by CBN on 22 July 2026; an associate '…",2026-07-27,https://www.drishtiias.com/state-pcs-current-affairs/cbn-dismantles-inter-state-counterfeit-drug-network-under-operation-vajra
firm not reported,Malugari Srinath Reddy,accused (35); B Pharma-qualified employee of a reputed hospital; supplied anti-cancer med…,"Hyderabad, Telangana",DL-2026-08-crime-branch-anticancer-syndicate-17-arrested,"17 arrested (announced 2026-08-20); investigation continuing to trace supply/financial network, end beneficia…",2026-08-20,https://aninews.in/news/national/general-news/delhi-crime-branch-busts-interstate-anti-cancer-drug-racket-17-arrested-medicines-worth-rs-9-crore-seized20260820145541/
firm not reported,Manikandan,"partner of Raja, NR Congress member; arrested in original case (Dinamalar)",Puducherry,PY-2025-11-medinoc-raja-lupin-counterfeit-cbi,"CBI investigation ongoing. Original case: 26 persons (incl. 4 women) arrested by Puducherry police/SIT, inclu…",2025-11-12,https://medicaldialogues.in/news/industry/pharma/counterfeit-drug-racket-using-lupin-brand-busted-in-puducherry-fir-filed-160639
firm not reported,Manish Sharma,"accused (28); nursing-qualified (Jaipur), recently joined a hospital; misappropriated ant…","Alwar, Rajasthan",DL-2026-08-crime-branch-anticancer-syndicate-17-arrested,"17 arrested (announced 2026-08-20); investigation continuing to trace supply/financial network, end beneficia…",2026-08-20,https://aninews.in/news/national/general-news/delhi-crime-branch-busts-interstate-anti-cancer-drug-racket-17-arrested-medicines-worth-rs-9-crore-seized20260820145541/
firm not reported,Mayank Aggarwal (also spelled Mayank Agarwal),supplier; prior NCB case (2013) and recent UP FIR under drugs and cosmetics provisions; d…,Uttar Pradesh,DL-2026-04-bhagirath-palace-nikhil-arora,"6 arrested (Nikhil Arora alias Sunny, Shivam Tyagi, Mayank Aggarwal, Mohit Kumar Sharma, Shahrukh, Rahul); Mu…",2026-04-05,https://www.tribuneindia.com/news/india/delhi-police-busts-interstate-spurious-medicines-racket-fake-gst-network/
firm not reported,Mayank alias Monty,"Gaurav Tyagi's cousin; co-manufacturer at Bhagwanpur, Haridwar (not reported arrested)","Bhagwanpur, Haridwar",UK-2026-05-roorkee-sk-healthcare,"2 arrested (Jatin Saini, Gaurav Tyagi); Kotdwar unit M/s Nectar Herbs and Drugs sealed on 23 May 2026 (licenc…",2026-05-22,https://medicaldialogues.in/news/industry/pharma/fake-cancer-bp-drugs-sold-via-facebook-at-50-discount-stf-busts-illegal-pharma-unit-in-roorkee-171503
firm not reported,Mayank Gupta,Middleman who got counterfeit Oxalgin-DP manufactured at illegal Roorkee factory and sent…,"Niranjan Puri, Ramghat, Aligarh",UP-2026-05-agra-fsda-18-stores,"Kingpin Surendra Gupta (Shri Medical Agency, Kambutola) arrested by Kotwali police from his residence on Satu…",2026-05-21,https://drugscontrol.org/news-detail.php?newsid=44996
firm not reported,Meyyappan,arrested in original case (Dinamalar),Puducherry,PY-2025-11-medinoc-raja-lupin-counterfeit-cbi,"CBI investigation ongoing. Original case: 26 persons (incl. 4 women) arrested by Puducherry police/SIT, inclu…",2025-11-12,https://medicaldialogues.in/news/industry/pharma/counterfeit-drug-racket-using-lupin-brand-busted-in-puducherry-fir-filed-160639
firm not reported,Mohammad Abid,"Apprehended with 54,000 Tramadol Hydrochloride tablets (14.472 kg); age 50 per search sni…",Delhi,DL-2025-26-international-courier-psychotropic-rs9cr,"5 arrested (per search snippets): Mohammad Abid first, Javed Khan on Oct 30, Sunil Kumar on Nov 2, then Vishn…",not confirmed (search snippet…,https://theprint.in/india/delhi-police-busts-international-drug-racket-arrests-5-with-psychotropic-pills-worth-rs-9-cr/2861628/
firm not reported,Mohammad Irshad Miyan (मोहम्मद इरशाद मियां),owner of the raided house at Charkapathar village (near Bijli camp) rented to the accused…,"Charkapathar village, Dumka",JH-2026-09-dumka-banned-cough-syrup-narcotic-drugs,"Two arrested (Yusuf Ansari alias Yunus Ansari, Shamsher Ansari alias Kelu) and sent to jail on Thursday (2026…",2026-09-24,https://www.amarujala.com/jharkhand/ranchi/banned-cough-syrup-and-narcotic-drugs-worth-4-lakh-seized-in-dumka-two-arrested-2026-09-24
firm not reported,Mohd. Danish Khan,supplier/broker who sold fake Alburel to RRT Pharma via Delhi's Bhagirath Palace market i…,Delhi,MH-2026-04-nagpur-alburel-albumin,Market Yard case: Ritesh Rohidas Thombre and Mohd. Danish Khan detained 2025-09-16 and remanded to five days'…,2026-04-25,https://www.mypunepulse.com/pune-gangadham-area-medical-store-caught-for-selling-fake-alburel-injections-worth-%E2%82%B94-5-lakh-by-fda/
firm not reported,Mohit Kumar Sharma,key supplier to Arora from Roorkee; arrested in Roorkee; his information led police to th…,"Roorkee, Uttarakhand",DL-2026-04-bhagirath-palace-nikhil-arora,"6 arrested (Nikhil Arora alias Sunny, Shivam Tyagi, Mayank Aggarwal, Mohit Kumar Sharma, Shahrukh, Rahul); Mu…",2026-04-05,https://www.tribuneindia.com/news/india/delhi-police-busts-interstate-spurious-medicines-racket-fake-gst-network/
firm not reported,Mukesh,accused (30); worked ~7 years at relative's medical store; procured anti-cancer drugs fro…,"Gurugram, Haryana",DL-2026-08-crime-branch-anticancer-syndicate-17-arrested,"17 arrested (announced 2026-08-20); investigation continuing to trace supply/financial network, end beneficia…",2026-08-20,https://aninews.in/news/national/general-news/delhi-crime-branch-busts-interstate-anti-cancer-drug-racket-17-arrested-medicines-worth-rs-9-crore-seized20260820145541/
firm not reported,Munishekhar,accomplice; coordinated shipment of spurious drugs from Prayagraj to Hyderabad; arrested,"Proddutur, Andhra Pradesh",TS-2024-11-shree-pharma-prayagraj-courier-spurious-antibiotics,Both Gandla Ramulu and Munishekhar apprehended during the raids (22 Nov 2024); case registered under NDPS Act…,2024-11-22,https://thesouthfirst.com/health/courier-networks-fake-firms-false-packaging-how-telangana-dca-is-busting-spurious-drugs/
firm not reported,Nagooran,Chennai-based hawala agent who routed Rs 1 crore advance; arrested by CBI Chennai ACB 202…,Chennai,PY-2025-11-medinoc-raja-lupin-counterfeit-cbi,"CBI investigation ongoing. Original case: 26 persons (incl. 4 women) arrested by Puducherry police/SIT, inclu…",2025-11-12,https://medicaldialogues.in/news/industry/pharma/counterfeit-drug-racket-using-lupin-brand-busted-in-puducherry-fir-filed-160639
firm not reported,Naseem,Supplier of the counterfeit Tofajak (identified only by one name); 964 boxes seized from…,"Rented house, Sector 39, Gurugram",HR-gurugram-tofajak,Three arrested: Yusuf (Wasi) and Naseem remanded to five days' police custody; Zubair Mohammad (Tribune: 'Zub…,2024-09-25,https://www.tribuneindia.com/news/haryana/fake-drugs-of-pharma-company-seized/amp
firm not reported,Neeraj Kumar; Anil Kumar; Dhanesh Sharma; Dheeraj Kumar; Rohit Bhatti…,arrested (per original source; not independently re-verified),Delhi,DL-2025-06-spurious-cancer-drugs-social-media,6 arrested (as of 2025-06-04 per original source; later status such as chargesheet/bail not verified),2025-06-04,https://www.etvbharat.com/en/!state/delhi-police-busts-spurious-cancer-drug-racket-enn25060405561
firm not reported,Nephew of Dr Praveen Soni (name not reported),Co-accused; bail rejected by MP HC 17 Feb 2026,Chhindwara,TN-MP-2025-10-coldrif-sresan-deg,"Seven arrested: G. Ranganathan (owner, arrested 8-9 Oct 2025 at Chennai by MP SIT, Rs 20,000 reward had been…",2025-10-04,https://medicaldialogues.in/news/industry/pharma/sresan-pharmas-coldrif-syrup-banned-after-486-toxic-diethylene-glycol-detected-156353
firm not reported,Nitin Gupta,FIR process initiated (Yug Pharma thread),Agra,UP-2026-05-agra-fsda-18-stores,"Kingpin Surendra Gupta (Shri Medical Agency, Kambutola) arrested by Kotwali police from his residence on Satu…",2026-05-21,https://drugscontrol.org/news-detail.php?newsid=44996
firm not reported,Nitin Pathak,"Courier, age 20; B.Sc. graduate and former medical representative; intercepted on motorcy…",northeast Delhi,DL-2026-03-antf-alprazolam-tramadol-bhopura-medical-store,4 arrested (Nitin Pathak intercepted 17 Mar 2026; Prem Singh Yadav arrested 19 Mar; Shalu Kumar arrested 21 M…,2026-03-18,https://www.newsgram.com/india/2026/03/29/antf-busts-inter-state-drug-racket-in-delhi-ncr-seizes-psychotropic-substances
firm not reported,not reported (persons involved being identified),unknown,"Khatnawali village, Bayana tehsil, Bharatpur; Agra",RJ-2026-09-bharatpur-bayana-dry-well-rs5cr,Seized; FIR in Agra; manufacturers notified; probe ongoing. Likely linked to Agra counterfeit/expired-drug ca…,2026-09-30,https://bilkulonline.com/2026/10/01/rajasthan-medicines-worth-rs-5-crore-seized-from-dry-well/
firm not reported,Owner of the unit (name not reported),owner of fake-medicine manufacturing unit; arrested,"Habra, North 24 Parganas",WB-2025-habra-kamarthuba-fake-brand-manufacturing-unit,Owner arrested; WB subsequently wrote to Bihar and UP governments because spurious drugs seized in North 24 P…,2025 (date not confirmed in s…,https://www.thestatesman.com/bengal/spurious-drugs-seized-in-habra-in-north-24-parganas-1503436105.html
firm not reported,Pardeep Kumar,manufacture and sale; arrested 25 Sep 2026 - supported by search snippet,"Kashipur, Udham Singh Nagar district, Uttarakhand",HR-2026-09-gurugram-fake-telma-am-oshi-immunoscience,"4 arrests supported by search snippets (Suvrat Dwivedi, Zuvaier earlier; Vipin Kumar 21 Sep 2026; Pardeep Kum…",2026-09,https://medicaldialogues.in/news/industry/pharma/haryana-fda-arrests-2-more-in-suspected-spurious-telma-am-racket-4-held-180290
firm not reported,Pawan Kumar / Vijay Kumar,Father of Himanshu Agarwal; negotiated rental of Sonu's godown at Tedhi Bagiya (Amar Ujal…,"Tedhi Bagiya, Agra",UP-2025-08-agra-fawwara-stf-syndicate,"Dhanauli case: Ikrar, Shamin alias Chhotu and Salua alias Mukim arrested and sent to jail by court (1 Oct 202…",2026-09-29,https://medicaldialogues.in/news/industry/pharma/rs-1-crore-bribe-to-drug-officials-exposed-up-stf-busts-multi-crore-fake-drugs-syndicate-154178
firm not reported,Poonam Singh,Junior Assistant; named in Balrampur vigilance case,Balrampur,UP-2026-09-ed-upmscl-devipatan-scam,"Mukesh Srivastava arrested by UP Vigilance from Wave Mall, Lucknow on 2026-06-09 (reported 2026-06-10) in dis…",2026-09-16,https://timesofindia.indiatimes.com/city/lucknow/ed-files-case-begins-probe-into-100cr-medicine-equipment-supply-scam-in-up/articleshow/134271977.cms
firm not reported,Prabhat Kapoor (Prabhat),middleman known to Gahlawat; allegedly received Rs 50 lakh from Singh,Delhi,PY-2025-11-medinoc-raja-lupin-counterfeit-cbi,"CBI investigation ongoing. Original case: 26 persons (incl. 4 women) arrested by Puducherry police/SIT, inclu…",2025-11-12,https://medicaldialogues.in/news/industry/pharma/counterfeit-drug-racket-using-lupin-brand-busted-in-puducherry-fir-filed-160639
firm not reported,Pratish Kumar,named in Saharanpur FIR,Saharanpur,UP-2026-08-lucknow-aminabad-cross-billing,"FIRs registered (29 Jul and 12 Aug 2026, Aminabad PS; Saharanpur FIR after 2 Sept 2026 operation). Ejaz/Aijaz…",2026-07-29,https://www.indiatvnews.com/uttar-pradesh/fsda-cracks-down-on-organised-network-dealing-with-counterfeit-medicines-in-lucknow-fir-against-four-filed-2026-08-12-1051175
firm not reported,Prem Malik,named in Saharanpur FIR,Saharanpur,UP-2026-08-lucknow-aminabad-cross-billing,"FIRs registered (29 Jul and 12 Aug 2026, Aminabad PS; Saharanpur FIR after 2 Sept 2026 operation). Ejaz/Aijaz…",2026-07-29,https://www.indiatvnews.com/uttar-pradesh/fsda-cracks-down-on-organised-network-dealing-with-counterfeit-medicines-in-lucknow-fir-against-four-filed-2026-08-12-1051175
firm not reported,Rahman,supplied materials; took away finished strips,Saharanpur,UP-2026-08-lucknow-aminabad-cross-billing,"FIRs registered (29 Jul and 12 Aug 2026, Aminabad PS; Saharanpur FIR after 2 Sept 2026 operation). Ejaz/Aijaz…",2026-07-29,https://www.indiatvnews.com/uttar-pradesh/fsda-cracks-down-on-organised-network-dealing-with-counterfeit-medicines-in-lucknow-fir-against-four-filed-2026-08-12-1051175
firm not reported,Rahul,operated fake GST firm network with Shahrukh; arrested,"Delhi (Bihari Colony, Shahdara; Bhagirath Palace,…",DL-2026-04-bhagirath-palace-nikhil-arora,"6 arrested (Nikhil Arora alias Sunny, Shivam Tyagi, Mayank Aggarwal, Mohit Kumar Sharma, Shahrukh, Rahul); Mu…",2026-04-05,https://www.tribuneindia.com/news/india/delhi-police-busts-interstate-spurious-medicines-racket-fake-gst-network/
firm not reported,Rajendra Singh alias Arun Kunda (राजेंद्र सिंह उर्फ अरुण कुंडा),associate of Vikas Chauhan,"Meerut (Khardauni Shekhpur), Khekra (Baghpat), Ru…",UP-2026-meerut-fake-factory,"Named FIR/tehrir against four accused at Incholi PS, Meerut; Punjab Kesari reports 4 persons caught red-hande…",2026-07-26,https://lalluram.com/fake-medicine-racket-busted-in-meerut-baghpat-uttarakhand-6-lakh-capsules-recovered/
firm not reported,Rajendra Singh alias Arun Tunda (राजेंद्र सिंह उर्फ अरुण टुंडा),booked; Dehradun illegal manufacturing unit (Jagran),Dehradun,UP-2026-08-fsda-multi-district,"ongoing. Lucknow: 7 FIRs against 32 persons, 2 arrests; Agra: 9 FIRs, 2 arrests; Varanasi: surgical shop oper…",2026-08-19,https://www.etvbharat.com/hi/state/illegal-medicines-worth-5-dot-43-crore-seized-in-four-districts-of-uttar-pradesh-ups26081906919
firm not reported,Rajesh Soni,Wholesaler; arrested (reported by 28 Oct 2025),Chhindwara (MP),TN-MP-2025-10-coldrif-sresan-deg,"Seven arrested: G. Ranganathan (owner, arrested 8-9 Oct 2025 at Chennai by MP SIT, Rs 20,000 reward had been…",2025-10-04,https://medicaldialogues.in/news/industry/pharma/sresan-pharmas-coldrif-syrup-banned-after-486-toxic-diethylene-glycol-detected-156353
firm not reported,Rajkumar (Abishekapakkam Rajkumar per Dinamalar),alleged middleman / friend of Raja; arrested with Inspector Singh in CBI trap 2026-06-08,Puducherry / Delhi,PY-2025-11-medinoc-raja-lupin-counterfeit-cbi,"CBI investigation ongoing. Original case: 26 persons (incl. 4 women) arrested by Puducherry police/SIT, inclu…",2025-11-12,https://medicaldialogues.in/news/industry/pharma/counterfeit-drug-racket-using-lupin-brand-busted-in-puducherry-fir-filed-160639
firm not reported,Raju Kumar Mishra (57) (Tribune also prints 'Raju Kumar'; The420 prin…,accused; allegedly helped set up a counterfeit human albumin manufacturing unit at Dera B…,"Panchkula, Haryana",DL-2026-04-abhayrab-rabies-vaccine,4 arrested (Manoj Kumar Jain apprehended at the premises on 22 Apr 2026; three associates in follow-up action…,2026-04-22,https://www.tribuneindia.com/news/delhi/inter-state-spurious-medicine-racket-unearthed-4-nabbed/
firm not reported,Ram Manohar Maurya,Junior Engineer (retired); named in Balrampur vigilance case,Balrampur,UP-2026-09-ed-upmscl-devipatan-scam,"Mukesh Srivastava arrested by UP Vigilance from Wave Mall, Lucknow on 2026-06-09 (reported 2026-06-10) in dis…",2026-09-16,https://timesofindia.indiatimes.com/city/lucknow/ed-files-case-begins-probe-into-100cr-medicine-equipment-supply-scam-in-up/articleshow/134271977.cms
firm not reported,Ramdas Satish Kumar,accused (42); former worker at a reputed hospital; misappropriated anti-cancer medicines…,"Hyderabad, Telangana",DL-2026-08-crime-branch-anticancer-syndicate-17-arrested,"17 arrested (announced 2026-08-20); investigation continuing to trace supply/financial network, end beneficia…",2026-08-20,https://aninews.in/news/national/general-news/delhi-crime-branch-busts-interstate-anti-cancer-drug-racket-17-arrested-medicines-worth-rs-9-crore-seized20260820145541/
firm not reported,Ranojoy Kumar,accused arrested from Kolkata by Tripura Crime Branch (August 2026),"Kolkata, West Bengal",NE-2026-07-tripura-codeine-syrup-crackdown,"Subrata Deb (34), manager of B.K. Enterprise, Agartala, arrested by DRI on 2 July 2026 while arriving to take…",2026-07-02,https://drugscontrol.org/news-detail.php?newsid=45311
firm not reported,Rochak Agrawal,"supplier of fake medicines from Indore; arrested April 2026, 14 days judicial custody","Indore, Madhya Pradesh",CG-2026-02-adc-netam-suspended,Sanjay Kumar Netam suspended with immediate effect (order reported 11-Feb-2026); headquarters during suspensi…,2026-02-11,https://drugscontrol.org/news-detail.php?newsid=44253
firm not reported,Sahid Hussain Khan,arrested accused transporting the consignment (also referred to as 'Sahid Hussain' in SP'…,not reported,OD-2026-bargarh-cough-syrup-3156-bottles,One arrested (Sahid Hussain Khan); police searching for another person allegedly involved; investigation ongo…,2026-10-06,https://odishatv.in/odisha/odisha-police-seize-3156-bottles-of-cough-syrup-in-bargarh-ahead-of-durga-puja-arrest-one-12627730
firm not reported,Salua alias Mukim,"Operative (Ikrar's relative); arrested, sent to jail; video of medicines being burnt in Y…",Agra,UP-2025-08-agra-fawwara-stf-syndicate,"Dhanauli case: Ikrar, Shamin alias Chhotu and Salua alias Mukim arrested and sent to jail by court (1 Oct 202…",2026-09-29,https://medicaldialogues.in/news/industry/pharma/rs-1-crore-bribe-to-drug-officials-exposed-up-stf-busts-multi-crore-fake-drugs-syndicate-154178
firm not reported,Sanjay Kumar Sharma,Godown operator; arrested 27 July 2026 in Murarpur (Kotwali PS area) during joint CBN/dis…,"Murarpur, Gaya",BR-2026-08-cbn-operation-vajra-gaya-masaurhi-counterfeit-network,"Main accused (mastermind, absconding since the 2025 CBN case) arrested by CBN on 22 July 2026; an associate '…",2026-07-27,https://www.drishtiias.com/state-pcs-current-affairs/cbn-dismantles-inter-state-counterfeit-drug-network-under-operation-vajra
firm not reported,Sanjay Singh,"Accused, age 36, previously a labourer who started an illicit medicine supply business; a…","Delhi-NCR (northeast Delhi: Shiv Vihar Tiraha, Jo…",DL-2026-03-antf-alprazolam-tramadol-bhopura-medical-store,4 arrested (Nitin Pathak intercepted 17 Mar 2026; Prem Singh Yadav arrested 19 Mar; Shalu Kumar arrested 21 M…,2026-03-18,https://www.newsgram.com/india/2026/03/29/antf-busts-inter-state-drug-racket-in-delhi-ncr-seizes-psychotropic-substances
firm not reported,Sanjay Yadav,accused arrested from Kolkata by Tripura Crime Branch (August 2026),"Kolkata, West Bengal",NE-2026-07-tripura-codeine-syrup-crackdown,"Subrata Deb (34), manager of B.K. Enterprise, Agartala, arrested by DRI on 2 July 2026 while arriving to take…",2026-07-02,https://drugscontrol.org/news-detail.php?newsid=45311
firm not reported,Sanyam Arora,Named in Roorkee illegal factory FIR,"Ansari Road, Aryapuri, Muzaffarnagar",UP-2026-05-agra-fsda-18-stores,"Kingpin Surendra Gupta (Shri Medical Agency, Kambutola) arrested by Kotwali police from his residence on Satu…",2026-05-21,https://drugscontrol.org/news-detail.php?newsid=44996
firm not reported,Satendra Gujjar (सतेन्द्र गुज्जर),transporter; booked (Jagran),not reported,UP-2026-08-fsda-multi-district,"ongoing. Lucknow: 7 FIRs against 32 persons, 2 arrests; Agra: 9 FIRs, 2 arrests; Varanasi: surgical shop oper…",2026-08-19,https://www.etvbharat.com/hi/state/illegal-medicines-worth-5-dot-43-crore-seized-in-four-districts-of-uttar-pradesh-ups26081906919
firm not reported,Satish Kumar,accused (30); former medical store salesperson (~10 years); intermediary between Mukesh a…,"Govindpuri, Delhi",DL-2026-08-crime-branch-anticancer-syndicate-17-arrested,"17 arrested (announced 2026-08-20); investigation continuing to trace supply/financial network, end beneficia…",2026-08-20,https://aninews.in/news/national/general-news/delhi-crime-branch-busts-interstate-anti-cancer-drug-racket-17-arrested-medicines-worth-rs-9-crore-seized20260820145541/
firm not reported,Shahbaz Alam Ansari,"cab driver of Swift Dzire HR-55AU-3582, booked from Lal Quilla to Gurugram by the passeng…",not reported,HR-2026-04-gurugram-counterfeit-mounjaro,Both accused arrested 19.04.2026 (Avi Sharma in custody since 19.04.2026). Regular bail application of Avi Sh…,2026-04-18,https://www.business-standard.com/india-news/fake-mounjaro-injection-manufacturing-racket-busted-in-gurugram-2-arrested-126042001292_1.html
firm not reported,Shahrukh,operated fake GST firm network; supplied ready-made shell firms and bogus billing service…,"Delhi (Bihari Colony, Shahdara; Bhagirath Palace,…",DL-2026-04-bhagirath-palace-nikhil-arora,"6 arrested (Nikhil Arora alias Sunny, Shivam Tyagi, Mayank Aggarwal, Mohit Kumar Sharma, Shahrukh, Rahul); Mu…",2026-04-05,https://www.tribuneindia.com/news/india/delhi-police-busts-interstate-spurious-medicines-racket-fake-gst-network/
firm not reported,Shalu Kumar,"Former pharmaceutical businessman, age 45; 11,955 Alprazolam tablets (1.627 kg) seized fr…","Delhi-NCR (northeast Delhi: Shiv Vihar Tiraha, Jo…",DL-2026-03-antf-alprazolam-tramadol-bhopura-medical-store,4 arrested (Nitin Pathak intercepted 17 Mar 2026; Prem Singh Yadav arrested 19 Mar; Shalu Kumar arrested 21 M…,2026-03-18,https://www.newsgram.com/india/2026/03/29/antf-busts-inter-state-drug-racket-in-delhi-ncr-seizes-psychotropic-substances
firm not reported,Shamin alias Chhotu,"Operative (Ikrar's relative), resident Dusri Masjid, Tedhi Bagiya; arrested, sent to jail","Tedhi Bagiya, Agra",UP-2025-08-agra-fawwara-stf-syndicate,"Dhanauli case: Ikrar, Shamin alias Chhotu and Salua alias Mukim arrested and sent to jail by court (1 Oct 202…",2026-09-29,https://medicaldialogues.in/news/industry/pharma/rs-1-crore-bribe-to-drug-officials-exposed-up-stf-busts-multi-crore-fake-drugs-syndicate-154178
firm not reported,Shamsher Ansari alias Kelu (शमशेर अंसारी उर्फ केलू),"arrested, sent to jail; co-tenant of the storage house; five other criminal cases includi…","Muslim Tola, Hansdiha police station area, Dumka",JH-2026-09-dumka-banned-cough-syrup-narcotic-drugs,"Two arrested (Yusuf Ansari alias Yunus Ansari, Shamsher Ansari alias Kelu) and sent to jail on Thursday (2026…",2026-09-24,https://www.amarujala.com/jharkhand/ranchi/banned-cough-syrup-and-narcotic-drugs-worth-4-lakh-seized-in-dumka-two-arrested-2026-09-24
firm not reported,Shivam Tyagi,"supplier; bought fake GST firm documents from Shahrukh and Rahul; with Mayank buried 40,0…",Uttar Pradesh,DL-2026-04-bhagirath-palace-nikhil-arora,"6 arrested (Nikhil Arora alias Sunny, Shivam Tyagi, Mayank Aggarwal, Mohit Kumar Sharma, Shahrukh, Rahul); Mu…",2026-04-05,https://www.tribuneindia.com/news/india/delhi-police-busts-interstate-spurious-medicines-racket-fake-gst-network/
firm not reported,Shree Ram alias Vishal Gupta,"co-accused/distributor; arrested during the Teliwara, Sadar Bazar raid; disclosed Loni fa…","Sabhapur, northeast Delhi",DL-2025-12-ghaziabad-betnovate-factory,"3 arrested: Gaurav Bhagat and Shree Ram alias Vishal Gupta (arrested around 13-14 Dec 2025), and alleged king…",2025-12-14,https://www.newsonair.gov.in/delhi-police-crime-branch-busts-counterfeit-medicine-factory-in-ghaziabad
firm not reported,Shubham Kumar Chaudhary,accused (25); bought/sold anti-cancer drugs for cash without invoices since 2023; Rs 23 l…,"Laxmi Nagar, Delhi",DL-2026-08-crime-branch-anticancer-syndicate-17-arrested,"17 arrested (announced 2026-08-20); investigation continuing to trace supply/financial network, end beneficia…",2026-08-20,https://aninews.in/news/national/general-news/delhi-crime-branch-busts-interstate-anti-cancer-drug-racket-17-arrested-medicines-worth-rs-9-crore-seized20260820145541/
firm not reported,Siddaiah,Farmhouse owner who leased it to Prashanth [NOT RE-VERIFIED],Bidadi,KA-2026-08-bidadi-krupa,Ongoing. Verified this pass: Veeresh Kumar Jain (Krupa Healthcare owner) arrested 12 Sep 2026 and remanded to…,2026-08-18,https://raw.githubusercontent.com/songjen/india-pharma-report/main/reports/India_Pharma_Daily_20260820.md
firm not reported,Sumit Barnwal,Godown operator; arrested 27 July 2026 in Murarpur (Kotwali PS area) during joint CBN/dis…,"Murarpur, Gaya",BR-2026-08-cbn-operation-vajra-gaya-masaurhi-counterfeit-network,"Main accused (mastermind, absconding since the 2025 CBN case) arrested by CBN on 22 July 2026; an associate '…",2026-07-27,https://www.drishtiias.com/state-pcs-current-affairs/cbn-dismantles-inter-state-counterfeit-drug-network-under-operation-vajra
firm not reported,Suraj Chaudhary,accused (22); younger brother of Shubham; joined supply trade in 2024,"Laxmi Nagar, Delhi",DL-2026-08-crime-branch-anticancer-syndicate-17-arrested,"17 arrested (announced 2026-08-20); investigation continuing to trace supply/financial network, end beneficia…",2026-08-20,https://aninews.in/news/national/general-news/delhi-crime-branch-busts-interstate-anti-cancer-drug-racket-17-arrested-medicines-worth-rs-9-crore-seized20260820145541/
firm not reported,Surendra Kumar,"medical store operator; arrested April 2026, 14 days judicial custody","Bhatapara, Chhattisgarh",CG-2026-02-adc-netam-suspended,Sanjay Kumar Netam suspended with immediate effect (order reported 11-Feb-2026); headquarters during suspensi…,2026-02-11,https://drugscontrol.org/news-detail.php?newsid=44253
firm not reported,Sushil Kumar (47),Taxi driver; transported smaller consignments between Delhi and Saharanpur for per-trip p…,"Saharanpur, Uttar Pradesh",DL-2026-04-ddu-hospital-diversion,"5 arrested (3 on 2 April 2026 at Tis Hazari, 2 hospital staff subsequently on disclosure); medicines and vehi…",2026-04-02,https://www.newsonair.gov.in/delhi-police-crime-branch-arrests-five-in-racket-diverting-critical-government-medicines
firm not reported,Suvrat Dwivedi,accused (earlier arrest) - supported by medicaldialogues search snippet,Gurugram; Kashipur & Haridwar (Uttarakhand); Roor…,HR-2026-09-gurugram-fake-telma-am-oshi-immunoscience,"4 arrests supported by search snippets (Suvrat Dwivedi, Zuvaier earlier; Vipin Kumar 21 Sep 2026; Pardeep Kum…",2026-09,https://medicaldialogues.in/news/industry/pharma/haryana-fda-arrests-2-more-in-suspected-spurious-telma-am-racket-4-held-180290
firm not reported,Tanishq,accused arrested in earlier Patna raid; allegedly worked in coordination with Arun,"Patna, Bihar",BR-2026-02-delhi-antf-bihar-fake-factories-gaya-patna,Nine arrests in total across the Bihar factories (second and third busts within a week); unit had no manufact…,2026-02-23 to 2026-02-24,https://www.tmv.in/article/delhi-police-bust-fake-drug-factory-near-patna-nine-arrested-drugs-worth-5-crore-seized-date=2026-02-24
firm not reported,Tejas,Relative of Prashanth said to run the unit [NOT RE-VERIFIED],Bidadi,KA-2026-08-bidadi-krupa,Ongoing. Verified this pass: Veeresh Kumar Jain (Krupa Healthcare owner) arrested 12 Sep 2026 and remanded to…,2026-08-18,https://raw.githubusercontent.com/songjen/india-pharma-report/main/reports/India_Pharma_Daily_20260820.md
firm not reported,two unnamed persons,"arrested by regulators in Uttarakhand, where the spurious APIs were being sourced (both s…",Uttarakhand,HP-2025-07-paonta-manglam-pharma-api,Owner Kewal Krishan arrested (Sec 17(B) D&C Act); two more arrests by regulators in Uttarakhand; samples of b…,2025-07-03,https://medicaldialogues.in/news/industry/pharma/cdsco-himachal-drug-authority-bust-fake-drug-racket-in-paonta-sahib-151330
firm not reported,Ubair,took away finished strips,Saharanpur,UP-2026-08-lucknow-aminabad-cross-billing,"FIRs registered (29 Jul and 12 Aug 2026, Aminabad PS; Saharanpur FIR after 2 Sept 2026 operation). Ejaz/Aijaz…",2026-07-29,https://www.indiatvnews.com/uttar-pradesh/fsda-cracks-down-on-organised-network-dealing-with-counterfeit-medicines-in-lucknow-fir-against-four-filed-2026-08-12-1051175
firm not reported,Umang Abhay Rastogi,"intermediary who received Rs 2,34,727 cash and passed it to Mahesh Garg","Lucknow, Uttar Pradesh",MH-2026-pune-chymoral-forte,8 booked; report says distributors and medical shop owners from Pune and accused persons from Uttar Pradesh a…,2025-12-12,https://www.freepressjournal.in/amp/pune/pune-8-booked-for-supplying-fake-medicines-fda-seizes-275-lakh-stock
firm not reported,Unnamed woman,arrested,"Gaya, Bihar",BR-2026-05-gaya-ex-mp-ranjeet-singh-premises-fake-medicines,"Two arrested (one woman, one detained initially); network described as having long inter-state links; investi…",2026-05-25,https://www.etvbharat.com/en/state/raid-on-ex-congress-mps-house-in-bihar-yields-drugs-spurious-medicines-enn26052502802
firm not reported,Vallimuthu,Chennai-based trader to whom the Medinoc Health Care operation was linked (The Federal);…,Chennai,PY-2025-11-medinoc-raja-lupin-counterfeit-cbi,"CBI investigation ongoing. Original case: 26 persons (incl. 4 women) arrested by Puducherry police/SIT, inclu…",2025-11-12,https://medicaldialogues.in/news/industry/pharma/counterfeit-drug-racket-using-lupin-brand-busted-in-puducherry-fir-filed-160639
firm not reported,Vatan (35) (Madhyamam prints 'Watan Saini'),accused; surgical-supplies dealer; sourced government-supply medicines from Prayagraj hea…,"Prayagraj, Uttar Pradesh",DL-2026-04-abhayrab-rabies-vaccine,4 arrested (Manoj Kumar Jain apprehended at the premises on 22 Apr 2026; three associates in follow-up action…,2026-04-22,https://www.tribuneindia.com/news/delhi/inter-state-spurious-medicine-racket-unearthed-4-nabbed/
firm not reported,Venkatesh,Reported purchasing partner of Prashanth (Udayavani); arrest status not reported [NOT RE-…,Raichur/Bengaluru,KA-2026-08-bidadi-krupa,Ongoing. Verified this pass: Veeresh Kumar Jain (Krupa Healthcare owner) arrested 12 Sep 2026 and remanded to…,2026-08-18,https://raw.githubusercontent.com/songjen/india-pharma-report/main/reports/India_Pharma_Daily_20260820.md
firm not reported,Vikas Kumar Mauhri,tenant who had rented a portion of the former MP's residence; arrested,"Gaya, Bihar",BR-2026-05-gaya-ex-mp-ranjeet-singh-premises-fake-medicines,"Two arrested (one woman, one detained initially); network described as having long inter-state links; investi…",2026-05-25,https://www.etvbharat.com/en/state/raid-on-ex-congress-mps-house-in-bihar-yields-drugs-spurious-medicines-enn26052502802
firm not reported,Vikash Singh,Courier operator; coordinated transport through his network (per search snippet),Delhi,DL-2025-26-international-courier-psychotropic-rs9cr,"5 arrested (per search snippets): Mohammad Abid first, Javed Khan on Oct 30, Sunil Kumar on Nov 2, then Vishn…",not confirmed (search snippet…,https://theprint.in/india/delhi-police-busts-international-drug-racket-arrests-5-with-psychotropic-pills-worth-rs-9-cr/2861628/
firm not reported,Vikram Singh alias Sunny (32),accused; lab technician running a diagnostics centre in Prayagraj; sourced government-sup…,"Prayagraj, Uttar Pradesh",DL-2026-04-abhayrab-rabies-vaccine,4 arrested (Manoj Kumar Jain apprehended at the premises on 22 Apr 2026; three associates in follow-up action…,2026-04-22,https://www.tribuneindia.com/news/delhi/inter-state-spurious-medicine-racket-unearthed-4-nabbed/
firm not reported,Vinay Bhatnagar (विनय भटनागर),booked; Dehradun illegal manufacturing unit (Jagran),Dehradun,UP-2026-08-fsda-multi-district,"ongoing. Lucknow: 7 FIRs against 32 persons, 2 arrests; Agra: 9 FIRs, 2 arrests; Varanasi: surgical shop oper…",2026-08-19,https://www.etvbharat.com/hi/state/illegal-medicines-worth-5-dot-43-crore-seized-in-four-districts-of-uttar-pradesh-ups26081906919
firm not reported,Vinay Chandra (विनय चन्द्र),booked; Dehradun illegal manufacturing unit (Jagran),Dehradun,UP-2026-08-fsda-multi-district,"ongoing. Lucknow: 7 FIRs against 32 persons, 2 arrests; Agra: 9 FIRs, 2 arrests; Varanasi: surgical shop oper…",2026-08-19,https://www.etvbharat.com/hi/state/illegal-medicines-worth-5-dot-43-crore-seized-in-four-districts-of-uttar-pradesh-ups26081906919
firm not reported,Vipin Kumar,supply and manufacture of spurious tablets; arrested 21 Sep 2026 - supported by search sn…,"Mohammadpur Jat, Haridwar district, Uttarakhand",HR-2026-09-gurugram-fake-telma-am-oshi-immunoscience,"4 arrests supported by search snippets (Suvrat Dwivedi, Zuvaier earlier; Vipin Kumar 21 Sep 2026; Pardeep Kum…",2026-09,https://medicaldialogues.in/news/industry/pharma/haryana-fda-arrests-2-more-in-suspected-spurious-telma-am-racket-4-held-180290
firm not reported,Vishnu Dutt Sharma,Exporter; allegedly concealed 32 boxes of Tramadol and other psychotropic tablets in a UK…,Delhi,DL-2025-26-international-courier-psychotropic-rs9cr,"5 arrested (per search snippets): Mohammad Abid first, Javed Khan on Oct 30, Sunil Kumar on Nov 2, then Vishn…",not confirmed (search snippet…,https://theprint.in/india/delhi-police-busts-international-drug-racket-arrests-5-with-psychotropic-pills-worth-rs-9-cr/2861628/
firm not reported,"Yunis, Waris, Vicky Kumar, Subhash Kumar, Farhan",Co-accused with Himanshu Agarwal in the Aug 2025 BNS Act case over ~Rs 71 crore medicines…,Agra,UP-2025-08-agra-fawwara-stf-syndicate,"Dhanauli case: Ikrar, Shamin alias Chhotu and Salua alias Mukim arrested and sent to jail by court (1 Oct 202…",2026-09-29,https://medicaldialogues.in/news/industry/pharma/rs-1-crore-bribe-to-drug-officials-exposed-up-stf-busts-multi-crore-fake-drugs-syndicate-154178
firm not reported,Yusuf Ansari alias Yunus Ansari (यूसुफ अंसारी उर्फ युनुस अंसारी),"arrested, sent to jail; co-tenant of the storage house","Muslim Tola, Hansdiha police station area, Dumka",JH-2026-09-dumka-banned-cough-syrup-narcotic-drugs,"Two arrested (Yusuf Ansari alias Yunus Ansari, Shamsher Ansari alias Kelu) and sent to jail on Thursday (2026…",2026-09-24,https://www.amarujala.com/jharkhand/ranchi/banned-cough-syrup-and-narcotic-drugs-worth-4-lakh-seized-in-dumka-two-arrested-2026-09-24
firm not reported,Zubair Mohammad,Helped Naseem distribute the fake medicines (HT); described by The Tribune as Yusuf's par…,"Nuh, Haryana",HR-gurugram-tofajak,Three arrested: Yusuf (Wasi) and Naseem remanded to five days' police custody; Zubair Mohammad (Tribune: 'Zub…,2024-09-25,https://www.tribuneindia.com/news/haryana/fake-drugs-of-pharma-company-seized/amp
firm not reported,Zuvaier,accused (earlier arrest) - supported by medicaldialogues search snippet,Gurugram; Kashipur & Haridwar (Uttarakhand); Roor…,HR-2026-09-gurugram-fake-telma-am-oshi-immunoscience,"4 arrests supported by search snippets (Suvrat Dwivedi, Zuvaier earlier; Vipin Kumar 21 Sep 2026; Pardeep Kum…",2026-09,https://medicaldialogues.in/news/industry/pharma/haryana-fda-arrests-2-more-in-suspected-spurious-telma-am-racket-4-held-180290
firm not reported,विकास कुमार (Vikas Kumar),supplier of fake products made at Tulsipur to Jehanabad and nearby districts; arrested (r…,"Tulsipur, Jehanabad",BR-2026-03-jehanabad-hulashganj-fake-medicine-racket,March 2026 raid: house owner detained and questioned (Insider Live); 'some people' detained (Deshaj Times); F…,2026-03-12,https://insiderlive.in/jehanabad-fake-medicine-racket-busted-hulashganj-police-raid/
firm not reported,शतीश यादव (Shatish Yadav),owner of the house at Tulsipur village where fake medicines and cosmetics were being made…,"Tulsipur village, Hulashganj PS, Jehanabad",BR-2026-03-jehanabad-hulashganj-fake-medicine-racket,March 2026 raid: house owner detained and questioned (Insider Live); 'some people' detained (Deshaj Times); F…,2026-03-12,https://insiderlive.in/jehanabad-fake-medicine-racket-busted-hulashganj-police-raid/
firm not reported,शहबाज मल्लिक (Shahbaz Mallik),named in investigation of fake-product network (related Sept 2026 case),"Rajabazar Sawanpura, Patna",BR-2026-03-jehanabad-hulashganj-fake-medicine-racket,March 2026 raid: house owner detained and questioned (Insider Live); 'some people' detained (Deshaj Times); F…,2026-03-12,https://insiderlive.in/jehanabad-fake-medicine-racket-busted-hulashganj-police-raid/
firm not reported,शैलेश कुमार (Shailesh Kumar),medicine trader (दवा का कारोबारी) who sold banned narcotic medicines to local youths unde…,"Sadar thana area, Ranchi",JH-2025-02-ranchi-medicine-shop-narcotic-front,One arrested (Shailesh Kumar); raid conducted on his shop and house; large quantity of banned narcotic medici…,2025-02-03,https://www.etvbharat.com/hi/!state/ranchi-police-arrested-a-drug-smuggler-jharkhand-news-jhs25020305600
firm not reported,सादिक अजीज (Sadiq Aziz),named in investigation of fake-product network (related Sept 2026 case),"Chhoti Telpa, Saran",BR-2026-03-jehanabad-hulashganj-fake-medicine-racket,March 2026 raid: house owner detained and questioned (Insider Live); 'some people' detained (Deshaj Times); F…,2026-03-12,https://insiderlive.in/jehanabad-fake-medicine-racket-busted-hulashganj-police-raid/
"First Aid Clinic run by Batthula Raju Kumar, Indira Nagar, Yenugulagadda, Hanumakonda mandal (unlicensed)",Batthula Raju Kumar,unqualified practitioner operating a First Aid Clinic without required qualifications,"Indira Nagar, Yenugulagadda, Hanumakonda mandal,…",TS-2026-02-hanumakonda-quack-clinics-antibiotics-steroids,Stock seized at all three clinics; samples sent for laboratory analysis; investigation underway; DCA stated l…,2026-02-21,https://medicaldialogues.in/news/industry/pharma/telangana-dca-raids-illegal-clinic-in-hanumakonda-seizes-antibiotics-steroids-tramadol-165369
"First Aid Clinic run by Batthula Raju Kumar, Indira Nagar, Yenugulagadda, Hanumakonda mandal (unlicensed)",Racharla Prabhakar,unqualified practitioner running a First Aid Clinic without medical qualification or drug…,"Shayampet village, Hanumakonda district, Telangana",TS-2026-02-hanumakonda-quack-clinics-antibiotics-steroids,Stock seized at all three clinics; samples sent for laboratory analysis; investigation underway; DCA stated l…,2026-02-21,https://medicaldialogues.in/news/industry/pharma/telangana-dca-raids-illegal-clinic-in-hanumakonda-seizes-antibiotics-steroids-tramadol-165369
"First Aid Clinic run by Batthula Raju Kumar, Indira Nagar, Yenugulagadda, Hanumakonda mandal (unlicensed)",Swargam Sathish Babu,unqualified practitioner running a First Aid Clinic without medical qualification or drug…,"Damera village, Elkathurthi mandal, Hanamkonda di…",TS-2026-02-hanumakonda-quack-clinics-antibiotics-steroids,Stock seized at all three clinics; samples sent for laboratory analysis; investigation underway; DCA stated l…,2026-02-21,https://medicaldialogues.in/news/industry/pharma/telangana-dca-raids-illegal-clinic-in-hanumakonda-seizes-antibiotics-steroids-tramadol-165369
"First Aid Clinic run by Racharla Prabhakar, Shayampet village, Hanumakonda district (unlicensed)",Batthula Raju Kumar,unqualified practitioner operating a First Aid Clinic without required qualifications,"Indira Nagar, Yenugulagadda, Hanumakonda mandal,…",TS-2026-02-hanumakonda-quack-clinics-antibiotics-steroids,Stock seized at all three clinics; samples sent for laboratory analysis; investigation underway; DCA stated l…,2026-02-21,https://medicaldialogues.in/news/industry/pharma/telangana-dca-raids-illegal-clinic-in-hanumakonda-seizes-antibiotics-steroids-tramadol-165369
"First Aid Clinic run by Racharla Prabhakar, Shayampet village, Hanumakonda district (unlicensed)",Racharla Prabhakar,unqualified practitioner running a First Aid Clinic without medical qualification or drug…,"Shayampet village, Hanumakonda district, Telangana",TS-2026-02-hanumakonda-quack-clinics-antibiotics-steroids,Stock seized at all three clinics; samples sent for laboratory analysis; investigation underway; DCA stated l…,2026-02-21,https://medicaldialogues.in/news/industry/pharma/telangana-dca-raids-illegal-clinic-in-hanumakonda-seizes-antibiotics-steroids-tramadol-165369
"First Aid Clinic run by Racharla Prabhakar, Shayampet village, Hanumakonda district (unlicensed)",Swargam Sathish Babu,unqualified practitioner running a First Aid Clinic without medical qualification or drug…,"Damera village, Elkathurthi mandal, Hanamkonda di…",TS-2026-02-hanumakonda-quack-clinics-antibiotics-steroids,Stock seized at all three clinics; samples sent for laboratory analysis; investigation underway; DCA stated l…,2026-02-21,https://medicaldialogues.in/news/industry/pharma/telangana-dca-raids-illegal-clinic-in-hanumakonda-seizes-antibiotics-steroids-tramadol-165369
"First Aid Clinic run by Swargam Sathish Babu, Damera village, Elkathurthi mandal, Hanamkonda district (unlice…",Batthula Raju Kumar,unqualified practitioner operating a First Aid Clinic without required qualifications,"Indira Nagar, Yenugulagadda, Hanumakonda mandal,…",TS-2026-02-hanumakonda-quack-clinics-antibiotics-steroids,Stock seized at all three clinics; samples sent for laboratory analysis; investigation underway; DCA stated l…,2026-02-21,https://medicaldialogues.in/news/industry/pharma/telangana-dca-raids-illegal-clinic-in-hanumakonda-seizes-antibiotics-steroids-tramadol-165369
"First Aid Clinic run by Swargam Sathish Babu, Damera village, Elkathurthi mandal, Hanamkonda district (unlice…",Racharla Prabhakar,unqualified practitioner running a First Aid Clinic without medical qualification or drug…,"Shayampet village, Hanumakonda district, Telangana",TS-2026-02-hanumakonda-quack-clinics-antibiotics-steroids,Stock seized at all three clinics; samples sent for laboratory analysis; investigation underway; DCA stated l…,2026-02-21,https://medicaldialogues.in/news/industry/pharma/telangana-dca-raids-illegal-clinic-in-hanumakonda-seizes-antibiotics-steroids-tramadol-165369
"First Aid Clinic run by Swargam Sathish Babu, Damera village, Elkathurthi mandal, Hanamkonda district (unlice…",Swargam Sathish Babu,unqualified practitioner running a First Aid Clinic without medical qualification or drug…,"Damera village, Elkathurthi mandal, Hanamkonda di…",TS-2026-02-hanumakonda-quack-clinics-antibiotics-steroids,Stock seized at all three clinics; samples sent for laboratory analysis; investigation underway; DCA stated l…,2026-02-21,https://medicaldialogues.in/news/industry/pharma/telangana-dca-raids-illegal-clinic-in-hanumakonda-seizes-antibiotics-steroids-tramadol-165369
"First Aid Clinic, Indira Nagar, Yenugulagadda, Hanumakonda Mandal, Hanumakonda",Batthula Raju Kumar,Operator of 'First Aid Clinic'; alleged quack practising medicine without required qualif…,"Indira Nagar, Yenugulagadda, Hanumakonda Mandal,…",TS-2026-06-hanumakonda-first-aid-clinic-institutional-supply,Seized on 2026-06-04; samples sent for analysis; investigation underway; legal action to be initiated (no arr…,2026-06-04,https://medicaldialogues.in/news/industry/pharma/antibiotics-steroids-among-41-drug-varieties-seized-in-telangana-dca-raid-on-hanumakonda-clinic-172746
"Flat-based illegal manufacturing at Tower-1, Flat No.605, Pivotal Paradise, Sector-62, Gurugram (no licensed…",Mujammil Khan,co-accused; passenger in the intercepted cab carrying the consignment; described in court…,"DLF Phase 4 / DLF City Phase 2, Gurugram (native…",HR-2026-04-gurugram-counterfeit-mounjaro,Both accused arrested 19.04.2026 (Avi Sharma in custody since 19.04.2026). Regular bail application of Avi Sh…,2026-04-18,https://www.business-standard.com/india-news/fake-mounjaro-injection-manufacturing-racket-busted-in-gurugram-2-arrested-126042001292_1.html
"Fortune Medical Solutions, Banashankari 3rd Stage, Bengaluru - licence cancelled (Karnataka FDA); High Court…",person not reported,,-,REFERENCE-hospital-pharmacy-verification,Reference entry (ongoing). Verified status points: Karnataka FDA cancelled 16 and suspended 8 drug licences (…,2026-09,https://cdsco.gov.in/opencms/opencms/en/Latest-Alerts/
"Fortune Medical Solutions, Bengaluru - Karnataka High Court stayed FSDA licence cancellation (headline dated…",Omkareshwar,"Assistant Drugs Controller, Circle-1 Bengaluru; suspended 22 Sep 2026 for failing to clos…",Bengaluru,KA-2026-08-bidadi-krupa,Ongoing. Verified this pass: Veeresh Kumar Jain (Krupa Healthcare owner) arrested 12 Sep 2026 and remanded to…,2026-08-18,https://raw.githubusercontent.com/songjen/india-pharma-report/main/reports/India_Pharma_Daily_20260820.md
"Fortune Medical Solutions, Bengaluru - Karnataka High Court stayed FSDA licence cancellation (headline dated…",Veeresh Kumar Jain (also Viresh Kumar Jain),Owner/proprietor of wholesale pharmacy Krupa Healthcare; arrested in 12 Sep 2026 SIT + Dr…,"Maxworth Mansion, Lalbagh Fort Road, Mavalli, nea…",KA-2026-08-bidadi-krupa,Ongoing. Verified this pass: Veeresh Kumar Jain (Krupa Healthcare owner) arrested 12 Sep 2026 and remanded to…,2026-08-18,https://raw.githubusercontent.com/songjen/india-pharma-report/main/reports/India_Pharma_Daily_20260820.md
Four drug manufacturing units raided on 2025-03-25 (names not reported),person not reported,,"Kolkata (Burrabazar: Mehta Building, Bagree/Bagri…",WB-2025-03-kolkata-bagri-market-mehta-building-raid,March 2025: seized stock sent for quality testing; four major medicine stores in Mehta Building raided; four…,2025-03-26,https://taazatv.com/article/kolkata-raid-uncovers-20-lakh-worth-of-fake-medicines-at-bagri-market-s-mehta-building&47203&en&West%20Bengal
"Four major wholesale medicine stores in Mehta Building, Bagree Market, Kolkata (names not reported)",person not reported,,"Kolkata (Burrabazar: Mehta Building, Bagree/Bagri…",WB-2025-03-kolkata-bagri-market-mehta-building-raid,March 2025: seized stock sent for quality testing; four major medicine stores in Mehta Building raided; four…,2025-03-26,https://taazatv.com/article/kolkata-raid-uncovers-20-lakh-worth-of-fake-medicines-at-bagri-market-s-mehta-building&47203&en&West%20Bengal
"M/s G Biotech Pvt. Ltd., Nahan Road, Solan, Himachal Pradesh - purported manufacturer on labels",person not reported,,"Raipur (Gogaon) and Sarangarh, Sarangarh-Bilaigar…",CG-2025-12-counterfeit-kingpin,"Dec 2025: consignment seized at Nagpur Golden Transport, Gogaon, Raipur; State Drug Testing Laboratory, Kalib…",2025-12,https://drugscontrol.org/news-detail.php?newsid=43876
G Laboratories Ltd. - product ban (2 years) - location not reported,person not reported,,Jaipur (RMSC HQ),RJ-2025-11-rmscl-7-firms-40-drugs-blacklist,7 firms debarred in FY2025-26 (5 for five years for supplying substandard/adulterated medicines; 2 for three…,2025-11-20,https://medicaldialogues.in/news/industry/pharma/rajasthan-medical-services-corp-bans-7-pharma-firms-40-drugs-over-quality-concerns-159266
"M/s G.C. Health Care, Solan, Himachal Pradesh - purported manufacturer on labels",person not reported,,"Raipur (Gogaon) and Sarangarh, Sarangarh-Bilaigar…",CG-2025-12-counterfeit-kingpin,"Dec 2025: consignment seized at Nagpur Golden Transport, Gogaon, Raipur; State Drug Testing Laboratory, Kalib…",2025-12,https://drugscontrol.org/news-detail.php?newsid=43876
"Galpha Laboratories Ltd., Baddi (HP) - named by ETV Bharat only; not found in current CDSCO portal March-2026…",person not reported,,Kolkata (CDL),CDSCO-2026-03-alert,"Ongoing investigation. CDSCO portal remark: 'The product is purported to be spurious, however, the same is su…",2026-03,https://medicaldialogues.in/news/industry/pharma/cdsco/suspected-spurious-buprenorphine-injection-batch-under-scanner-cdsco-launches-investigation-169200
"Ganesh Medical and General Stores, Tellapur village, Ramchandrapuram mandal, Sangareddy district (medical sho…",person not reported,,"Tellapur village, Ramchandrapuram mandal, Sangare…",TS-2026-tg-safe-sangareddy-habit-forming-and-11-varieties,"Ongoing: Sangareddy raid - further investigation under way, action to be taken against those responsible as p…",2026-10-01,https://www.siasat.com/tg-safe-seizes-habit-forming-drugs-from-sangareddy-medical-shop-3551138/
"Gang's shop in Devarniya town (PTI: Devchandniya), Bareilly district",person not reported,,Bareilly,UP-2026-10-bareilly-fake-enhancement,"Sameeruddin and Yusuf arrested on 2026-10-06, produced in court and sent to jail (Amar Ujala 2026-10-07); Yus…",2026-10-06,https://www.amarujala.com/uttar-pradesh/bareilly/fake-enhancement-medicines-gang-busted-two-arrested-in-bareilly-2026-10-06
"Ganga Pharma Distributors, Koti, Hyderabad",Praveen Kumar Kanodia,Ganga Pharma Distributors,"Koti, Hyderabad",TS-2025-06-hyderabad-rosuvas-counterfeit,Seized; DCA public advisory on spurious drugs issued (dca.telangana.gov.in record ID 264). Earlier (Dec 2023-…,2025-06-19,https://www.medstown.com/sun-pharma-counterfeit-seizure-2026-official-dca-batch-numbers-safety-guide/
"Gaurav Tyagi's drug factory, Roorkee, Haridwar - earlier busted for fake medicines, closed ~2 years",Gaurav Tyagi,arrested; owner of a Roorkee drug factory earlier caught making fake medicines (closed ~2…,Haridwar,UK-2026-05-roorkee-sk-healthcare,"2 arrested (Jatin Saini, Gaurav Tyagi); Kotdwar unit M/s Nectar Herbs and Drugs sealed on 23 May 2026 (licenc…",2026-05-22,https://medicaldialogues.in/news/industry/pharma/fake-cancer-bp-drugs-sold-via-facebook-at-50-discount-stf-busts-illegal-pharma-unit-in-roorkee-171503
Geenac Pharma (fictitious/non-existent firm printed on labels),person not reported,,Hyderabad (accused apprehended at Karmanghat; con…,TS-2024-11-shree-pharma-prayagraj-courier-spurious-antibiotics,Both Gandla Ramulu and Munishekhar apprehended during the raids (22 Nov 2024); case registered under NDPS Act…,2024-11-22,https://thesouthfirst.com/health/courier-networks-fake-firms-false-packaging-how-telangana-dca-is-busting-spurious-drugs/
"Geenac Pharma - Plot No.-582, Raipur, Bhagwanpur, Roorkee, Uttarakhand-247667 (label manufacturer of Amoxicil…",person not reported,,Lucknow (Lucknow Lab; also Agra Lab and Varanasi…,UP-2026-08-enoxaparin-DESDD0526-spurious-lucknow-lab,Listed as spurious in the CDSCO Aug-2026 state-lab NSQ table (all five rows carry 'Reporting Source: State La…,2026-08,https://cdscoonline.gov.in/CDSCO/viewPublicNSQDrug (Aug-2026 state-lab entries)
"Geenac Pharma, Plot No.-582, Raipur, Bhagwanpur, Roorkee, Uttarakhand-247667 (label firm; same batch number M…",person not reported,,"Label addresses: Gowahati/Guwahati (Assam), Namch…",AS-2026-07-assam-sikkim-brand-batches-flagged-lucknow-lab-identification-failures,All seven batches appear on CDSCO's public NSQ table for JUL-2026 (reporting source 'State Lab'); none of the…,2026-07,https://cdscoonline.gov.in/CDSCO/viewPublicNSQDrug
"Giriraj Health Care, Paldi, Ahmedabad",person not reported,,Gandhinagar (statewide); counterfeit-drug raids i…,GJ-2026-09-fdca-50-licences,August 2026 action reviewed on 2 Sept 2026: sales licences of 50 drug firms cancelled; closure orders for two…,2026-09-02,https://bilkulonline.com/2026/09/02/gujarat-fdca-cancels-licences-of-50-drug-firms-seizes-42988-kg-of-suspected-food-products/
GK Enterprises,Giriraj Ajmera,"former partner; told DCO he exited the partnership in 2019 (not booked, per search snippe…",Jaipur,RJ-2025-12-jaipur-gk-enterprises,seizure; case registered against Khemchand for running pharmaceutical operations without authorisation (per s…,2025-12,https://medicaldialogues.in/news/industry/pharma/rs-373-crore-fake-medicines-seized-from-jaipur-based-firm-160175
GK Enterprises,Khemchand,remaining partner; continued operations without mandatory licence (per search snippets),Jaipur,RJ-2025-12-jaipur-gk-enterprises,seizure; case registered against Khemchand for running pharmaceutical operations without authorisation (per s…,2025-12,https://medicaldialogues.in/news/industry/pharma/rs-373-crore-fake-medicines-seized-from-jaipur-based-firm-160175
"GK Enterprises, Jaipur",person not reported,,Jaipur,RJ-2025-12-jaipur-gk-enterprises,seizure; case registered against Khemchand for running pharmaceutical operations without authorisation (per s…,2025-12,https://medicaldialogues.in/news/industry/pharma/rs-373-crore-fake-medicines-seized-from-jaipur-based-firm-160175
"Glasco Pharmaceutical, Chandigarh (Rajkumar Mishra)","Rajkumar Mishra (also 'Rajukumar Mishra', 'Raju Mishra')",alleged source/manufacturer of the fake Alburel per Khan's confession; named in Nagpur Sh…,Chandigarh,MH-2026-04-nagpur-alburel-albumin,Market Yard case: Ritesh Rohidas Thombre and Mohd. Danish Khan detained 2025-09-16 and remanded to five days'…,2026-04-25,https://www.mypunepulse.com/pune-gangadham-area-medical-store-caught-for-selling-fake-alburel-injections-worth-%E2%82%B94-5-lakh-by-fda/
Glenmark,person not reported,,UP/Chandigarh; national,CDSCO-2025-11-alert,Under investigation (as per original record; could not be re-verified on 2026-10-07 - all source fetches bloc…,2025-11,https://medicaldialogues.in/news/industry/pharma/cdsco-flags-popular-pantoprazole-telmisartan-batches-as-spurious-in-november-alert-161144
Glenmark Pharmaceuticals (brand owner of Telma AM; its officials reported the counterfeits; in CDSCO alerts t…,person not reported,,"Dombivli East (Thane district; Manpada police, Th…",MH-2026-02-thane-telma-am,Two arrested (Pankaj Upadhyay taken into custody after FIR; Vivek Rai arrested 2026-02-16). Upadhyay claimed…,2026-01-20 (FDA raid at Shri…,https://medicaldialogues.in/news/industry/pharma/fake-telma-am-racket-busted-in-thane-two-pharma-distributors-arrested-165020
Glenmark Pharmaceuticals Ltd (brand owner / label-claim manufacturer; per CDSCO spurious-tab firm reply for t…,person not reported,,"Multiple (samples tested at SDTL Kolkata; CDL, Ko…",BRAND-Glenmark-Telma-counterfeit-batches-CDSCO-2025,ongoing: every batch shown on cdscoonline.gov.in as 'Under Investigation' / 'subject to outcome of investigat…,2025-01 to 2025-12,https://cdscoonline.gov.in/CDSCO/filteredSpuriousDrugTable?month=Jul-2025&source=All&tab=spurious
"Glenmark Pharmaceuticals Ltd., Gangtok, Sikkim (separate NSQ entry: TELMA AM batch 18240554, assay of Telmisa…",person not reported,,New Delhi (DTL Delhi); Kolkata (CDL); Baddi / Nal…,CDSCO-2026-08-alert,Under investigation (manufacturer of TELMA AM batch 18230791 listed as 'Under Investigation'; CDSCO: matter '…,2026-09-22,https://aninews.in/news/national/general-news/central-drugs-laboratories-flags-220-drug-samples-as-nsq-in-august-one-spurious-drug-identified-in-delhi20260922093319/
"Glenmark Pharmaceuticals Ltd., Samlik Marchak, Industrial Growth Centre, Ranipool (Sikkim) - genuine Telma AM…",person not reported,,"Baddi, Kala Amb, Paonta Sahib, Roorkee, Haridwar",CDSCO-2025-2026-synthesis-repeat-offenders,Ongoing investigations (CDSCO remark on every spurious entry: 'subject to outcome of investigation'). July-20…,2026-09,https://thehealthmaster.com/drug-alert-nsq-drugs-lists/
"Glenmark Pharmaceuticals Ltd., Solan (H.P.) (label-claim manufacturer of Telma AM 5240367; denies manufacturi…",Unknown / 'Under Investigation',maker of purportedly spurious TELMA AM batch 5240367; Glenmark (actual manufacturer as pe…,not disclosed,CDSCO-2025-01-alert,Ongoing/regulatory. Gentamicin GM-19 and Dexamethasone DX-18 declared SPURIOUS by CDL Kolkata in the Jan-2025…,2025-01,https://medicaldialogues.in/news/industry/pharma/drug-alert-cdsco-flags-52-formulations-as-not-of-standard-quality-144329
"Global Pharma, Ghatlodia, Ahmedabad",person not reported,,Gandhinagar (statewide); counterfeit-drug raids i…,GJ-2026-09-fdca-50-licences,August 2026 action reviewed on 2 Sept 2026: sales licences of 50 drug firms cancelled; closure orders for two…,2026-09-02,https://bilkulonline.com/2026/09/02/gujarat-fdca-cancels-licences-of-50-drug-firms-seizes-42988-kg-of-suspected-food-products/
"Glorius Pharmaceuticals, Mainpura, Danapur Cantt, Patna (Bihar)",person not reported,,"national (manufacturers in Himachal Pradesh, Guja…",CDSCO-2026-06-alert,Monthly NSQ/spurious alert for June 2026 published (reported 22 Jul 2026 and 31 Jul 2026). Officials said the…,2026-06,https://www.freepressjournal.in/mumbai/cdsco-flags-159-substandard-drug-samples-as-nsq-including-14-linked-to-maharashtra
"Glorius Pharmaceuticals, Mainpura, Danapur Cantt, Patna-801503",person not reported,,"Patna, Hajipur (Hazipur), Barauni, Muzaffarpur, F…",BR-2025-2026-bihar-manufacturers-nsq-injectables-syrups,"NSQ declarations only (plus two SPURIOUS declarations against New Lab Industry, Patna, Jan-2025); licence act…",2025-01 to 2026-06,https://cdscoonline.gov.in/CDSCO/filteredNsqDrugTable?month=Jan-2025&source=All&tab=nsq
Glowson India Labs Pvt Ltd (manufacturer of isosorbide mononitrate 20 mg batch ABT6711 and metoprolol 50 mg b…,person not reported,,New Delhi,DL-2026-09-rml-hospital-recall,"10 batches recalled via four hospital notices (7-14 Sep 2026): 8 failed analytical testing (NSQ), 2 found as…",2026-09-14,https://www.business-standard.com/india-news/rml-hospital-recalls-10-drug-batches-quality-failures-defects-126100200404_1.html
"MGM Seven Hills Hospital, Visakhapatnam (inspected corporate hospital)",person not reported,,Visakhapatnam (Daba Gardens),AP-2026-09-visakhapatnam-dca-distributor-hospital-inspections,"Compliance inspection only (surprise raids/inspections on Thursday, 24 Sept 2026). Officials verified purchas…",2026-09-24,https://www.uniindia.com/south-india/ap-drug-control-raids/191711
"Goa Antibiotics & Pharmaceuticals Ltd. (Subsidiary of HLL Lifecare Ltd), Village Anji, P.O. Barog, Distt. Sol…",person not reported,,Kolkata (CDL),CDSCO-2026-03-alert,"Ongoing investigation. CDSCO portal remark: 'The product is purported to be spurious, however, the same is su…",2026-03,https://medicaldialogues.in/news/industry/pharma/cdsco/suspected-spurious-buprenorphine-injection-batch-under-scanner-cdsco-launches-investigation-169200
"Godown of Dhandapani near Puthurai, Vanur taluk, Villupuram district, Tamil Nadu (leased by Prabhakaran)",person not reported,,Puducherry (manufacturing unit at Thiruphuvanai P…,PY-2025-11-medinoc-raja-lupin-counterfeit-cbi,"CBI investigation ongoing. Original case: 26 persons (incl. 4 women) arrested by Puducherry police/SIT, inclu…",2025-11-12,https://medicaldialogues.in/news/industry/pharma/counterfeit-drug-racket-using-lupin-brand-busted-in-puducherry-fir-filed-160639
"Godown of Sonu, Tedhi Bagiya, Agra (rented by Himanshu Agarwal's father; vacated 27 Sep 2026)",person not reported,,"Agra (Dhanauli near Mother RD School, Malpura PS…",UP-2025-08-agra-fawwara-stf-syndicate,"Dhanauli case: Ikrar, Shamin alias Chhotu and Salua alias Mukim arrested and sent to jail by court (1 Oct 202…",2026-09-29,https://medicaldialogues.in/news/industry/pharma/rs-1-crore-bribe-to-drug-officials-exposed-up-stf-busts-multi-crore-fake-drugs-syndicate-154178
"Government New Medical College Hospital (NMCH) / Super Speciality Wing, Government Medical College, Kota (rec…","Dr. B.L. Patidar, Dr. Khushbu Meena, Dr. Navneet Kumar (not accused o…",Kota Medical College doctors suspended in May 2026 over alleged treatment/supervision neg…,"Kota, Rajasthan",PB-RJ-2026-06-jackson-labs-oxytocin,Confirmed: Rajasthan DTL Jaipur found batch I-7881 contains no oxytocin (CDSCO May-2026 alert); RDTL Chandiga…,2026-05 to 2026-10 (deaths 5-…,https://www.livemint.com/companies/jackson-laboratories-licence-cancelled-pregnant-women-death-oxytocin-pharma-11780568790301.html
Government supply chain: Rajasthan Medical Services Corporation Ltd (RMSCL) consignment to Acharya Tulsi Regi…,person not reported,,"Delhi (Laxmi Nagar, Govindpuri; raids in East Del…",DL-2026-08-crime-branch-anticancer-syndicate-17-arrested,"17 arrested (announced 2026-08-20); investigation continuing to trace supply/financial network, end beneficia…",2026-08-20,https://aninews.in/news/national/general-news/delhi-crime-branch-busts-interstate-anti-cancer-drug-racket-17-arrested-medicines-worth-rs-9-crore-seized20260820145541/
"Govind Mitra Road (गोविंद मित्रा रोड) drug market (दवा मंडी), Patna - unnamed persons linked to it under inve…",person not reported,,Patna (Agamkuan police station area; arrests near…,BR-2026-patna-tv-tower-narcotic-injections-capsules,Six arrested (Afgan Alam described as main kingpin); case registered; investigation ongoing into supply sourc…,2026-10-03,https://news4nation.com/crime/patna-drug-bust-6-arrested-with-thousands-of-intoxicating-injections-and-capsules-638872
"Gupta Medical, Agra",person not reported,,"Lucknow (Aminabad, Alambagh, Bakshi Ka Talab, Kai…",UP-2026-08-fsda-multi-district,"ongoing. Lucknow: 7 FIRs against 32 persons, 2 arrests; Agra: 9 FIRs, 2 arrests; Varanasi: surgical shop oper…",2026-08-19,https://www.etvbharat.com/hi/state/illegal-medicines-worth-5-dot-43-crore-seized-in-four-districts-of-uttar-pradesh-ups26081906919
"M/s Hakim Ayurvedic Beauty Care, Amravati",person not reported,,"Statewide (cancelled units in Pune, Baramati, Jej…",MH-2026-08-ayurvedic-gmp-crackdown,Manufacturing licences of 10 Ayurvedic drug units permanently cancelled; 135 other manufacturers issued show-…,2026-08-11,https://economictimes.com/industry/healthcare/biotech/healthcare/maharashtra-fda-cracks-down-on-ayurvedic-drug-makers-cancels-10-licences/articleshow/133169140.cms
"M/s. Shandong New Time Pharmaceuticals Co. Ltd., Shandong, China (NSQ, Amoxicillin Sodium and Clavulanate Pot…",person not reported,,West Bengal (per health ministry note quoted by B…,CDSCO-2025-03-alert,Under investigation. CDSCO spurious list (March 2025): 'Manufactured By: Under Investigation'; 'The product i…,2025-04-18,https://medicaldialogues.in/news/industry/pharma/drug-alert-70-drug-samples-fail-to-clear-cdsco-test-1-declared-spurious-147190
"M/s. Shangrila Industries (P) Ltd., Rangpo, East Sikkim (NSQ, Pantoshang-40 batch SP240165)",person not reported,,West Bengal (per health ministry note quoted by B…,CDSCO-2025-03-alert,Under investigation. CDSCO spurious list (March 2025): 'Manufactured By: Under Investigation'; 'The product i…,2025-04-18,https://medicaldialogues.in/news/industry/pharma/drug-alert-70-drug-samples-fail-to-clear-cdsco-test-1-declared-spurious-147190
"Shape Pharma Pvt. Ltd., Plot No. 4, Surendranagar Rajkot Highway Rd., Shekhpur 363510, Gujarat (manufacturer…",person not reported,,"Bavla, Ahmedabad and Shekhpur, Surendranagar (Guj…",GJ-2025-10-respifresh-relife-deg,"MP govt banned sale of Coldrif, Respifresh and Relife and initiated market recall (TOI, 11 Oct 2025). Per WHO…",2025-10-08,https://timesofindia.indiatimes.com/city/bhopal/another-sample-from-same-batch-of-coldrif-fails-testing/articleshow/124464585.cms
"Shape Pharma Pvt. Ltd., Plot No. 4, Surendranagar Rajkot Highway Rd., Shekhpur 363510, Gujarat — ReLife recal…",person not reported,,New Delhi (CDSCO/DGHS); Chhindwara/Parasia (MP) d…,CENTRAL-2025-10-cdsco-deg-response,"Ongoing. Arrests: G. Ranganathan (owner, Sresan) arrested 9 Oct 2025, 10-day police custody from 10 Oct 2025;…",2025-10-03,https://www.who.int/news/item/13-10-2025-medical-product-alert-n-5-2025--substandard-(contaminated-oral-liquid-medicines)
"Shape Pharma Pvt. Ltd., Shekhpur, Gujarat - ReLife (separate manufacturer in same WHO alert)","G. Ranganathan (Ranganathan Govindhan), 75",Proprietor/owner; arrested 8-9 Oct 2025 at Chennai by MP SIT; 10-day police custody by Pa…,"Kodambakkam, Chennai / Kancheepuram",TN-MP-2025-10-coldrif-sresan-deg,"Seven arrested: G. Ranganathan (owner, arrested 8-9 Oct 2025 at Chennai by MP SIT, Rs 20,000 reward had been…",2025-10-04,https://medicaldialogues.in/news/industry/pharma/sresan-pharmas-coldrif-syrup-banned-after-486-toxic-diethylene-glycol-detected-156353
"Sharda Pharma, Agra",person not reported,,"Lucknow (Aminabad, Alambagh, Bakshi Ka Talab, Kai…",UP-2026-08-fsda-multi-district,"ongoing. Lucknow: 7 FIRs against 32 persons, 2 arrests; Agra: 9 FIRs, 2 arrests; Varanasi: surgical shop oper…",2026-08-19,https://www.etvbharat.com/hi/state/illegal-medicines-worth-5-dot-43-crore-seized-in-four-districts-of-uttar-pradesh-ups26081906919
"Sharda Pharma, Agra (sealed)",Nabeel Khan,Removed suspected medicines from Sharda Pharma; questioned by STF Ghaziabad,Agra,UP-2026-05-agra-fsda-18-stores,"Kingpin Surendra Gupta (Shri Medical Agency, Kambutola) arrested by Kotwali police from his residence on Satu…",2026-05-21,https://drugscontrol.org/news-detail.php?newsid=44996
"Sharda Pharma, Agra (sealed)",Shivam Gupta,Supply chain of Yug Pharma stock traced to him; firm sealed; CCTV showed Nabeel Khan and…,Agra,UP-2026-05-agra-fsda-18-stores,"Kingpin Surendra Gupta (Shri Medical Agency, Kambutola) arrested by Kotwali police from his residence on Satu…",2026-05-21,https://drugscontrol.org/news-detail.php?newsid=44996
"Sharda Pharma, Agra (sealed)",Sonu Baghel,Removed suspected medicines from Sharda Pharma; questioned by STF Ghaziabad,Agra,UP-2026-05-agra-fsda-18-stores,"Kingpin Surendra Gupta (Shri Medical Agency, Kambutola) arrested by Kotwali police from his residence on Satu…",2026-05-21,https://drugscontrol.org/news-detail.php?newsid=44996
Haridwar-based manufacturer of Methylprednisolone Tablets (name not reported),person not reported,,Jaipur (Rajasthan Drug Controller); manufacturers…,RJ-2026-04-spurious-antibiotic,7 medicines declared NSQ; licences of 3 manufacturing units suspended; batches ordered withdrawn statewide (a…,2026-04-22,https://drugscontrol.org/news-detail.php?newsid=44607
"Harihar Pharmaceuticals Pvt. Ltd., SBP Road / Sambalpur Road, Khamarmunda-767065, Dist. Balangir, Odisha - De…",person not reported,,Bhubaneswar (State Drugs Testing & Research Labor…,OD-2025-2026-sdtrl-bhubaneswar-nsq-roundup,51 NSQ batches reported by the Odisha state lab (SDT&RL/SFTRL Bhubaneswar) in the CDSCO monthly tables Oct-20…,2025-10 to 2026-08,https://cdscoonline.gov.in/CDSCO/filteredNsqDrugTable?month=Oct-2025&source=All&tab=nsq
"Sharika Biotech, Jagatkhana, Nalagarh (Solan district) - as per original record, unverified",person not reported,,Nalagarh / Baddi,HP-2026-09-sharika-biotech-tapentadol,licences cancelled (per original record); arrests/FIR not reported - unverified,2026-09,https://medicaldialogues.in/news/industry/pharma/baddi-pharma-firm-loses-licence-after-1200-kg-unauthorised-tapentadol-seized-179031
"Harshit Traders, Agra",person not reported,,"Lucknow (Aminabad, Alambagh, Bakshi Ka Talab, Kai…",UP-2026-08-fsda-multi-district,"ongoing. Lucknow: 7 FIRs against 32 persons, 2 arrests; Agra: 9 FIRs, 2 arrests; Varanasi: surgical shop oper…",2026-08-19,https://www.etvbharat.com/hi/state/illegal-medicines-worth-5-dot-43-crore-seized-in-four-districts-of-uttar-pradesh-ups26081906919
"He Maa Medicos, Agra (recipient, raided)",person not reported,,Puducherry (manufacturing unit at Thiruphuvanai P…,PY-2025-11-medinoc-raja-lupin-counterfeit-cbi,"CBI investigation ongoing. Original case: 26 persons (incl. 4 women) arrested by Puducherry police/SIT, inclu…",2025-11-12,https://medicaldialogues.in/news/industry/pharma/counterfeit-drug-racket-using-lupin-brand-busted-in-puducherry-fir-filed-160639
"Healer's Lab Unit II, Baddi, HP (multiple paracetamol batches)",person not reported,,New Delhi (DTL Delhi); Kolkata (CDL); Baddi / Nal…,CDSCO-2026-08-alert,Under investigation (manufacturer of TELMA AM batch 18230791 listed as 'Under Investigation'; CDSCO: matter '…,2026-09-22,https://aninews.in/news/national/general-news/central-drugs-laboratories-flags-220-drug-samples-as-nsq-in-august-one-spurious-drug-identified-in-delhi20260922093319/
"Healers Lab Unit-II, Plot NO-33, H.P.S.I.D.C Extn. Baddi, Dist-Solan (HP) - Dec-2025",person not reported,,Bhubaneswar (State Drugs Testing & Research Labor…,OD-2025-2026-sdtrl-bhubaneswar-nsq-roundup,51 NSQ batches reported by the Odisha state lab (SDT&RL/SFTRL Bhubaneswar) in the CDSCO monthly tables Oct-20…,2025-10 to 2026-08,https://cdscoonline.gov.in/CDSCO/filteredNsqDrugTable?month=Oct-2025&source=All&tab=nsq
"M/s. Health Biotech Ltd., Village Sandoli, Nalagarh Road, Baddi, Distt. Solan (HP) 173205 (NSQ, 2 batches)",person not reported,,national (CDSCO monthly alert; sampling location…,CDSCO-2025-02-alert,"Under investigation. CDSCO remark: 'The product is purported to be spurious, however, the same is subject to…",2025-02,https://medicaldialogues.in/news/industry/pharma/drug-alert-47-drug-samples-fail-to-clear-cdsco-test-1-declared-spurious-145785
"Health Plus, Aminabad, Lucknow (licence May 2025; purchases/sales shown from April 2025)",Ankur Awasthi (अंकुर अवस्थी),proprietor; booked in Aminabad FIR of 12 Aug 2026,"Aminabad, Lucknow",UP-2026-08-fsda-multi-district,"ongoing. Lucknow: 7 FIRs against 32 persons, 2 arrests; Agra: 9 FIRs, 2 arrests; Varanasi: surgical shop oper…",2026-08-19,https://www.etvbharat.com/hi/state/illegal-medicines-worth-5-dot-43-crore-seized-in-four-districts-of-uttar-pradesh-ups26081906919
"Health Plus, Aminabad, Lucknow (licence May 2025; purchases/sales shown from April 2025)",Govind Shukla (गोविंद शुक्ला),operator of Ram Pharma; 20% partner in Health Plus per Dainik Bhaskar; described as key o…,"Aminabad, Lucknow",UP-2026-08-fsda-multi-district,"ongoing. Lucknow: 7 FIRs against 32 persons, 2 arrests; Agra: 9 FIRs, 2 arrests; Varanasi: surgical shop oper…",2026-08-19,https://www.etvbharat.com/hi/state/illegal-medicines-worth-5-dot-43-crore-seized-in-four-districts-of-uttar-pradesh-ups26081906919
"Health Plus, Aminabad, Lucknow (no valid drug licence; sealed)",Ankur Awasthi,Proprietor (no valid drug licence),"Aminabad, Lucknow",UP-2026-08-lucknow-aminabad-cross-billing,"FIRs registered (29 Jul and 12 Aug 2026, Aminabad PS; Saharanpur FIR after 2 Sept 2026 operation). Ejaz/Aijaz…",2026-07-29,https://www.indiatvnews.com/uttar-pradesh/fsda-cracks-down-on-organised-network-dealing-with-counterfeit-medicines-in-lucknow-fir-against-four-filed-2026-08-12-1051175
"Healthy Life Pharma Pvt. Ltd., Factory N31/1, MIDC Tarapur, Boisar, Dist. Palghar 401506 - Jun-2026",person not reported,,Bhubaneswar (State Drugs Testing & Research Labor…,OD-2025-2026-sdtrl-bhubaneswar-nsq-roundup,51 NSQ batches reported by the Odisha state lab (SDT&RL/SFTRL Bhubaneswar) in the CDSCO monthly tables Oct-20…,2025-10 to 2026-08,https://cdscoonline.gov.in/CDSCO/filteredNsqDrugTable?month=Oct-2025&source=All&tab=nsq
"Healthy Life Pharma Pvt. Ltd., Factory: N-31/1, M.I.D.C., Tarapur, Boisar - 401 506, Dist. Palghar (NSQ Thyro…",person not reported,,Patna (BDCL); Kolkata (CDL),CDSCO-2026-05-alert,"Under investigation. CDSCO remarks on both CDL Kolkata batches: 'The product is purported to be spurious, how…",2026-05,https://medicaldialogues.in/news/industry/pharma/cdsco/cdsco-probes-two-suspected-spurious-antibiotic-batches-of-cefixime-amoxycillin-clavulanate-175635
"Healthy Life Pharma Pvt. Ltd., N-31/1, M.I.D.C., Tarapur, Boisar-401506, Dist. Palghar",person not reported,,Kathua and Srinagar (Modern Drug Testing Laborato…,JK-2025-2026-kathua-srinagar-nsq-roundup-hospital-injectables,"NSQ declarations in CDSCO monthly alerts; one SPURIOUS declaration (R Zara-DSR Capsules, Apr-2026, MDTL Kathu…",2025-05 to 2026-08,https://cdscoonline.gov.in/CDSCO/filteredNsqDrugTable?month=May-2025&source=All&tab=nsq
"Sheen Pharmaceuticals, Wariana Industrial Complex-144021 (Mkt by Lebon Pharmaceuticals, Vashi, Mumbai)",person not reported,,Kathua and Srinagar (Modern Drug Testing Laborato…,JK-2025-2026-kathua-srinagar-nsq-roundup-hospital-injectables,"NSQ declarations in CDSCO monthly alerts; one SPURIOUS declaration (R Zara-DSR Capsules, Apr-2026, MDTL Kathu…",2025-05 to 2026-08,https://cdscoonline.gov.in/CDSCO/filteredNsqDrugTable?month=May-2025&source=All&tab=nsq
"M/s. Shell Eastern Chemicals, Singapore (NSQ Monopropylene Glycol USP, entry 1, same alert)",person not reported,,"Patna (Ramnagar, Kurthoul)",CDSCO-2025-01-alert,Ongoing/regulatory. Gentamicin GM-19 and Dexamethasone DX-18 declared SPURIOUS by CDL Kolkata in the Jan-2025…,2025-01,https://medicaldialogues.in/news/industry/pharma/drug-alert-cdsco-flags-52-formulations-as-not-of-standard-quality-144329
"M/s Hemped Souls International LLP, Q-10, Poorvi Marg, DLF City Phase 2, Gurugram (firm where co-accused Muja…",Mujammil Khan,co-accused; passenger in the intercepted cab carrying the consignment; described in court…,"DLF Phase 4 / DLF City Phase 2, Gurugram (native…",HR-2026-04-gurugram-counterfeit-mounjaro,Both accused arrested 19.04.2026 (Avi Sharma in custody since 19.04.2026). Regular bail application of Avi Sh…,2026-04-18,https://www.business-standard.com/india-news/fake-mounjaro-injection-manufacturing-racket-busted-in-gurugram-2-arrested-126042001292_1.html
"Shervotee Pharmaceuticals, 82/4 & 82/5, HPSIDC, Baddi, Dist. Solan (HP) - Oct-2025, SFTRL Odisha Bhubaneswar",person not reported,,Bhubaneswar (State Drugs Testing & Research Labor…,OD-2025-2026-sdtrl-bhubaneswar-nsq-roundup,51 NSQ batches reported by the Odisha state lab (SDT&RL/SFTRL Bhubaneswar) in the CDSCO monthly tables Oct-20…,2025-10 to 2026-08,https://cdscoonline.gov.in/CDSCO/filteredNsqDrugTable?month=Oct-2025&source=All&tab=nsq
"Hey Maa Medico / He Maa Medicos, Mubarak Mahal, Fawwara Dawa Market, Agra (Rs 2.43 crore stock seized Aug 202…",A.K. Rana,Kingpin of inter-state network; owner-controller of Meenakshi Pharma; manufactured counte…,Puducherry,UP-2025-08-agra-fawwara-stf-syndicate,"Dhanauli case: Ikrar, Shamin alias Chhotu and Salua alias Mukim arrested and sent to jail by court (1 Oct 202…",2026-09-29,https://medicaldialogues.in/news/industry/pharma/rs-1-crore-bribe-to-drug-officials-exposed-up-stf-busts-multi-crore-fake-drugs-syndicate-154178
"Hey Maa Medico / He Maa Medicos, Mubarak Mahal, Fawwara Dawa Market, Agra (Rs 2.43 crore stock seized Aug 202…",Himanshu Agarwal,Alleged kingpin/drug trader; director/owner of Hey Maa Medico; son of Pawan Kumar Agarwal…,"Mubarak Mahal / Fawwara Dawa Market, Agra; reside…",UP-2025-08-agra-fawwara-stf-syndicate,"Dhanauli case: Ikrar, Shamin alias Chhotu and Salua alias Mukim arrested and sent to jail by court (1 Oct 202…",2026-09-29,https://medicaldialogues.in/news/industry/pharma/rs-1-crore-bribe-to-drug-officials-exposed-up-stf-busts-multi-crore-fake-drugs-syndicate-154178
"M/s. HIGGS HEALTHCARE, Khasra No-480/1, Bhatolikalan Baddi, H.P. (NSQ, Ringer Lactate Hi-Ring-RL, 2 batches)",person not reported,,national (CDSCO monthly alert; sampling location…,CDSCO-2025-02-alert,"Under investigation. CDSCO remark: 'The product is purported to be spurious, however, the same is subject to…",2025-02,https://medicaldialogues.in/news/industry/pharma/drug-alert-47-drug-samples-fail-to-clear-cdsco-test-1-declared-spurious-145785
"M/s Hilarious Ayurveda (Mid-Day spelling: Hilerius Ayurved), MIDC Mundipar, Gondia",person not reported,,"Statewide (cancelled units in Pune, Baramati, Jej…",MH-2026-08-ayurvedic-gmp-crackdown,Manufacturing licences of 10 Ayurvedic drug units permanently cancelled; 135 other manufacturers issued show-…,2026-08-11,https://economictimes.com/industry/healthcare/biotech/healthcare/maharashtra-fda-cracks-down-on-ayurvedic-drug-makers-cancels-10-licences/articleshow/133169140.cms
Hilma Biocare (European biotechnology company whose name appears on the falsified semaglutide detected in Aus…,person not reported,,New Delhi,CENTRAL-2026-07-cdsco-interpol-semaglutide-alert,Nationwide vigilance directive in force: state inspectors required to conduct intensified checks within distr…,2026-07,https://www.docplexus.com/posts/india-tightens-surveillance-of-semaglutide-supply-following-interpol-counterfeit-alert
"Hindustan Antibiotics Ltd (A Govt. of India Enterprise), Pimpri, Pune",person not reported,,"national (manufacturers in Himachal Pradesh, Guja…",CDSCO-2026-06-alert,Monthly NSQ/spurious alert for June 2026 published (reported 22 Jul 2026 and 31 Jul 2026). Officials said the…,2026-06,https://www.freepressjournal.in/mumbai/cdsco-flags-159-substandard-drug-samples-as-nsq-including-14-linked-to-maharashtra
"Hindustan Antibiotics Ltd (Govt of India enterprise, Pimpri) - 13 NSQ entries Mar-2025 to Jun-2026 (medcheck…",person not reported,,"Baddi, Kala Amb, Paonta Sahib, Roorkee, Haridwar",CDSCO-2025-2026-synthesis-repeat-offenders,Ongoing investigations (CDSCO remark on every spurious entry: 'subject to outcome of investigation'). July-20…,2026-09,https://thehealthmaster.com/drug-alert-nsq-drugs-lists/
"Hindustan Antibiotics Ltd, Pimpri, Pune (NSQ, genuine manufacturer)",person not reported,,West Bengal (CDL Kolkata and West Bengal State La…,CDSCO-2026-01-alert,Under investigation: all three spurious batches carry the CDSCO remark 'The product is purported to be spurio…,2026-01,https://medicaldialogues.in/news/industry/pharma/azithromycin-ofloxacin-combos-among-3-drug-batches-flagged-as-purportedly-spurious-by-cdsco-165368
"Hindustan Antibiotics Ltd, Pimpri, Pune-411 018 - Jan-2026",person not reported,,Bhubaneswar (State Drugs Testing & Research Labor…,OD-2025-2026-sdtrl-bhubaneswar-nsq-roundup,51 NSQ batches reported by the Odisha state lab (SDT&RL/SFTRL Bhubaneswar) in the CDSCO monthly tables Oct-20…,2025-10 to 2026-08,https://cdscoonline.gov.in/CDSCO/filteredNsqDrugTable?month=Oct-2025&source=All&tab=nsq
"Hindustan Antibiotics Ltd., Pimpri, Pune (NSQ manufacturer)",person not reported,,"Multi-state: North Zone (RDTL Chandigarh, 4 sampl…",CDSCO-2025-12-alert,"Under investigation. CDSCO remark on every spurious entry: ""The product is purported to be spurious, however,…",2025-12,https://medicaldialogues.in/news/industry/pharma/cdsco-flags-7-batches-of-popular-medicines-as-purportedly-spurious-in-december-163217
"M/s. Hindustan Antibiotics Ltd., Pimpri, Pune (NSQ, Pantoprazole tablets batch 0081)",person not reported,,West Bengal (per health ministry note quoted by B…,CDSCO-2025-03-alert,Under investigation. CDSCO spurious list (March 2025): 'Manufactured By: Under Investigation'; 'The product i…,2025-04-18,https://medicaldialogues.in/news/industry/pharma/drug-alert-70-drug-samples-fail-to-clear-cdsco-test-1-declared-spurious-147190
"Hindustan Laboratories Limited, Aliyali, Palghar (M.S.)",person not reported,,"national (manufacturers in Himachal Pradesh, Guja…",CDSCO-2026-06-alert,Monthly NSQ/spurious alert for June 2026 published (reported 22 Jul 2026 and 31 Jul 2026). Officials said the…,2026-06,https://www.freepressjournal.in/mumbai/cdsco-flags-159-substandard-drug-samples-as-nsq-including-14-linked-to-maharashtra
"Hindustan Medicines Pvt. Ltd., Barauni-851112, Bihar",person not reported,,"Patna, Hajipur (Hazipur), Barauni, Muzaffarpur, F…",BR-2025-2026-bihar-manufacturers-nsq-injectables-syrups,"NSQ declarations only (plus two SPURIOUS declarations against New Lab Industry, Patna, Jan-2025); licence act…",2025-01 to 2026-06,https://cdscoonline.gov.in/CDSCO/filteredNsqDrugTable?month=Jan-2025&source=All&tab=nsq
"M/s Hitashi Pharmaceuticals, Shanti Nagar, Nagpur","M/s Hitashi Pharmaceuticals (Sprouts News: 'Hitanshi Pharmaceuticals,…",pharma unit where DI Prashant Ramteke seized fake Alburel; accused in Shantinagar FIR,"Shanti Nagar, Nagpur",MH-2026-04-nagpur-alburel-albumin,Market Yard case: Ritesh Rohidas Thombre and Mohd. Danish Khan detained 2025-09-16 and remanded to five days'…,2026-04-25,https://www.mypunepulse.com/pune-gangadham-area-medical-store-caught-for-selling-fake-alburel-injections-worth-%E2%82%B94-5-lakh-by-fda/
"Shiv Pharma Distributors, Hyderabad (consignee named on the courier shipment)",person not reported,,Hyderabad (accused apprehended at Karmanghat; con…,TS-2024-11-shree-pharma-prayagraj-courier-spurious-antibiotics,Both Gandla Ramulu and Munishekhar apprehended during the raids (22 Nov 2024); case registered under NDPS Act…,2024-11-22,https://thesouthfirst.com/health/courier-networks-fake-firms-false-packaging-how-telangana-dca-is-busting-spurious-drugs/
"Shiv Shakti Medical, Aminabad, Lucknow (earlier FIR)",person not reported,,"Lucknow (Aminabad, Alambagh, Bakshi Ka Talab, Kai…",UP-2026-08-fsda-multi-district,"ongoing. Lucknow: 7 FIRs against 32 persons, 2 arrests; Agra: 9 FIRs, 2 arrests; Varanasi: surgical shop oper…",2026-08-19,https://www.etvbharat.com/hi/state/illegal-medicines-worth-5-dot-43-crore-seized-in-four-districts-of-uttar-pradesh-ups26081906919
"Shiv Shakti Pharma, Aminabad, Lucknow (earlier FIR)",person not reported,,"Lucknow (Aminabad, Alambagh, Bakshi Ka Talab, Kai…",UP-2026-08-fsda-multi-district,"ongoing. Lucknow: 7 FIRs against 32 persons, 2 arrests; Agra: 9 FIRs, 2 arrests; Varanasi: surgical shop oper…",2026-08-19,https://www.etvbharat.com/hi/state/illegal-medicines-worth-5-dot-43-crore-seized-in-four-districts-of-uttar-pradesh-ups26081906919
"Shiva Biogenetic Laboratories Pvt. Ltd., Village Manpura, Baddi, Dist. Solan (HP)-174101 - Mar-2026",person not reported,,Bhubaneswar (State Drugs Testing & Research Labor…,OD-2025-2026-sdtrl-bhubaneswar-nsq-roundup,51 NSQ batches reported by the Odisha state lab (SDT&RL/SFTRL Bhubaneswar) in the CDSCO monthly tables Oct-20…,2025-10 to 2026-08,https://cdscoonline.gov.in/CDSCO/filteredNsqDrugTable?month=Oct-2025&source=All&tab=nsq
"Shiva Medical Hall, Ambala Cantt (unlicensed wholesaler; codeine phosphate procured on its account)",Mohinder Singh,chemist who sold the DEG-contaminated syrup; jailed in 2020 DEG case,"Ramnagar, Udhampur (J&K)",HP-2025-11-digital-vision-pharma,"Ongoing. NCB case: 15 arrested as of 2025-11-30 (The Tribune), 17 arrested per TNM/Newslaundry 2026-04-13; pa…",2025-11,https://www.thenewsminute.com/news/16-kids-dead-a-rs-574-cr-racket-the-pharma-group-the-system-refuses-to-stop
"M/s Shivanath Ayurvedic Products Company (Mid-Day spelling: Shivnath), Sinnar, Nashik",person not reported,,"Statewide (cancelled units in Pune, Baramati, Jej…",MH-2026-08-ayurvedic-gmp-crackdown,Manufacturing licences of 10 Ayurvedic drug units permanently cancelled; 135 other manufacturers issued show-…,2026-08-11,https://economictimes.com/industry/healthcare/biotech/healthcare/maharashtra-fda-cracks-down-on-ayurvedic-drug-makers-cancels-10-licences/articleshow/133169140.cms
"HK Pharmaceutical (reportedly) - online pharmacy of the accused, listed on IndiaMART in 2023, Faridabad/Delhi…",Dr Manish Sharma,Accused; 39-year-old doctor who ran an online pharmacy listed on IndiaMART (2023) and for…,"Faridabad, Haryana (case record adds Madhya Prade…",DL-2026-08-faridabad-dr-manish-sharma-indiamart-cancer-drugs,Doctor arrested (reported 25-26 Aug 2026) after a Crime Branch trap in which the team placed an order for del…,2026-08-25,https://www.etvbharat.com/hi/state/fake-cancer-drug-racket-busted-in-delhi-ncr-doctor-arrested-foreign-medicines-worth-rs-17-lakh-seized-dls26082504788
"HP NSQ firms named in TOI for the July-2026 alert: Divine Medicare, V.P.O. Lodhwan, Nurpur, Kangra (Pregabali…",person not reported,,"Baddi, Kala Amb, Paonta Sahib, Roorkee, Haridwar",CDSCO-2025-2026-synthesis-repeat-offenders,Ongoing investigations (CDSCO remark on every spurious entry: 'subject to outcome of investigation'). July-20…,2026-09,https://thehealthmaster.com/drug-alert-nsq-drugs-lists/
"Shree Balaji Pharmaporium, Okhla, Delhi - unlicensed drug stockist (no valid drug licence) found in joint Har…",person not reported,,Gurugram; Kashipur & Haridwar (Uttarakhand); Roor…,HR-2026-09-gurugram-fake-telma-am-oshi-immunoscience,"4 arrests supported by search snippets (Suvrat Dwivedi, Zuvaier earlier; Vipin Kumar 21 Sep 2026; Pardeep Kum…",2026-09,https://medicaldialogues.in/news/industry/pharma/haryana-fda-arrests-2-more-in-suspected-spurious-telma-am-racket-4-held-180290
"Shree Pharma, Prayagraj, Uttar Pradesh (consignor of spurious antibiotics)",person not reported,,Hyderabad (accused apprehended at Karmanghat; con…,TS-2024-11-shree-pharma-prayagraj-courier-spurious-antibiotics,Both Gandla Ramulu and Munishekhar apprehended during the raids (22 Nov 2024); case registered under NDPS Act…,2024-11-22,https://thesouthfirst.com/health/courier-networks-fake-firms-false-packaging-how-telangana-dca-is-busting-spurious-drugs/
Shree Tirupati Courier Services Pvt. Ltd. (courier used to ship from Prayagraj to Hyderabad),person not reported,,Hyderabad (accused apprehended at Karmanghat; con…,TS-2024-11-shree-pharma-prayagraj-courier-spurious-antibiotics,Both Gandla Ramulu and Munishekhar apprehended during the raids (22 Nov 2024); case registered under NDPS Act…,2024-11-22,https://thesouthfirst.com/health/courier-networks-fake-firms-false-packaging-how-telangana-dca-is-busting-spurious-drugs/
"Shri Aman Pharma, Puducherry (supplier on bills)",person not reported,,"Agra (Dhanauli near Mother RD School, Malpura PS…",UP-2025-08-agra-fawwara-stf-syndicate,"Dhanauli case: Ikrar, Shamin alias Chhotu and Salua alias Mukim arrested and sent to jail by court (1 Oct 202…",2026-09-29,https://medicaldialogues.in/news/industry/pharma/rs-1-crore-bribe-to-drug-officials-exposed-up-stf-busts-multi-crore-fake-drugs-syndicate-154178
"Shri Ashok Pharmaceuticals, Aminabad, Lucknow",Sunny Kashyap,proprietor,"Aminabad, Lucknow",UP-2026-08-lucknow-aminabad-cross-billing,"FIRs registered (29 Jul and 12 Aug 2026, Aminabad PS; Saharanpur FIR after 2 Sept 2026 operation). Ejaz/Aijaz…",2026-07-29,https://www.indiatvnews.com/uttar-pradesh/fsda-cracks-down-on-organised-network-dealing-with-counterfeit-medicines-in-lucknow-fir-against-four-filed-2026-08-12-1051175
"Shri Ashok Pharmaceuticals, Aminabad, Lucknow (earlier FIR)",person not reported,,"Lucknow (Aminabad, Alambagh, Bakshi Ka Talab, Kai…",UP-2026-08-fsda-multi-district,"ongoing. Lucknow: 7 FIRs against 32 persons, 2 arrests; Agra: 9 FIRs, 2 arrests; Varanasi: surgical shop oper…",2026-08-19,https://www.etvbharat.com/hi/state/illegal-medicines-worth-5-dot-43-crore-seized-in-four-districts-of-uttar-pradesh-ups26081906919
"Shri Medical Agencies, Agra",person not reported,,"Lucknow (Aminabad, Alambagh, Bakshi Ka Talab, Kai…",UP-2026-08-fsda-multi-district,"ongoing. Lucknow: 7 FIRs against 32 persons, 2 arrests; Agra: 9 FIRs, 2 arrests; Varanasi: surgical shop oper…",2026-08-19,https://www.etvbharat.com/hi/state/illegal-medicines-worth-5-dot-43-crore-seized-in-four-districts-of-uttar-pradesh-ups26081906919
"Shri Medical Agency, Kamtoola/Kambutola, Fuwara market, Agra (godown in Golden Palace basement sealed; ~Rs 50…",Anshul Gupta,"Son of Surendra Gupta; present at raid; disclosed ~7,000 strips procured over past year",Agra,UP-2026-05-agra-fsda-18-stores,"Kingpin Surendra Gupta (Shri Medical Agency, Kambutola) arrested by Kotwali police from his residence on Satu…",2026-05-21,https://drugscontrol.org/news-detail.php?newsid=44996
"Shri Medical Agency, Kamtoola/Kambutola, Fuwara market, Agra (godown in Golden Palace basement sealed; ~Rs 50…",Surendra Kumar Gupta (Surendra Gupta),"Partner; kingpin of fake Oxalgin-DP syndicate; sent packaging photos (batch no., mfg/expi…","Kamtoola/Kambutola, Fuwara market; resident Amita…",UP-2026-05-agra-fsda-18-stores,"Kingpin Surendra Gupta (Shri Medical Agency, Kambutola) arrested by Kotwali police from his residence on Satu…",2026-05-21,https://drugscontrol.org/news-detail.php?newsid=44996
"Shri Ram Pharma / Shree Ram Pharma, Dombivli East, Thane district (distributor, raided 2026-01-20)",Pankaj Radheshyam Upadhyay (33) (spelt 'Pankaj Upadhyaye' by Medical…,owner of licensed medical distribution firm; prime accused; arrested and taken into custo…,"Dombivli East, Thane district; resident of Davadi",MH-2026-02-thane-telma-am,Two arrested (Pankaj Upadhyay taken into custody after FIR; Vivek Rai arrested 2026-02-16). Upadhyay claimed…,2026-01-20 (FDA raid at Shri…,https://medicaldialogues.in/news/industry/pharma/fake-telma-am-racket-busted-in-thane-two-pharma-distributors-arrested-165020
"Shri Sai Logistics / Sai Logistics, Nagpur",Shri Sai Logistics (persons not named),"accused firm, Vishrambaug FIR; supplied Maitri Pharmaceuticals on 2025-07-22",Nagpur,MH-2026-04-nagpur-alburel-albumin,Market Yard case: Ritesh Rohidas Thombre and Mohd. Danish Khan detained 2025-09-16 and remanded to five days'…,2026-04-25,https://www.mypunepulse.com/pune-gangadham-area-medical-store-caught-for-selling-fake-alburel-injections-worth-%E2%82%B94-5-lakh-by-fda/
"Shriram Healthcare, Gangadham Chowk, Pune",Shriram Nandkishor Chandak,owner; medical store where fake Alburel (Batch No. AM20025077) was found (Market Yard FIR),"Gangadham Chowk, Pune",MH-2026-04-nagpur-alburel-albumin,Market Yard case: Ritesh Rohidas Thombre and Mohd. Danish Khan detained 2025-09-16 and remanded to five days'…,2026-04-25,https://www.mypunepulse.com/pune-gangadham-area-medical-store-caught-for-selling-fake-alburel-injections-worth-%E2%82%B94-5-lakh-by-fda/
"Human Biologicals Institute, Telangana (human health and vaccine division of Indian Immunologicals Limited) -…",person not reported,,"Delhi (Bhagirath Palace, Chandni Chowk) and Kanpu…",DL-UP-2026-09-bhagirath-palace-vs-pharmaceuticals-fake-abhayrab,"FIR lodged at Collectorganj PS against three accused (Baljit Kaur, Rajinder Singh, Tarandeep Singh); both Kan…",2026-09-22,https://www.etvbharat.com/en/state/delhi-fake-drug-racket-busted-481-counterfeit-rabies-vaccine-units-worth-rs-2-lakh-seized-from-bhagirath-palace-enn26092301276
"Shyam Distributor, Surat",person not reported,,Gandhinagar (statewide); counterfeit-drug raids i…,GJ-2026-09-fdca-50-licences,August 2026 action reviewed on 2 Sept 2026: sales licences of 50 drug firms cancelled; closure orders for two…,2026-09-02,https://bilkulonline.com/2026/09/02/gujarat-fdca-cancels-licences-of-50-drug-firms-seizes-42988-kg-of-suspected-food-products/
"M/s. Hygeia Pharmaceuticals Mfg (P) Ltd., 24 Pgs(S), West Bengal (NSQ, Dumont-L batch DML 062)",person not reported,,West Bengal (per health ministry note quoted by B…,CDSCO-2025-03-alert,Under investigation. CDSCO spurious list (March 2025): 'Manufactured By: Under Investigation'; 'The product i…,2025-04-18,https://medicaldialogues.in/news/industry/pharma/drug-alert-70-drug-samples-fail-to-clear-cdsco-test-1-declared-spurious-147190
"Micro Organics Pharmaceuticals (India) Pvt Ltd, Ogli Suket Road, Kala Amb, Sirmour (HP) (Mrk. by Bioglare Pha…",person not reported,,Kathua and Srinagar (Modern Drug Testing Laborato…,JK-2025-2026-kathua-srinagar-nsq-roundup-hospital-injectables,"NSQ declarations in CDSCO monthly alerts; one SPURIOUS declaration (R Zara-DSR Capsules, Apr-2026, MDTL Kathu…",2025-05 to 2026-08,https://cdscoonline.gov.in/CDSCO/filteredNsqDrugTable?month=May-2025&source=All&tab=nsq
Midnapore Medical College & Hospital,12 doctors of Midnapore Medical College & Hospital (names not on open…,treating doctors suspended for negligence; subject of CID probe,"Midnapore, Paschim Medinipur, West Bengal",WB-2025-01-midnapore-paschim-banga-rl,Manufacturing stopped by West Bengal stop-manufacture order (date not stated on opened pages); Paschim Banga…,2025-01,"https://raw.githubusercontent.com/rumca-js/RSS-Link-Database-2025/357e79ba6f4d2e6f55b9b57d8e1deb4b4752dfff/2025/01/2025-01-11/https...timesofindia.indiatimes.com.rssfeedstopstories.cms_entries.md (OPENED; TOI RSS summary of https://timesofindia.indiatimes.com/city/kolkata/1-woman-dead-4-critical-after-childbirth-expired-saline-claim-kin/articleshow/117130075.cms, published 2025-01-11)"
Ikon Pharmachem (city not reported),person not reported,,statewide (reported from Thiruvananthapuram),KL-2025-12-17-faulty-medicines-blocked,Sale of the listed batches banned/restricted in Kerala after failing state-level quality analysis; broader in…,2025-12-10,https://medicaldialogues.in/news/industry/pharma/kerala-blocks-17-faulty-medicines-including-rabeprazole-ciprofloxacin-after-counterfeit-seizure-160392
"Ikon Pharmachem Pvt. Ltd., E-2, Sara Industrial Estate, Central Hope Town, Rampur, Selaqui, Dehradun-248197,…",person not reported,,Bhubaneswar (State Drugs Testing & Research Labor…,OD-2025-2026-sdtrl-bhubaneswar-nsq-roundup,51 NSQ batches reported by the Odisha state lab (SDT&RL/SFTRL Bhubaneswar) in the CDSCO monthly tables Oct-20…,2025-10 to 2026-08,https://cdscoonline.gov.in/CDSCO/filteredNsqDrugTable?month=Oct-2025&source=All&tab=nsq
M/s Smilax Healthcare Drug Company (spelt 'Smilex' by IANS/Medical Dialogues) - 3-year debarment for violatin…,person not reported,,Jaipur (RMSC HQ),RJ-2025-11-rmscl-7-firms-40-drugs-blacklist,7 firms debarred in FY2025-26 (5 for five years for supplying substandard/adulterated medicines; 2 for three…,2025-11-20,https://medicaldialogues.in/news/industry/pharma/rajasthan-medical-services-corp-bans-7-pharma-firms-40-drugs-over-quality-concerns-159266
"Illegal manufacturing factory, Roorkee, Uttarakhand (operator not named on opened pages)",person not reported,,Agra (Fuwara/Fawwara drug market: Kamtoola/Kambut…,UP-2026-05-agra-fsda-18-stores,"Kingpin Surendra Gupta (Shri Medical Agency, Kambutola) arrested by Kotwali police from his residence on Satu…",2026-05-21,https://drugscontrol.org/news-detail.php?newsid=44996
"Illegal manufacturing unit in rented farmhouse, Bijwasan village, southwest Delhi",Gaurav Bhagat,"manufacturer; Class 8 dropout who learnt cream-making from YouTube videos, bought machine…","Ghaziabad, Uttar Pradesh",DL-2025-12-ghaziabad-betnovate-factory,"3 arrested: Gaurav Bhagat and Shree Ram alias Vishal Gupta (arrested around 13-14 Dec 2025), and alleged king…",2025-12-14,https://www.newsonair.gov.in/delhi-police-crime-branch-busts-counterfeit-medicine-factory-in-ghaziabad
"Illegal manufacturing unit in rented farmhouse, Bijwasan village, southwest Delhi",Pramod Kumar Gupta,alleged mastermind/kingpin and supplier; ran illegal unit producing spurious Betnovate-C…,"Bijwasan, southwest Delhi",DL-2025-12-ghaziabad-betnovate-factory,"3 arrested: Gaurav Bhagat and Shree Ram alias Vishal Gupta (arrested around 13-14 Dec 2025), and alleged king…",2025-12-14,https://www.newsonair.gov.in/delhi-police-crime-branch-busts-counterfeit-medicine-factory-in-ghaziabad
"Illegal pharmaceutical manufacturing unit (approx 1,000 sq yards) at Muzaffarnagar, Uttar Pradesh, operated b…",Mohammad Aqdas Siddiqui,"alleged operator of the illegal pharmaceutical manufacturing unit (approx 1,000 sq yards)…","Muzaffarnagar, Uttar Pradesh",DL-2026-04-bhagirath-palace-nikhil-arora,"6 arrested (Nikhil Arora alias Sunny, Shivam Tyagi, Mayank Aggarwal, Mohit Kumar Sharma, Shahrukh, Rahul); Mu…",2026-04-05,https://www.tribuneindia.com/news/india/delhi-police-busts-interstate-spurious-medicines-racket-fake-gst-network/
"Illegal warehouse in a house near Mother RD School, Dhanauli, Malpura PS area, Agra (raided 29 Sep 2026)",person not reported,,"Agra (Dhanauli near Mother RD School, Malpura PS…",UP-2025-08-agra-fawwara-stf-syndicate,"Dhanauli case: Ikrar, Shamin alias Chhotu and Salua alias Mukim arrested and sent to jail by court (1 Oct 202…",2026-09-29,https://medicaldialogues.in/news/industry/pharma/rs-1-crore-bribe-to-drug-officials-exposed-up-stf-busts-multi-crore-fake-drugs-syndicate-154178
"Illicit manufacturing unit at a farmhouse near Masaurhi, Patna district - name not reported",person not reported,,"Gaya (Khanjahanpur / Manpur-Buniyadganj, Murarpur…",BR-2026-08-cbn-operation-vajra-gaya-masaurhi-counterfeit-network,"Main accused (mastermind, absconding since the 2025 CBN case) arrested by CBN on 22 July 2026; an associate '…",2026-07-27,https://www.drishtiias.com/state-pcs-current-affairs/cbn-dismantles-inter-state-counterfeit-drug-network-under-operation-vajra
IndiaMART (B2B marketplace) - CDSCO notice / intermediary-liability dispute (Life Sciences IP Review),person not reported,,-,REFERENCE-hospital-pharmacy-verification,Reference entry (ongoing). Verified status points: Karnataka FDA cancelled 16 and suspended 8 drug licences (…,2026-09,https://cdsco.gov.in/opencms/opencms/en/Latest-Alerts/
"IndiaMART (B2B portal used as sale channel, per DCO Amandeep Chauhan)",Mujammil Khan,co-accused; passenger in the intercepted cab carrying the consignment; described in court…,"DLF Phase 4 / DLF City Phase 2, Gurugram (native…",HR-2026-04-gurugram-counterfeit-mounjaro,Both accused arrested 19.04.2026 (Avi Sharma in custody since 19.04.2026). Regular bail application of Avi Sh…,2026-04-18,https://www.business-standard.com/india-news/fake-mounjaro-injection-manufacturing-racket-busted-in-gurugram-2-arrested-126042001292_1.html
IndiaMART - B2B listing platform used as sales channel (not accused),Dr Manish Sharma,Accused; 39-year-old doctor who ran an online pharmacy listed on IndiaMART (2023) and for…,"Faridabad, Haryana (case record adds Madhya Prade…",DL-2026-08-faridabad-dr-manish-sharma-indiamart-cancer-drugs,Doctor arrested (reported 25-26 Aug 2026) after a Crime Branch trap in which the team placed an order for del…,2026-08-25,https://www.etvbharat.com/hi/state/fake-cancer-drug-racket-busted-in-delhi-ncr-doctor-arrested-foreign-medicines-worth-rs-17-lakh-seized-dls26082504788
"Indian Immunologicals Limited / Human Biologicals Institute (manufacturer; complainant - not accused), Hydera…",person not reported,,Hyderabad / Siddipet (Indian Immunologicals Ltd -…,CENTRAL-2025-12-abhayrab-australia-falsified-alert,ATAGI alert issued (counterfeit Abhayrab circulating in India since November 2023; advises replacement doses…,2025-12-27,https://www.newsonair.gov.in/indian-immunologicals-limited-refutes-claims-by-australian-health-authorities-on-fake-abhayrab-vaccine-doses
"Indian Immunologicals Ltd / Human Biologicals Institute (division), Hyderabad; plant Survey Nos. 281-284 and…",person not reported,,"Delhi (Flat No. 20/7, Indra Vikas, Second Floor,…",DL-2026-04-abhayrab-rabies-vaccine,4 arrested (Manoj Kumar Jain apprehended at the premises on 22 Apr 2026; three associates in follow-up action…,2026-04-22,https://www.tribuneindia.com/news/delhi/inter-state-spurious-medicine-racket-unearthed-4-nabbed/
"Indo Gulf Pharmaceuticals, 5.4 Km, Meerut Road, Muzaffarnagar-251003 (UP)",person not reported,,Kathua and Srinagar (Modern Drug Testing Laborato…,JK-2025-2026-kathua-srinagar-nsq-roundup-hospital-injectables,"NSQ declarations in CDSCO monthly alerts; one SPURIOUS declaration (R Zara-DSR Capsules, Apr-2026, MDTL Kathu…",2025-05 to 2026-08,https://cdscoonline.gov.in/CDSCO/filteredNsqDrugTable?month=May-2025&source=All&tab=nsq
IndoRama Health Care,person not reported,,Statewide (announced from Bengaluru),KA-2025-06-fsda-nsq-14-drugs,Do-not-use / stop-stocking directive issued 2025-06-25; public urged not to use; minister warned of strict ac…,2025-06-25,https://theprint.in/india/karnataka-govt-flags-14-substandard-drugs-tells-chemists-docs-public-to-avoid-them/2670281/
"M/s InduCare Pharma Pvt. Ltd. (PTI/Moneycontrol/Rediff spelling: Induke Ayur Pharma Pvt Ltd), Jejuri MIDC, Pu…",person not reported,,"Statewide (cancelled units in Pune, Baramati, Jej…",MH-2026-08-ayurvedic-gmp-crackdown,Manufacturing licences of 10 Ayurvedic drug units permanently cancelled; 135 other manufacturers issued show-…,2026-08-11,https://economictimes.com/industry/healthcare/biotech/healthcare/maharashtra-fda-cracks-down-on-ayurvedic-drug-makers-cancels-10-licences/articleshow/133169140.cms
"Inducare Pharmaceutical and Research Foundation, Jejuri, Pune",person not reported,,New Delhi (DTL Delhi); Kolkata (CDL); Baddi / Nal…,CDSCO-2026-08-alert,Under investigation (manufacturer of TELMA AM batch 18230791 listed as 'Under Investigation'; CDSCO: matter '…,2026-09-22,https://aninews.in/news/national/general-news/central-drugs-laboratories-flags-220-drug-samples-as-nsq-in-august-one-spurious-drug-identified-in-delhi20260922093319/
"Indus Pharma Pvt. Ltd., A-181, RIICO, Ghiloth, Alwar, Rajasthan 301705 (label claim on Talgesic buprenorphine…",person not reported,,Multiple,CDSCO-2025-2026-other-brand-copy-batches-spurious-tab,Under investigation per CDSCO: every Spurious-tab row carries the remark 'The product is purported to be spur…,2025-01 to 2026-07,https://cdscoonline.gov.in/CDSCO/filteredSpuriousDrugTable?month=Oct-2025&source=All&tab=spurious
"Indus Pharma Pvt. Ltd., Alwar, Rajasthan (Buprenorphine Injection IP 2ml BUP324040, NSQ particulate matter an…",person not reported,,Kolkata (CDL); New Delhi (CDSCO),CDSCO-2026-07-alert,July 2026 alert (published 21 Aug 2026): 40 samples NSQ by CDSCO central labs; state-lab count reported diffe…,2026-08-21,https://www.etvbharat.com/en/bharat/cdsco-flags-280-drug-samples-as-nsq-or-spurious-in-july-enn26082107816
"Sinna Pharma, Lucknow, Uttar Pradesh (supplier)",Devendra Yadav,supplier,"Lucknow, Uttar Pradesh",MH-2026-pune-chymoral-forte,8 booked; report says distributors and medical shop owners from Pune and accused persons from Uttar Pradesh a…,2025-12-12,https://www.freepressjournal.in/amp/pune/pune-8-booked-for-supplying-fake-medicines-fda-seizes-275-lakh-stock
"Innova Captab Ltd., 81-B EPIP, Phase-I, Jharmajri, Baddi (HP) - Dec-2025",person not reported,,Bhubaneswar (State Drugs Testing & Research Labor…,OD-2025-2026-sdtrl-bhubaneswar-nsq-roundup,51 NSQ batches reported by the Odisha state lab (SDT&RL/SFTRL Bhubaneswar) in the CDSCO monthly tables Oct-20…,2025-10 to 2026-08,https://cdscoonline.gov.in/CDSCO/filteredNsqDrugTable?month=Oct-2025&source=All&tab=nsq
Instagram page 'Herbal and Jari Booti' (PTI spelling; Hindi papers: 'हर्बल हैंड जड़ीबूटी' / 'हर्बल एंड जड़ीबू…,"Sameeruddin (समीरउद्दीन / समीरुद्दीन), 24","Ringleader (सरगना); Class 8 pass; posed as doctor/hakim on calls, ran Instagram page and…","Ward 6, Devarniya, Bareilly",UP-2026-10-bareilly-fake-enhancement,"Sameeruddin and Yusuf arrested on 2026-10-06, produced in court and sent to jail (Amar Ujala 2026-10-07); Yus…",2026-10-06,https://www.amarujala.com/uttar-pradesh/bareilly/fake-enhancement-medicines-gang-busted-two-arrested-in-bareilly-2026-10-06
"Intas Pharmaceuticals Ltd., South Sikkim",person not reported,,New Delhi (DTL Delhi); Kolkata (CDL); Baddi / Nal…,CDSCO-2026-08-alert,Under investigation (manufacturer of TELMA AM batch 18230791 listed as 'Under Investigation'; CDSCO: matter '…,2026-09-22,https://aninews.in/news/national/general-news/central-drugs-laboratories-flags-220-drug-samples-as-nsq-in-august-one-spurious-drug-identified-in-delhi20260922093319/
"Ipca Laboratories Ltd. (Sikkim unit; label-claim manufacturer of spurious Zerodol-SP batches, per CDSCO porta…",person not reported,,"Multi-state: North Zone (RDTL Chandigarh, 4 sampl…",CDSCO-2025-12-alert,"Under investigation. CDSCO remark on every spurious entry: ""The product is purported to be spurious, however,…",2025-12,https://medicaldialogues.in/news/industry/pharma/cdsco-flags-7-batches-of-popular-medicines-as-purportedly-spurious-in-december-163217
"Ipca Laboratories Ltd. 393/394, Melli Jorethang Road, Gom Block, Bharikhola, South District, Sikkim 737 121 (…",person not reported,,Multiple,CDSCO-2025-2026-other-brand-copy-batches-spurious-tab,Under investigation per CDSCO: every Spurious-tab row carries the remark 'The product is purported to be spur…,2025-01 to 2026-07,https://cdscoonline.gov.in/CDSCO/filteredSpuriousDrugTable?month=Oct-2025&source=All&tab=spurious
"Ipca Laboratories Ltd., 393/394 Melli Jorethang Road, Gom Block, Bharikhola, South District, Sikkim - labelle…",person not reported,,"Baddi, Kala Amb, Paonta Sahib, Roorkee, Haridwar",CDSCO-2025-2026-synthesis-repeat-offenders,Ongoing investigations (CDSCO remark on every spurious entry: 'subject to outcome of investigation'). July-20…,2026-09,https://thehealthmaster.com/drug-alert-nsq-drugs-lists/
"Mishra Associates, Aminabad, Lucknow",Amod Kumar Mishra,operator,"Bachhrawan, Rae Bareli",UP-2026-08-lucknow-aminabad-cross-billing,"FIRs registered (29 Jul and 12 Aug 2026, Aminabad PS; Saharanpur FIR after 2 Sept 2026 operation). Ejaz/Aijaz…",2026-07-29,https://www.indiatvnews.com/uttar-pradesh/fsda-cracks-down-on-organised-network-dealing-with-counterfeit-medicines-in-lucknow-fir-against-four-filed-2026-08-12-1051175
"Mishra Associates, Aminabad, Lucknow",Manish Mishra,proprietor,"Aminabad, Lucknow",UP-2026-08-lucknow-aminabad-cross-billing,"FIRs registered (29 Jul and 12 Aug 2026, Aminabad PS; Saharanpur FIR after 2 Sept 2026 operation). Ejaz/Aijaz…",2026-07-29,https://www.indiatvnews.com/uttar-pradesh/fsda-cracks-down-on-organised-network-dealing-with-counterfeit-medicines-in-lucknow-fir-against-four-filed-2026-08-12-1051175
"Mishra Medical Agency, Bachhrawan, Rae Bareli",Amod Kumar Mishra,operator,"Bachhrawan, Rae Bareli",UP-2026-08-lucknow-aminabad-cross-billing,"FIRs registered (29 Jul and 12 Aug 2026, Aminabad PS; Saharanpur FIR after 2 Sept 2026 operation). Ejaz/Aijaz…",2026-07-29,https://www.indiatvnews.com/uttar-pradesh/fsda-cracks-down-on-organised-network-dealing-with-counterfeit-medicines-in-lucknow-fir-against-four-filed-2026-08-12-1051175
"Mishra Medical Agency, Bachhrawan, Rae Bareli",Manish Mishra,proprietor,"Aminabad, Lucknow",UP-2026-08-lucknow-aminabad-cross-billing,"FIRs registered (29 Jul and 12 Aug 2026, Aminabad PS; Saharanpur FIR after 2 Sept 2026 operation). Ejaz/Aijaz…",2026-07-29,https://www.indiatvnews.com/uttar-pradesh/fsda-cracks-down-on-organised-network-dealing-with-counterfeit-medicines-in-lucknow-fir-against-four-filed-2026-08-12-1051175
Six wholesale drug firms inspected at a wholesale drug market in New Delhi; four found violating the Drugs an…,person not reported,,New Delhi (wholesale drug market; market not name…,DL-2026-03-insulin-govt-supply-wholesale-market,Stock seized; 2 of the 4 violating firms booked under D&C Act 1940 / Drugs Rules 1945; samples sent for labor…,2026-03-06,https://www.millenniumpost.in/delhi/drugs-control-dept-seizes-insulin-worth-rs-20-lakh-books-two-firms-650854
J B Chemicals & Pharmaceuticals Ltd (genuine manufacturer/brand owner of Nicardia Retard 10; complainant; man…,person not reported,,Ahmedabad (Paldi); supply routes via Lucknow (UP)…,GJ-2026-08-ahmedabad-nicardia-counterfeit,"3 arrested (2026-08-27); case registered at DCB police station, Ahmedabad; interstate network (Gujarat/UP/Raj…",2026-08-27,https://raw.githubusercontent.com/songjen/india-pharma-report/main/reports/India_Pharma_Daily_20260828.md
J M Laboratories (city not reported),person not reported,,statewide (reported from Thiruvananthapuram),KL-2025-12-17-faulty-medicines-blocked,Sale of the listed batches banned/restricted in Kerala after failing state-level quality analysis; broader in…,2025-12-10,https://medicaldialogues.in/news/industry/pharma/kerala-blocks-17-faulty-medicines-including-rabeprazole-ciprofloxacin-after-counterfeit-seizure-160392
"J.K. Lon (JK Lone) Hospital, Kota (recipient hospital)","Dr. B.L. Patidar, Dr. Khushbu Meena, Dr. Navneet Kumar (not accused o…",Kota Medical College doctors suspended in May 2026 over alleged treatment/supervision neg…,"Kota, Rajasthan",PB-RJ-2026-06-jackson-labs-oxytocin,Confirmed: Rajasthan DTL Jaipur found batch I-7881 contains no oxytocin (CDSCO May-2026 alert); RDTL Chandiga…,2026-05 to 2026-10 (deaths 5-…,https://www.livemint.com/companies/jackson-laboratories-licence-cancelled-pregnant-women-death-oxytocin-pharma-11780568790301.html
"M/s Jackson Laboratories Pvt Ltd (supplier of 'some samples' of the recalled medicines, per RML officials) -…",person not reported,,New Delhi,DL-2026-09-rml-hospital-recall,"10 batches recalled via four hospital notices (7-14 Sep 2026): 8 failed analytical testing (NSQ), 2 found as…",2026-09-14,https://www.business-standard.com/india-news/rml-hospital-recalls-10-drug-batches-quality-failures-defects-126100200404_1.html
"Jackson Laboratories Pvt Ltd, 22-24, Majitha Road Bye Pass, Amritsar - 143001 (India) - manufacturer of Pheny…",person not reported,,Kathua (Modern Drug Testing Laboratory Kathua rep…,JK-2025-02-srinagar-kathua-spurious-cloprostenol-xorcid-o,"Xorcid-O entry marked 'Under Investigation' in the NSQ result field; no FIR, licence action or firm reply pub…",2025-02,https://cdscoonline.gov.in/CDSCO/filteredNsqDrugTable?month=Feb-2025&source=All&tab=nsq
"Jackson Laboratories Pvt. Ltd, Amritsar (Oxytocin Injection IP 5IU/ml I-7881, NSQ identification by HPLC and…",person not reported,,Kolkata (CDL); New Delhi (CDSCO),CDSCO-2026-07-alert,July 2026 alert (published 21 Aug 2026): 40 samples NSQ by CDSCO central labs; state-lab count reported diffe…,2026-08-21,https://www.etvbharat.com/en/bharat/cdsco-flags-280-drug-samples-as-nsq-or-spurious-in-july-enn26082107816
"Jackson Laboratories Pvt. Ltd., 22-24 Majitha Road, Bye Pass, Amritsar - 28 NSQ entries 2025-01 to 2026-06; J…",person not reported,,"Baddi, Kala Amb, Paonta Sahib, Roorkee, Haridwar",CDSCO-2025-2026-synthesis-repeat-offenders,Ongoing investigations (CDSCO remark on every spurious entry: 'subject to outcome of investigation'). July-20…,2026-09,https://thehealthmaster.com/drug-alert-nsq-drugs-lists/
"Jackson Laboratories Pvt. Ltd., 22-24, Majitha Road, Bye Pass, Amritsar-143001",person not reported,,Kathua and Srinagar (Modern Drug Testing Laborato…,JK-2025-2026-kathua-srinagar-nsq-roundup-hospital-injectables,"NSQ declarations in CDSCO monthly alerts; one SPURIOUS declaration (R Zara-DSR Capsules, Apr-2026, MDTL Kathu…",2025-05 to 2026-08,https://cdscoonline.gov.in/CDSCO/filteredNsqDrugTable?month=May-2025&source=All&tab=nsq
"Jackson Laboratories Pvt. Ltd., 22-24, Majitha Road, Bye Pass, Amritsar-143001, Punjab (manufacturer; Amritsa…",Jackson Laboratories Pvt. Ltd. (company; Managing Director Jugal Kish…,manufacturer of TOCIN (Oxytocin Injection IP 5 IU/ml) batch I-7881 found to contain nil o…,"22-24, Majitha Road, Bye Pass, Amritsar-143001, P…",PB-RJ-2026-06-jackson-labs-oxytocin,Confirmed: Rajasthan DTL Jaipur found batch I-7881 contains no oxytocin (CDSCO May-2026 alert); RDTL Chandiga…,2026-05 to 2026-10 (deaths 5-…,https://www.livemint.com/companies/jackson-laboratories-licence-cancelled-pregnant-women-death-oxytocin-pharma-11780568790301.html
"Jackson Laboratories Pvt. Ltd., Amritsar, Punjab",person not reported,,New Delhi (DTL Delhi); Kolkata (CDL); Baddi / Nal…,CDSCO-2026-08-alert,Under investigation (manufacturer of TELMA AM batch 18230791 listed as 'Under Investigation'; CDSCO: matter '…,2026-09-22,https://aninews.in/news/national/general-news/central-drugs-laboratories-flags-220-drug-samples-as-nsq-in-august-one-spurious-drug-identified-in-delhi20260922093319/
"Jackson Laboratories Pvt. Ltd., Baddi unit, Himachal Pradesh (licence cancelled June 2026, partially restored…",Jackson Laboratories Pvt. Ltd. (company; Managing Director Jugal Kish…,manufacturer of TOCIN (Oxytocin Injection IP 5 IU/ml) batch I-7881 found to contain nil o…,"22-24, Majitha Road, Bye Pass, Amritsar-143001, P…",PB-RJ-2026-06-jackson-labs-oxytocin,Confirmed: Rajasthan DTL Jaipur found batch I-7881 contains no oxytocin (CDSCO May-2026 alert); RDTL Chandiga…,2026-05 to 2026-10 (deaths 5-…,https://www.livemint.com/companies/jackson-laboratories-licence-cancelled-pregnant-women-death-oxytocin-pharma-11780568790301.html
Jai Ambe Medicals (90 vials sold; 90 returned),person not reported,,"Delhi (Bhagirath Palace, Chandni Chowk) and Kanpu…",DL-UP-2026-09-bhagirath-palace-vs-pharmaceuticals-fake-abhayrab,"FIR lodged at Collectorganj PS against three accused (Baljit Kaur, Rajinder Singh, Tarandeep Singh); both Kan…",2026-09-22,https://www.etvbharat.com/en/state/delhi-fake-drug-racket-busted-481-counterfeit-rabies-vaccine-units-worth-rs-2-lakh-seized-from-bhagirath-palace-enn26092301276
"Jai Bharat Transport, Rajendra Market, Tis Hazari, Delhi (transport hub where consignment was intercepted; no…",person not reported,,"Delhi (interception at Jai Bharat Transport, Raje…",DL-2026-04-ddu-hospital-diversion,"5 arrested (3 on 2 April 2026 at Tis Hazari, 2 hospital staff subsequently on disclosure); medicines and vehi…",2026-04-02,https://www.newsonair.gov.in/delhi-police-crime-branch-arrests-five-in-racket-diverting-critical-government-medicines
"Jai Lakshmi Enterprises (medicine shop + godown), Govind Mitra Road, Patna – 25 types of illegal medicines fo…",person not reported,,Patna (Govind Mitra Road wholesale drug market),BR-2025-2026-patna-govind-mitra-road-wholesale-raids,Sale of 53 types of medicines banned by the drug department after the raid; licence action/FIR not reported i…,2025-2026 (exact date not in…,https://www.prabhatkhabar.com/state/bihar/patna/black-business-in-bihar-biggest-medicine-market-govind-mitra-road-41-types-of-fake-medicines-found-in-the-raid-rdy
"Jai Shree Krishna (medicine shop + godown), Govind Mitra Road, Patna – 28 types of illegal medicines found",person not reported,,Patna (Govind Mitra Road wholesale drug market),BR-2025-2026-patna-govind-mitra-road-wholesale-raids,Sale of 53 types of medicines banned by the drug department after the raid; licence action/FIR not reported i…,2025-2026 (exact date not in…,https://www.prabhatkhabar.com/state/bihar/patna/black-business-in-bihar-biggest-medicine-market-govind-mitra-road-41-types-of-fake-medicines-found-in-the-raid-rdy
Jammu & Kashmir Medical Supplies Corporation Ltd (JKMSCL) - government procurement agency whose supply the J&…,person not reported,,Jammu (CFDL Jammu; sample lifted by DCO Zone III…,JK-2025-04-affy-parenterals-jkmscl-supply-nsq-repeat-offender,Ongoing / regulatory alerts only. 28 NSQ entries (27 distinct batches) for Affy Parenterals in CDSCO monthly…,2025-04,https://cdscoonline.gov.in/CDSCO/filteredNsqDrugTable?month=Apr-2025&source=All&tab=nsq
Jind Surgicals,person not reported,,West Bengal; national,CDSCO-2026-04-alert,Under investigation (unverified - all sources unreachable on 2026-10-07: medicaldialogues.in and cdsco.gov.in…,2026-04,https://medicaldialogues.in/news/industry/pharma/cdsco-flags-ursodeoxycholic-acid-tablets-batch-as-purportedly-spurious-171268
"JLU Medical Agency, Shahibaug, Ahmedabad",person not reported,,Gandhinagar (statewide); counterfeit-drug raids i…,GJ-2026-09-fdca-50-licences,August 2026 action reviewed on 2 Sept 2026: sales licences of 50 drug firms cancelled; closure orders for two…,2026-09-02,https://bilkulonline.com/2026/09/02/gujarat-fdca-cancels-licences-of-50-drug-firms-seizes-42988-kg-of-suspected-food-products/
"JM Laboratories, Solan (Cefuroxime Axetil & Potassium Clavulanate Tablets CXCA25014E, NSQ)",person not reported,,Kolkata (CDL); New Delhi (CDSCO),CDSCO-2026-07-alert,July 2026 alert (published 21 Aug 2026): 40 samples NSQ by CDSCO central labs; state-lab count reported diffe…,2026-08-21,https://www.etvbharat.com/en/bharat/cdsco-flags-280-drug-samples-as-nsq-or-spurious-in-july-enn26082107816
JPEE Drugs (spelt 'Jpee Drugs' by IANS/Medical Dialogues) - 5-year debarment - location not reported,person not reported,,Jaipur (RMSC HQ),RJ-2025-11-rmscl-7-firms-40-drugs-blacklist,7 firms debarred in FY2025-26 (5 for five years for supplying substandard/adulterated medicines; 2 for three…,2025-11-20,https://medicaldialogues.in/news/industry/pharma/rajasthan-medical-services-corp-bans-7-pharma-firms-40-drugs-over-quality-concerns-159266
"Jyoti Drug House, Agra",person not reported,,"Lucknow (Aminabad, Alambagh, Bakshi Ka Talab, Kai…",UP-2026-08-fsda-multi-district,"ongoing. Lucknow: 7 FIRs against 32 persons, 2 arrests; Agra: 9 FIRs, 2 arrests; Varanasi: surgical shop oper…",2026-08-19,https://www.etvbharat.com/hi/state/illegal-medicines-worth-5-dot-43-crore-seized-in-four-districts-of-uttar-pradesh-ups26081906919
"Jyoti Drug House, Jhulelal Market, Agra (two illegal godowns, ~Rs 2.5 crore)",Kishore Mehta,Named in Jyoti Drug House FIR per Navbharat Live,Agra,UP-2026-05-agra-fsda-18-stores,"Kingpin Surendra Gupta (Shri Medical Agency, Kambutola) arrested by Kotwali police from his residence on Satu…",2026-05-21,https://drugscontrol.org/news-detail.php?newsid=44996
"Jyoti Drug House, Jhulelal Market, Agra (two illegal godowns, ~Rs 2.5 crore)",Narayan Das Hansrajani,Owner; two illegal godowns with ~Rs 2.5 crore medicines (22-23 May); named in two illegal…,"Jhulelal Market; resident Amita Vihar, Dayalbagh,…",UP-2026-05-agra-fsda-18-stores,"Kingpin Surendra Gupta (Shri Medical Agency, Kambutola) arrested by Kotwali police from his residence on Satu…",2026-05-21,https://drugscontrol.org/news-detail.php?newsid=44996
"Jyoti Drug House, Jhulelal Market, Agra (two illegal godowns, ~Rs 2.5 crore)",Puneet Katara (Puneet Katar),Employee; named in FIR,"Renuka Bagh, Kamla Nagar, Agra",UP-2026-05-agra-fsda-18-stores,"Kingpin Surendra Gupta (Shri Medical Agency, Kambutola) arrested by Kotwali police from his residence on Satu…",2026-05-21,https://drugscontrol.org/news-detail.php?newsid=44996
MK Pharma,Manish Bajpai,Operator,Lucknow,UP-2026-08-lucknow-aminabad-cross-billing,"FIRs registered (29 Jul and 12 Aug 2026, Aminabad PS; Saharanpur FIR after 2 Sept 2026 operation). Ejaz/Aijaz…",2026-07-29,https://www.indiatvnews.com/uttar-pradesh/fsda-cracks-down-on-organised-network-dealing-with-counterfeit-medicines-in-lucknow-fir-against-four-filed-2026-08-12-1051175
MK Pharma,Manish Bajpai (मनीष बाजपेयी),"operator (संचालक); showed Rs 8.87 crore fake purchases FY 2025-26, deleted laptop data","Aminabad, Lucknow",UP-2026-08-fsda-multi-district,"ongoing. Lucknow: 7 FIRs against 32 persons, 2 arrests; Agra: 9 FIRs, 2 arrests; Varanasi: surgical shop oper…",2026-08-19,https://www.etvbharat.com/hi/state/illegal-medicines-worth-5-dot-43-crore-seized-in-four-districts-of-uttar-pradesh-ups26081906919
"MK Pharma (M.K. Pharma), Aminabad, Lucknow",person not reported,,"Lucknow (Aminabad, Alambagh, Bakshi Ka Talab, Kai…",UP-2026-08-fsda-multi-district,"ongoing. Lucknow: 7 FIRs against 32 persons, 2 arrests; Agra: 9 FIRs, 2 arrests; Varanasi: surgical shop oper…",2026-08-19,https://www.etvbharat.com/hi/state/illegal-medicines-worth-5-dot-43-crore-seized-in-four-districts-of-uttar-pradesh-ups26081906919
"MK Pharma, Lucknow (sealed)",person not reported,,Lucknow (Aminabad) with Bachhrawan (Rae Bareli) a…,UP-2026-08-lucknow-aminabad-cross-billing,"FIRs registered (29 Jul and 12 Aug 2026, Aminabad PS; Saharanpur FIR after 2 Sept 2026 operation). Ejaz/Aijaz…",2026-07-29,https://www.indiatvnews.com/uttar-pradesh/fsda-cracks-down-on-organised-network-dealing-with-counterfeit-medicines-in-lucknow-fir-against-four-filed-2026-08-12-1051175
"MKA Remedies Pvt. Ltd, Sitapur UP (Sodium Chloride Injection IP 0.9% G2604H025, NSQ particulate contamination)",person not reported,,Kolkata (CDL); New Delhi (CDSCO),CDSCO-2026-07-alert,July 2026 alert (published 21 Aug 2026): 40 samples NSQ by CDSCO central labs; state-lab count reported diffe…,2026-08-21,https://www.etvbharat.com/en/bharat/cdsco-flags-280-drug-samples-as-nsq-or-spurious-in-july-enn26082107816
"MKA Remedies Pvt. Ltd, Village Narsohi, Pargana Khairabad, Sitapur (UP) - Jul-2026 Sodium Chloride Inj 0.9% G…",person not reported,,"Baddi, Kala Amb, Paonta Sahib, Roorkee, Haridwar",CDSCO-2025-2026-synthesis-repeat-offenders,Ongoing investigations (CDSCO remark on every spurious entry: 'subject to outcome of investigation'). July-20…,2026-09,https://thehealthmaster.com/drug-alert-nsq-drugs-lists/
"MKA Remedies Pvt. Ltd., Narsohi, Pargana Khairabad, P.S Shahmaholi, Sitapur- 261131 (Uttar Pradesh)",person not reported,,Bidar (Bidar Circle-ADC2 sample) and Bengaluru (B…,KA-2026-09-nsq-cipro-ringer,NSQ alert published on KSPC DIRC listing (Cipro CPT1305 NSQ date 30-Sep-2026; RL P2605F048 NSQ date 29-Sep-20…,2026-09-30,https://www.kspcdic.com/
"M/s Kalidas Gandhi (Mid-Day spelling: Kaldas Gandhi), Pune",person not reported,,"Statewide (cancelled units in Pune, Baramati, Jej…",MH-2026-08-ayurvedic-gmp-crackdown,Manufacturing licences of 10 Ayurvedic drug units permanently cancelled; 135 other manufacturers issued show-…,2026-08-11,https://economictimes.com/industry/healthcare/biotech/healthcare/maharashtra-fda-cracks-down-on-ayurvedic-drug-makers-cancels-10-licences/articleshow/133169140.cms
Karnataka FDA 20 Sep 2026 action: 16 wholesale/retail licences CANCELLED and 8 SUSPENDED; 22 establishments i…,Omkareshwar,"Assistant Drugs Controller, Circle-1 Bengaluru; suspended 22 Sep 2026 for failing to clos…",Bengaluru,KA-2026-08-bidadi-krupa,Ongoing. Verified this pass: Veeresh Kumar Jain (Krupa Healthcare owner) arrested 12 Sep 2026 and remanded to…,2026-08-18,https://raw.githubusercontent.com/songjen/india-pharma-report/main/reports/India_Pharma_Daily_20260820.md
Karnataka FDA 20 Sep 2026 action: 16 wholesale/retail licences CANCELLED and 8 SUSPENDED; 22 establishments i…,Prashanth Ranjan Babu (also reported as R. Prashanth / Prashant / Pra…,Alleged kingpin / prime accused; ex-medical representative; leased the Bidadi farmhouse;…,"Papareddypalya, Bengaluru [not re-verified]; nati…",KA-2026-08-bidadi-krupa,Ongoing. Verified this pass: Veeresh Kumar Jain (Krupa Healthcare owner) arrested 12 Sep 2026 and remanded to…,2026-08-18,https://raw.githubusercontent.com/songjen/india-pharma-report/main/reports/India_Pharma_Daily_20260820.md
Karnataka FDA 20 Sep 2026 action: 16 wholesale/retail licences CANCELLED and 8 SUSPENDED; 22 establishments i…,Veeresh Kumar Jain (also Viresh Kumar Jain),Owner/proprietor of wholesale pharmacy Krupa Healthcare; arrested in 12 Sep 2026 SIT + Dr…,"Maxworth Mansion, Lalbagh Fort Road, Mavalli, nea…",KA-2026-08-bidadi-krupa,Ongoing. Verified this pass: Veeresh Kumar Jain (Krupa Healthcare owner) arrested 12 Sep 2026 and remanded to…,2026-08-18,https://raw.githubusercontent.com/songjen/india-pharma-report/main/reports/India_Pharma_Daily_20260820.md
"Karnataka State Medical Supplies Corporation Limited (KSMSCL), Bengaluru - procurement entity / respondent",person not reported,,"Bengaluru (KSMSCL, No. 1 Dr. Siddaiah Puranik Roa…",KA-2025-03-ksmscl-biogenetic-blacklist,"Blacklisting (3 years from order dated 28.03.2025, product-specific under Clause 21.1(g)) upheld; Karnataka H…",2025-03-28,https://www.verdictum.in/karnataka-high-court/biogenetic-drugs-private-limited-v-karnataka-state-medical-supplies-corporation-limited-2026khc27591-1615775
"Karnataka State Medical Supplies Corporation Ltd (KSMSCL), Bengaluru - procurer/distributor via district drug…",Umesh S (Dr Umesh S / K Umesh),Karnataka State Drugs Controller - suspended 30 Nov 2024 for dereliction of duty (not pro…,"Bengaluru, Karnataka",KA-2024-11-ballari-ringer-lactate,Karnataka: CM Siddaramaiah on 30 Nov 2024 ordered suspension of State Drugs Controller Umesh S (Dr Umesh S) f…,2024-11,https://theprint.in/india/karnataka-govt-asks-dcgi-to-probe-ringer-lactate-firm-after-maternal-deaths/2385582/amp/
"Karunagappally Bala Herbals (Karunagappally, Kerala) - manufacturer of 6 banned arishtams",person not reported,,statewide (reported from Thiruvananthapuram),KL-2025-12-17-faulty-medicines-blocked,Sale of the listed batches banned/restricted in Kerala after failing state-level quality analysis; broader in…,2025-12-10,https://medicaldialogues.in/news/industry/pharma/kerala-blocks-17-faulty-medicines-including-rabeprazole-ciprofloxacin-after-counterfeit-seizure-160392
"Karunagappally Shiva Ayurvedic Pharmaceuticals (Karunagappally, Kerala) - manufacturer of Ashokaristam",person not reported,,statewide (reported from Thiruvananthapuram),KL-2025-12-17-faulty-medicines-blocked,Sale of the listed batches banned/restricted in Kerala after failing state-level quality analysis; broader in…,2025-12-10,https://medicaldialogues.in/news/industry/pharma/kerala-blocks-17-faulty-medicines-including-rabeprazole-ciprofloxacin-after-counterfeit-seizure-160392
"Kayson Pharma (also spelled 'Kaysons Pharma' in some headlines), Jaipur, Rajasthan - govt-supply manufacturer…",Kayson Pharma (company),Supplier of cough syrup under CM Free Medicine Scheme; distribution of all 19 of its medi…,"Jaipur, Rajasthan (location per search snippets o…",RJ-2025-10-kayson-dextromethorphan,Drug Controller Rajaram Sharma suspended and distribution of all 19 medicines supplied by Kayson Pharma halte…,2025-10-04,https://raw.githubusercontent.com/FrederickPi1969/xinwenlianbo-transcripts/main/transcripts/akashvani/2025/2025-10-04.md
"Kayson Pharma (also spelled 'Kaysons Pharma' in some headlines), Jaipur, Rajasthan - govt-supply manufacturer…",Rajaram Sharma,"Drug Controller, Rajasthan - suspended by Rajasthan government (Akashvani 4 Oct 2025; con…","Jaipur, Rajasthan",RJ-2025-10-kayson-dextromethorphan,Drug Controller Rajaram Sharma suspended and distribution of all 19 medicines supplied by Kayson Pharma halte…,2025-10-04,https://raw.githubusercontent.com/FrederickPi1969/xinwenlianbo-transcripts/main/transcripts/akashvani/2025/2025-10-04.md
"Kaysons Pharma (also spelt Kayson Pharma / Kaysons Pharma Ltd.), Jaipur, Rajasthan — supply of all 19 medicin…",person not reported,,New Delhi (CDSCO/DGHS); Chhindwara/Parasia (MP) d…,CENTRAL-2025-10-cdsco-deg-response,"Ongoing. Arrests: G. Ranganathan (owner, Sresan) arrested 9 Oct 2025, 10-day police custody from 10 Oct 2025;…",2025-10-03,https://www.who.int/news/item/13-10-2025-medical-product-alert-n-5-2025--substandard-(contaminated-oral-liquid-medicines)
"Kerala State Drugs and Pharmaceuticals Ltd, Alappuzha, Kerala",person not reported,,New Delhi (DTL Delhi); Kolkata (CDL); Baddi / Nal…,CDSCO-2026-08-alert,Under investigation (manufacturer of TELMA AM batch 18230791 listed as 'Under Investigation'; CDSCO: matter '…,2026-09-22,https://aninews.in/news/national/general-news/central-drugs-laboratories-flags-220-drug-samples-as-nsq-in-august-one-spurious-drug-identified-in-delhi20260922093319/
Kerala State Drugs and Pharmaceuticals Ltd. (Kerala),person not reported,,statewide (reported from Thiruvananthapuram),KL-2025-12-17-faulty-medicines-blocked,Sale of the listed batches banned/restricted in Kerala after failing state-level quality analysis; broader in…,2025-12-10,https://medicaldialogues.in/news/industry/pharma/kerala-blocks-17-faulty-medicines-including-rabeprazole-ciprofloxacin-after-counterfeit-seizure-160392
"Khandelwal Laboratories Pvt Ltd, Plot No. 20 Sec-6 IIE, Sidcul, Pantnagar, US Nagar-263153 Uttarakhand (Mrk.…",person not reported,,Kathua and Srinagar (Modern Drug Testing Laborato…,JK-2025-2026-kathua-srinagar-nsq-roundup-hospital-injectables,"NSQ declarations in CDSCO monthly alerts; one SPURIOUS declaration (R Zara-DSR Capsules, Apr-2026, MDTL Kathu…",2025-05 to 2026-08,https://cdscoonline.gov.in/CDSCO/filteredNsqDrugTable?month=May-2025&source=All&tab=nsq
"Skincare Creations / Skincare Fiber Pvt Ltd, Ambala (unlicensed; codeine phosphate procured on its account)",person not reported,,"Kala Amb (Sirmaur, HP); Ambala; Chandigarh; Jodhp…",HP-2025-11-digital-vision-pharma,"Ongoing. NCB case: 15 arrested as of 2025-11-30 (The Tribune), 17 arrested per TNM/Newslaundry 2026-04-13; pa…",2025-11,https://www.thenewsminute.com/news/16-kids-dead-a-rs-574-cr-racket-the-pharma-group-the-system-refuses-to-stop
"Kishan Medical Store, Nadiad (660 tablets seized)",person not reported,,Gandhinagar (statewide); counterfeit-drug raids i…,GJ-2026-09-fdca-50-licences,August 2026 action reviewed on 2 Sept 2026: sales licences of 50 drug firms cancelled; closure orders for two…,2026-09-02,https://bilkulonline.com/2026/09/02/gujarat-fdca-cancels-licences-of-50-drug-firms-seizes-42988-kg-of-suspected-food-products/
"Kivi Labs Ltd., Baroda, Gujarat",person not reported,,New Delhi (DTL Delhi); Kolkata (CDL); Baddi / Nal…,CDSCO-2026-08-alert,Under investigation (manufacturer of TELMA AM batch 18230791 listed as 'Under Investigation'; CDSCO: matter '…,2026-09-22,https://aninews.in/news/national/general-news/central-drugs-laboratories-flags-220-drug-samples-as-nsq-in-august-one-spurious-drug-identified-in-delhi20260922093319/
"Klokter Lifesciences Pvt.Ltd, Samora, Indri Road, Karnal-132041 (HR)",person not reported,,Kathua and Srinagar (Modern Drug Testing Laborato…,JK-2025-2026-kathua-srinagar-nsq-roundup-hospital-injectables,"NSQ declarations in CDSCO monthly alerts; one SPURIOUS declaration (R Zara-DSR Capsules, Apr-2026, MDTL Kathu…",2025-05 to 2026-08,https://cdscoonline.gov.in/CDSCO/filteredNsqDrugTable?month=May-2025&source=All&tab=nsq
"KM Distributor, Ellisbridge, Ahmedabad",person not reported,,Gandhinagar (statewide); counterfeit-drug raids i…,GJ-2026-09-fdca-50-licences,August 2026 action reviewed on 2 Sept 2026: sales licences of 50 drug firms cancelled; closure orders for two…,2026-09-02,https://bilkulonline.com/2026/09/02/gujarat-fdca-cancels-licences-of-50-drug-firms-seizes-42988-kg-of-suspected-food-products/
Knm Pharma,person not reported,,Statewide (announced from Bengaluru),KA-2025-06-fsda-nsq-14-drugs,Do-not-use / stop-stocking directive issued 2025-06-25; public urged not to use; minister warned of strict ac…,2025-06-25,https://theprint.in/india/karnataka-govt-flags-14-substandard-drugs-tells-chemists-docs-public-to-avoid-them/2670281/
"M/s Kokana Asia Ingredients Private Limited, Plot No. 910, Sector-69, IMT, Faridabad (accused repacker)",Navneet Jalota,director (absent during raid; failed to appear when asked to join proceedings),Faridabad,HR-2026-08-faridabad-kokana-propylene-glycol,"Manager Parveen arrested under Drugs and Cosmetics Act, 1940 and produced before court; director Navneet Jalo…",2026-07-28,https://www.pharmabiz.com/NewsDetails.aspx?aid=187637&sid=1
"M/s Kokana Asia Ingredients Private Limited, Plot No. 910, Sector-69, IMT, Faridabad (accused repacker)",Parveen,"manager (arrested, produced before court)","Plot No. 910, Sector-69, IMT, Faridabad",HR-2026-08-faridabad-kokana-propylene-glycol,"Manager Parveen arrested under Drugs and Cosmetics Act, 1940 and produced before court; director Navneet Jalo…",2026-07-28,https://www.pharmabiz.com/NewsDetails.aspx?aid=187637&sid=1
"Kras Pharmaceuticals Pvt. Ltd., C/15, Phase-II, Industrial Area, Fatwah-803201, Bihar",person not reported,,"Patna, Hajipur (Hazipur), Barauni, Muzaffarpur, F…",BR-2025-2026-bihar-manufacturers-nsq-injectables-syrups,"NSQ declarations only (plus two SPURIOUS declarations against New Lab Industry, Patna, Jan-2025); licence act…",2025-01 to 2026-06,https://cdscoonline.gov.in/CDSCO/filteredNsqDrugTable?month=Jan-2025&source=All&tab=nsq
"M/s Krishna Herbal, Baramati, Pune",person not reported,,"Statewide (cancelled units in Pune, Baramati, Jej…",MH-2026-08-ayurvedic-gmp-crackdown,Manufacturing licences of 10 Ayurvedic drug units permanently cancelled; 135 other manufacturers issued show-…,2026-08-11,https://economictimes.com/industry/healthcare/biotech/healthcare/maharashtra-fda-cracks-down-on-ayurvedic-drug-makers-cancels-10-licences/articleshow/133169140.cms
"Krupa Healthcare / Krupa Health Care (wholesale), near Minerva Circle, Mavalli, Bengaluru - raided 12 Sep 202…",Veeresh Kumar Jain (also Viresh Kumar Jain),Owner/proprietor of wholesale pharmacy Krupa Healthcare; arrested in 12 Sep 2026 SIT + Dr…,"Maxworth Mansion, Lalbagh Fort Road, Mavalli, nea…",KA-2026-08-bidadi-krupa,Ongoing. Verified this pass: Veeresh Kumar Jain (Krupa Healthcare owner) arrested 12 Sep 2026 and remanded to…,2026-08-18,https://raw.githubusercontent.com/songjen/india-pharma-report/main/reports/India_Pharma_Daily_20260820.md
"Krupa Healthcare, Mavalli, Bengaluru - licence cancelled (Karnataka FDA)",person not reported,,-,REFERENCE-hospital-pharmacy-verification,Reference entry (ongoing). Verified status points: Karnataka FDA cancelled 16 and suspended 8 drug licences (…,2026-09,https://cdsco.gov.in/opencms/opencms/en/Latest-Alerts/
"Kumar Chemist, Aryanagar, Jwalapur, Haridwar",Kumar Chemist,"medical store (firm) - purchase/sale stopped, licence cancellation recommended","Aryanagar, Jwalapur, Haridwar",UK-2026-haridwar-roorkee-medical-store-raids,Haridwar/Jwalapur (Feb 2026): Vaibhav Medicos and Kumar Chemist found with heavy irregularities (narcotic dru…,"2026-02-12 (Jwalapur, Haridwa…",https://www.etvbharat.com/hi/state/haridwar-drug-department-raid-many-medical-stores-licenses-cancelled-uttarakhand-news-uts26021205809
"Skylink Pharma, Indrad, Tal. Kadi, District Mehsana, Gujarat",person not reported,,"national (manufacturers in Himachal Pradesh, Guja…",CDSCO-2026-06-alert,Monthly NSQ/spurious alert for June 2026 published (reported 22 Jul 2026 and 31 Jul 2026). Officials said the…,2026-06,https://www.freepressjournal.in/mumbai/cdsco-flags-159-substandard-drug-samples-as-nsq-including-14-linked-to-maharashtra
"Skymap Pharmaceuticals Pvt Ltd, B-3, Dev Bhoomi Industrial Estate, Puhana Ibalpur Road, Roorkee-247667 (Ateno…",person not reported,,"Ranchi (State Drugs Testing Laboratory, Jharkhand)",JH-2025-2026-sdtl-jharkhand-nsq-ors-ifa-and-ranchi-manufacturer,"NSQ declarations only (CDSCO monthly NSQ alert tables); no spurious declaration, licence action or police cas…",2025-06 to 2026-08,https://cdscoonline.gov.in/CDSCO/filteredNsqDrugTable?month=Jun-2025&source=All&tab=nsq
"Label firms (genuine companies whose names appear on the labels): Aristo Pharmaceuticals Private Ltd., Vill M…",person not reported,,"Guwahati (State Drugs Testing Laboratory, Assam;…",AS-2026-04-sdtl-assam-aristo-alkem-mankind-spurious,CDSCO remark on the spurious-tab entries (B95Y032 Apr-2026; GTG2220A Feb-2026): 'The product is purported to…,2026-04,https://cdscoonline.gov.in/CDSCO/filteredNsqDrugTable?month=Apr-2026&source=All&tab=nsq
Label-claim manufacturer of Telma 40 (not named on opened pages; informed CDSCO the impugned batches were not…,person not reported,,Bihar (samples drawn); West Bengal (tested at CDL…,CDSCO-2025-05-alert,"CDSCO: 'The product is purported to be spurious, however, the same is subject to outcome of investigation' (u…",2025-06-20,https://thesouthfirst.com/health/telma-40-found-fake-again-manufacturer-denies-producing-counterfeit-batch/
Labelled firms on NSQ-tab rows marked spurious or identity-negative (no firm reply shown): Alkem Health Scien…,person not reported,,All India,CDSCO-2025-2026-spurious-disowned-batches,"Published in CDSCO monthly NSQ/Spurious Drug Alerts. Jul-2026 alert (ET Pharma, 22 Aug 2026): 280 NSQ (40 cen…",2026-08,https://cdscoonline.gov.in/CDSCO/viewPublicNSQDrug
Labelled firms shown on Spurious-tab rows (batch disowned by the actual manufacturer): Ipca Laboratories Ltd.…,person not reported,,All India,CDSCO-2025-2026-spurious-disowned-batches,"Published in CDSCO monthly NSQ/Spurious Drug Alerts. Jul-2026 alert (ET Pharma, 22 Aug 2026): 280 NSQ (40 cen…",2026-08,https://cdscoonline.gov.in/CDSCO/viewPublicNSQDrug
Labelled manufacturer (name not disclosed) at an address in Himachal Pradesh that FDA found to be non-existent,person not reported,,Mira Road / Bhayandar (Mira Bhayandar Municipal C…,MH-2025-mira-bhayandar-placeholder,"FIR registered; no arrests as of 14 April 2022; Navghar police investigating. No later status (chargesheet, b…",2022-04-14,https://www.freepressjournal.in/mumbai/mira-bhyandar-thane-unit-of-fda-books-trio-for-supplying-spurious-medicines-to-mbmc-hospital
Labelled manufacturers of the three drugs found NSQ/fake by the State Drug Testing Lab (report 16-12-2025): म…,person not reported,,Raipur (arrests); Sarangarh and Bhatapara (medica…,CG-2026-04-fake-antibiotics-racket,"3 arrested on 13-04-2026 (announced 14-04-2026), produced in court and remanded to 14 days' judicial custody;…",2026-04-13,https://drugscontrol.org/news-detail.php?newsid=44708
"Laborate Pharmaceuticals India Ltd, Unit -II, 31, Rajban road, Nariwal, Paonta Sahib- (Himachal Pradesh) - PA…",person not reported,,"Patna (Bihar Drugs Control Laboratory, BDCL); New…",CDSCO-2025-10-alert,"All 5 batches: CDSCO remark 'The product is purported to be spurious, however, the same is subject to outcome…",2025-10,https://medicaldialogues.in/news/industry/pharma/cdsco/cdsco-flags-5-batches-of-widely-used-drugs-including-azithral-500-telma-am-as-potentially-spurious-159434
"M/s Lalshah Organic Products, Karanja, Gondia",person not reported,,"Statewide (cancelled units in Pune, Baramati, Jej…",MH-2026-08-ayurvedic-gmp-crackdown,Manufacturing licences of 10 Ayurvedic drug units permanently cancelled; 135 other manufacturers issued show-…,2026-08-11,https://economictimes.com/industry/healthcare/biotech/healthcare/maharashtra-fda-cracks-down-on-ayurvedic-drug-makers-cancels-10-licences/articleshow/133169140.cms
"M/s Lar Ox Pharmaceuticals, Gopalakrishnan, Chennai - purported manufacturer on labels",person not reported,,"Raipur (Gogaon) and Sarangarh, Sarangarh-Bilaigar…",CG-2025-12-counterfeit-kingpin,"Dec 2025: consignment seized at Nagpur Golden Transport, Gogaon, Raipur; State Drug Testing Laboratory, Kalib…",2025-12,https://drugscontrol.org/news-detail.php?newsid=43876
"M/s Lark Laboratories (India) Ltd., Bhiwadi, Alwar, Rajasthan (unverified)",person not reported,,Jaipur (Rajasthan Drug Controller); manufacturers…,RJ-2026-04-spurious-antibiotic,7 medicines declared NSQ; licences of 3 manufacturing units suspended; batches ordered withdrawn statewide (a…,2026-04-22,https://drugscontrol.org/news-detail.php?newsid=44607
"Leeford Healthcare Ltd, Plot No 888B, EPIP Phase II, Village Thana, Baddi, Distt Solan (HP) 173205",person not reported,,Kathua and Srinagar (Modern Drug Testing Laborato…,JK-2025-2026-kathua-srinagar-nsq-roundup-hospital-injectables,"NSQ declarations in CDSCO monthly alerts; one SPURIOUS declaration (R Zara-DSR Capsules, Apr-2026, MDTL Kathu…",2025-05 to 2026-08,https://cdscoonline.gov.in/CDSCO/filteredNsqDrugTable?month=May-2025&source=All&tab=nsq
"Leelavati Pharmacy and Wellness Pvt. Ltd., Satellite, Ahmedabad",person not reported,,Gandhinagar (statewide); counterfeit-drug raids i…,GJ-2026-09-fdca-50-licences,August 2026 action reviewed on 2 Sept 2026: sales licences of 50 drug firms cancelled; closure orders for two…,2026-09-02,https://bilkulonline.com/2026/09/02/gujarat-fdca-cancels-licences-of-50-drug-firms-seizes-42988-kg-of-suspected-food-products/
"Licensed drug dealers in Assam engaged in suspicious billing practices, selling medicines to distributors and…",person not reported,,Guwahati (statewide),AS-2026-09-assam-substandard-spurious-flood-kmda-complaint,Ongoing / no enforcement action reported. KMDA alleges that despite handing over a list of drug dealers with…,2026-09-11,https://www.sentinelassam.com/topheadlines/substandard-spurious-medicines-flood-assam-market-as-health-department-faces-criticism
"Life Care Private Limited, Dadar East, Mumbai (Pune Pulse / Pune Mirror naming of the same accused firm)",person not reported,,Pune (Gangadham Chowk; Sadashiv Peth); Mumbai (Si…,MH-2026-04-nagpur-alburel-albumin,Market Yard case: Ritesh Rohidas Thombre and Mohd. Danish Khan detained 2025-09-16 and remanded to five days'…,2026-04-25,https://www.mypunepulse.com/pune-gangadham-area-medical-store-caught-for-selling-fake-alburel-injections-worth-%E2%82%B94-5-lakh-by-fda/
Life Max Cancer Laboratories - product ban - location not reported,person not reported,,Jaipur (RMSC HQ),RJ-2025-11-rmscl-7-firms-40-drugs-blacklist,7 firms debarred in FY2025-26 (5 for five years for supplying substandard/adulterated medicines; 2 for three…,2025-11-20,https://medicaldialogues.in/news/industry/pharma/rajasthan-medical-services-corp-bans-7-pharma-firms-40-drugs-over-quality-concerns-159266
"Live Well Healthcare, Baddi HP (Bupropion Hydrochloride Prolonged Release Tablets IP LGT-260293, NSQ identifi…",person not reported,,Kolkata (CDL); New Delhi (CDSCO),CDSCO-2026-07-alert,July 2026 alert (published 21 Aug 2026): 40 samples NSQ by CDSCO central labs; state-lab count reported diffe…,2026-08-21,https://www.etvbharat.com/en/bharat/cdsco-flags-280-drug-samples-as-nsq-or-spurious-in-july-enn26082107816
"Livin Formulations, Survey no. 807, IDA, Medchal 501401 - Jun-2026",person not reported,,Bhubaneswar (State Drugs Testing & Research Labor…,OD-2025-2026-sdtrl-bhubaneswar-nsq-roundup,51 NSQ batches reported by the Odisha state lab (SDT&RL/SFTRL Bhubaneswar) in the CDSCO monthly tables Oct-20…,2025-10 to 2026-08,https://cdscoonline.gov.in/CDSCO/filteredNsqDrugTable?month=Oct-2025&source=All&tab=nsq
Local supplier to MBMC hospital (name not disclosed) - Bhayandar,person not reported,,Mira Road / Bhayandar (Mira Bhayandar Municipal C…,MH-2025-mira-bhayandar-placeholder,"FIR registered; no arrests as of 14 April 2022; Navghar police investigating. No later status (chargesheet, b…",2022-04-14,https://www.freepressjournal.in/mumbai/mira-bhyandar-thane-unit-of-fda-books-trio-for-supplying-spurious-medicines-to-mbmc-hospital
"Logistics firms, courier services and export consignments used for smuggling (other names not disclosed)",Sunil Kumar,"Owner of Prahlad Logistics, Samalka; stored and moved contraband via Samalka warehouse; a…","Samalka, Delhi",DL-2025-26-international-courier-psychotropic-rs9cr,"5 arrested (per search snippets): Mohammad Abid first, Javed Khan on Oct 30, Sunil Kumar on Nov 2, then Vishn…",not confirmed (search snippet…,https://theprint.in/india/delhi-police-busts-international-drug-racket-arrests-5-with-psychotropic-pills-worth-rs-9-cr/2861628/
"Lupin (genuine manufacturer whose brand/packaging was imitated; complainant via Chromepet, Chennai office - n…","N. Raja (alias Valliappan, alias Rajasekhar)","main accused / kingpin; businessman of Reddiarpalayam, Puducherry (native of Sivaganga di…","Reddiarpalayam, Puducherry",PY-2025-11-medinoc-raja-lupin-counterfeit-cbi,"CBI investigation ongoing. Original case: 26 persons (incl. 4 women) arrested by Puducherry police/SIT, inclu…",2025-11-12,https://medicaldialogues.in/news/industry/pharma/counterfeit-drug-racket-using-lupin-brand-busted-in-puducherry-fir-filed-160639
"LUPIN Ltd., 4th mile, Bhasmey, Karmarey Bhasmey block, Duga Ilaka, Sikkim-737132 - Jun-2026",person not reported,,Bhubaneswar (State Drugs Testing & Research Labor…,OD-2025-2026-sdtrl-bhubaneswar-nsq-roundup,51 NSQ batches reported by the Odisha state lab (SDT&RL/SFTRL Bhubaneswar) in the CDSCO monthly tables Oct-20…,2025-10 to 2026-08,https://cdscoonline.gov.in/CDSCO/filteredNsqDrugTable?month=Oct-2025&source=All&tab=nsq
"Lupin Ltd., EPIP, Sidco Industrial Complex Kartholi, Bari Brahmana, Jammu J&K-181133 (label firm)",person not reported,,"Label addresses: Gowahati/Guwahati (Assam), Namch…",AS-2026-07-assam-sikkim-brand-batches-flagged-lucknow-lab-identification-failures,All seven batches appear on CDSCO's public NSQ table for JUL-2026 (reporting source 'State Lab'); none of the…,2026-07,https://cdscoonline.gov.in/CDSCO/viewPublicNSQDrug
"M/s SSN Pharma Tech, Plot No. 324-325, Industrial Estate, Sadam, Sikkim - fictitious manufacturer name printe…",person not reported,,"Katha village, Baddi (Solan district)",HP-2025-11-baddi-yl-pharma-spurious-levocetirizine,Stop-manufacturing order 29.3.2025 defied; surprise inspection 1.11.2025 found manufacturing under way; show-…,2025-11-01,https://www.tribuneindia.com/news/himachal/yl-pharma-loses-licence-for-defying-manufacturing-ban/amp
"M/s N R Mitra Distributors, Mumbai and Hyderabad",M/s N R Mitra Distributors (persons not named),distributor accused in Nagpur Shantinagar FIR,Mumbai and Hyderabad,MH-2026-04-nagpur-alburel-albumin,Market Yard case: Ritesh Rohidas Thombre and Mohd. Danish Khan detained 2025-09-16 and remanded to five days'…,2026-04-25,https://www.mypunepulse.com/pune-gangadham-area-medical-store-caught-for-selling-fake-alburel-injections-worth-%E2%82%B94-5-lakh-by-fda/
"N Rangarao and Sons Pvt. Ltd., Mysuru (kumkum - cosmetic)",person not reported,,Statewide (announced from Bengaluru),KA-2025-06-fsda-nsq-14-drugs,Do-not-use / stop-stocking directive issued 2025-06-25; public urged not to use; minister warned of strict ac…,2025-06-25,https://theprint.in/india/karnataka-govt-flags-14-substandard-drugs-tells-chemists-docs-public-to-avoid-them/2670281/
"N.R.A.X. Pharma, Sion, Mumbai (17 bottles seized 2025-09-14)",person not reported,,Pune (Gangadham Chowk; Sadashiv Peth); Mumbai (Si…,MH-2026-04-nagpur-alburel-albumin,Market Yard case: Ritesh Rohidas Thombre and Mohd. Danish Khan detained 2025-09-16 and remanded to five days'…,2026-04-25,https://www.mypunepulse.com/pune-gangadham-area-medical-store-caught-for-selling-fake-alburel-injections-worth-%E2%82%B94-5-lakh-by-fda/
"Nagpur Golden Transport, Gogaon, Raipur - transporter where the consignment was intercepted",person not reported,,"Raipur (Gogaon) and Sarangarh, Sarangarh-Bilaigar…",CG-2025-12-counterfeit-kingpin,"Dec 2025: consignment seized at Nagpur Golden Transport, Gogaon, Raipur; State Drug Testing Laboratory, Kalib…",2025-12,https://drugscontrol.org/news-detail.php?newsid=43876
"Navkar Lifesciences, Plot No-76, Lodhi Majra, Industrial Area Baddi, Dist-Solan (HP) - Jan-2026",person not reported,,Bhubaneswar (State Drugs Testing & Research Labor…,OD-2025-2026-sdtrl-bhubaneswar-nsq-roundup,51 NSQ batches reported by the Odisha state lab (SDT&RL/SFTRL Bhubaneswar) in the CDSCO monthly tables Oct-20…,2025-10 to 2026-08,https://cdscoonline.gov.in/CDSCO/filteredNsqDrugTable?month=Oct-2025&source=All&tab=nsq
"Naxpar Pharma Pvt. Ltd., Baddi, Dist Solan, Himachal Pradesh (NSQ Ambroxol HCl, Salbutamol Sulphate & Guaiphe…",person not reported,,Raipur,CDSCO-2025-09-alert,Under investigation: CDSCO spurious-drug table (SEP-2025) lists manufacturer as 'Under Investigation' with re…,2025-09,https://medicaldialogues.in/news/industry/pharma/cdsco-flags-besto-cof-cough-syrup-as-spurious-raipur-drug-lab-claims-batch-not-made-by-listed-firm-157457
"M/s Nectar Herbs and Drugs, SIDCUL Sigaddi, Kotdwar, Pauri Garhwal - defunct unit, licence cancelled 2024, se…",Gaurav Tyagi,arrested; owner of a Roorkee drug factory earlier caught making fake medicines (closed ~2…,Haridwar,UK-2026-05-roorkee-sk-healthcare,"2 arrested (Jatin Saini, Gaurav Tyagi); Kotdwar unit M/s Nectar Herbs and Drugs sealed on 23 May 2026 (licenc…",2026-05-22,https://medicaldialogues.in/news/industry/pharma/fake-cancer-bp-drugs-sold-via-facebook-at-50-discount-stf-busts-illegal-pharma-unit-in-roorkee-171503
"Neon Laboratories Ltd., Plot No.G84/1, Tarapur MIDC, Boisar 401506 (MH)",person not reported,,Kathua and Srinagar (Modern Drug Testing Laborato…,JK-2025-2026-kathua-srinagar-nsq-roundup-hospital-injectables,"NSQ declarations in CDSCO monthly alerts; one SPURIOUS declaration (R Zara-DSR Capsules, Apr-2026, MDTL Kathu…",2025-05 to 2026-08,https://cdscoonline.gov.in/CDSCO/filteredNsqDrugTable?month=May-2025&source=All&tab=nsq
"Nestor Pharmaceuticals Limited, 11 Western Extension Area, Faridabad-121001 - Nov-2025",person not reported,,Bhubaneswar (State Drugs Testing & Research Labor…,OD-2025-2026-sdtrl-bhubaneswar-nsq-roundup,51 NSQ batches reported by the Odisha state lab (SDT&RL/SFTRL Bhubaneswar) in the CDSCO monthly tables Oct-20…,2025-10 to 2026-08,https://cdscoonline.gov.in/CDSCO/filteredNsqDrugTable?month=Oct-2025&source=All&tab=nsq
"Network of fictitious GST shell firms (approx Rs 50 crore bogus invoices) run by Shahrukh and Rahul, multi-st…",person not reported,,"Delhi (Bihari Colony, Shahdara; Bhagirath Palace,…",DL-2026-04-bhagirath-palace-nikhil-arora,"6 arrested (Nikhil Arora alias Sunny, Shivam Tyagi, Mayank Aggarwal, Mohit Kumar Sharma, Shahrukh, Rahul); Mu…",2026-04-05,https://www.tribuneindia.com/news/india/delhi-police-busts-interstate-spurious-medicines-racket-fake-gst-network/
"New Baba Pharma, Lucknow (received fakes from Rana)",person not reported,,"Agra (Dhanauli near Mother RD School, Malpura PS…",UP-2025-08-agra-fawwara-stf-syndicate,"Dhanauli case: Ikrar, Shamin alias Chhotu and Salua alias Mukim arrested and sent to jail by court (1 Oct 202…",2026-09-29,https://medicaldialogues.in/news/industry/pharma/rs-1-crore-bribe-to-drug-officials-exposed-up-stf-busts-multi-crore-fake-drugs-syndicate-154178
"New Baba Pharma, Lucknow (recipient)",person not reported,,Puducherry (manufacturing unit at Thiruphuvanai P…,PY-2025-11-medinoc-raja-lupin-counterfeit-cbi,"CBI investigation ongoing. Original case: 26 persons (incl. 4 women) arrested by Puducherry police/SIT, inclu…",2025-11-12,https://medicaldialogues.in/news/industry/pharma/counterfeit-drug-racket-using-lupin-brand-busted-in-puducherry-fir-filed-160639
"New Chandan Pharma, Rajabazar, Patna (wholesale distributor)",Aftab,operator,"Rajabazar, Patna",BR-2026-06-patna-igims-raja-bazar-govt-supply,"Raids conducted (Monday, reported 16-06-2026); government medicines/devices seized from both shops; sale of t…",2026-06-15,https://drugscontrol.org/news-detail.php?newsid=45168
"New Chandan Pharma, Rajabazar, Patna (wholesale distributor)",not named (brother of Aftab),operator,"Rajabazar, Patna",BR-2026-06-patna-igims-raja-bazar-govt-supply,"Raids conducted (Monday, reported 16-06-2026); government medicines/devices seized from both shops; sale of t…",2026-06-15,https://drugscontrol.org/news-detail.php?newsid=45168
"New Gayzel Pharmaceuticals, 6/4 Modern Industrial Estate, Bahadurgarh-124507 (Mrk. by Remedies Pharmaceutical…",person not reported,,Kathua and Srinagar (Modern Drug Testing Laborato…,JK-2025-2026-kathua-srinagar-nsq-roundup-hospital-injectables,"NSQ declarations in CDSCO monthly alerts; one SPURIOUS declaration (R Zara-DSR Capsules, Apr-2026, MDTL Kathu…",2025-05 to 2026-08,https://cdscoonline.gov.in/CDSCO/filteredNsqDrugTable?month=May-2025&source=All&tab=nsq
"New Janata Medical Store, Rajabazar, Patna (retail)",Aftab,operator,"Rajabazar, Patna",BR-2026-06-patna-igims-raja-bazar-govt-supply,"Raids conducted (Monday, reported 16-06-2026); government medicines/devices seized from both shops; sale of t…",2026-06-15,https://drugscontrol.org/news-detail.php?newsid=45168
"New Janata Medical Store, Rajabazar, Patna (retail)",not named (brother of Aftab),operator,"Rajabazar, Patna",BR-2026-06-patna-igims-raja-bazar-govt-supply,"Raids conducted (Monday, reported 16-06-2026); government medicines/devices seized from both shops; sale of t…",2026-06-15,https://drugscontrol.org/news-detail.php?newsid=45168
"M/s. New Lab Industry, Ramnagar, Kurthoul, Patna (Gentamicin Injection I.P. 30 ml batch GM-19 and Dexamethaso…",person not reported,,Multiple,CDSCO-2025-2026-other-brand-copy-batches-spurious-tab,Under investigation per CDSCO: every Spurious-tab row carries the remark 'The product is purported to be spur…,2025-01 to 2026-07,https://cdscoonline.gov.in/CDSCO/filteredSpuriousDrugTable?month=Oct-2025&source=All&tab=spurious
"M/s. New Lab Industry, Ramnagar, Kurthoul, Patna (labelled manufacturer of spurious Gentamicin GM-19 and Dexa…",Not named in any opened source,manufacturer named on labels of Gentamicin Injection I.P. 30 ml batch GM-19 and Dexametha…,"Ramnagar, Kurthoul, Patna (Bihar); Jul-2025 alert…",CDSCO-2025-01-alert,Ongoing/regulatory. Gentamicin GM-19 and Dexamethasone DX-18 declared SPURIOUS by CDL Kolkata in the Jan-2025…,2025-01,https://medicaldialogues.in/news/industry/pharma/drug-alert-cdsco-flags-52-formulations-as-not-of-standard-quality-144329
"New Lab Industry, Ramnagar, Kurthoul, Patna (SPURIOUS declarations, Jan-2025)",person not reported,,"Patna, Hajipur (Hazipur), Barauni, Muzaffarpur, F…",BR-2025-2026-bihar-manufacturers-nsq-injectables-syrups,"NSQ declarations only (plus two SPURIOUS declarations against New Lab Industry, Patna, Jan-2025); licence act…",2025-01 to 2026-06,https://cdscoonline.gov.in/CDSCO/filteredNsqDrugTable?month=Jan-2025&source=All&tab=nsq
"New RJ Agencies, Birhana Road, Kanpur (supplier to Delhi; proprietor Baljit Kaur; sealed 23 Sep; reported in…",Baljit Kaur,"proprietor, New RJ Agencies (named accused in Collectorganj FIR)",Birhana Road (also a closed shop at Ram Bihar Mar…,DL-UP-2026-09-bhagirath-palace-vs-pharmaceuticals-fake-abhayrab,"FIR lodged at Collectorganj PS against three accused (Baljit Kaur, Rajinder Singh, Tarandeep Singh); both Kan…",2026-09-22,https://www.etvbharat.com/en/state/delhi-fake-drug-racket-busted-481-counterfeit-rabies-vaccine-units-worth-rs-2-lakh-seized-from-bhagirath-palace-enn26092301276
"New RJ Agencies, Birhana Road, Kanpur (supplier to Delhi; proprietor Baljit Kaur; sealed 23 Sep; reported in…",Gurunoor Singh,"competent person, New RJ Agencies (absent at 21 Sep inspection; not named as accused)","Birhana Road, Kanpur",DL-UP-2026-09-bhagirath-palace-vs-pharmaceuticals-fake-abhayrab,"FIR lodged at Collectorganj PS against three accused (Baljit Kaur, Rajinder Singh, Tarandeep Singh); both Kan…",2026-09-22,https://www.etvbharat.com/en/state/delhi-fake-drug-racket-busted-481-counterfeit-rabies-vaccine-units-worth-rs-2-lakh-seized-from-bhagirath-palace-enn26092301276
"New RJ Agencies, Birhana Road, Kanpur (supplier to Delhi; proprietor Baljit Kaur; sealed 23 Sep; reported in…",Rajinder Singh (also spelled Rajendra Singh; alias Harjinder Singh pe…,husband of proprietor and operator of New RJ Agencies; detained by Delhi Police on 23 Sep…,"Birhana Road, Kanpur",DL-UP-2026-09-bhagirath-palace-vs-pharmaceuticals-fake-abhayrab,"FIR lodged at Collectorganj PS against three accused (Baljit Kaur, Rajinder Singh, Tarandeep Singh); both Kan…",2026-09-22,https://www.etvbharat.com/en/state/delhi-fake-drug-racket-busted-481-counterfeit-rabies-vaccine-units-worth-rs-2-lakh-seized-from-bhagirath-palace-enn26092301276
"Nexkem Pharmaceuticals Pvt. Ltd., Khasra No.-69-70, Khatakheri, Bhagwanpur, Roorkee-247667, Haridwar (UK) - A…",person not reported,,Bhubaneswar (State Drugs Testing & Research Labor…,OD-2025-2026-sdtrl-bhubaneswar-nsq-roundup,51 NSQ batches reported by the Odisha state lab (SDT&RL/SFTRL Bhubaneswar) in the CDSCO monthly tables Oct-20…,2025-10 to 2026-08,https://cdscoonline.gov.in/CDSCO/filteredNsqDrugTable?month=Oct-2025&source=All&tab=nsq
"Nexus Lifecare Pvt. Ltd., Mumbai",Nexus Lifecare Pvt. Ltd. (persons not named),"accused firm, Vishrambaug FIR; supplied Shri Sai Logistics; received RRT Pharma consignme…",Mumbai,MH-2026-04-nagpur-alburel-albumin,Market Yard case: Ritesh Rohidas Thombre and Mohd. Danish Khan detained 2025-09-16 and remanded to five days'…,2026-04-25,https://www.mypunepulse.com/pune-gangadham-area-medical-store-caught-for-selling-fake-alburel-injections-worth-%E2%82%B94-5-lakh-by-fda/
"Nine companies linked to ex-MLA Mukesh Srivastava's family members, relatives and associates (names not discl…",Mukesh Srivastava alias Gyanendra Pratap Srivastava,"main accused; former Congress MLA, Payagpur (Bahraich), 2012-2017; arrested by UP Vigilan…",Bahraich / Lucknow,UP-2026-09-ed-upmscl-devipatan-scam,"Mukesh Srivastava arrested by UP Vigilance from Wave Mall, Lucknow on 2026-06-09 (reported 2026-06-10) in dis…",2026-09-16,https://timesofindia.indiatimes.com/city/lucknow/ed-files-case-begins-probe-into-100cr-medicine-equipment-supply-scam-in-up/articleshow/134271977.cms
"No business entity names disclosed by police; accused described as medicine traders, intermediaries, medical-…",Ayush Kumar,accused (23); B Com (Patna); runs medicine firm in Navi Mumbai with brother (firm name no…,"Navi Mumbai, Maharashtra",DL-2026-08-crime-branch-anticancer-syndicate-17-arrested,"17 arrested (announced 2026-08-20); investigation continuing to trace supply/financial network, end beneficia…",2026-08-20,https://aninews.in/news/national/general-news/delhi-crime-branch-busts-interstate-anti-cancer-drug-racket-17-arrested-medicines-worth-rs-9-crore-seized20260820145541/
"No business entity names disclosed by police; accused described as medicine traders, intermediaries, medical-…",Mayank Garg,accused (35); BA (Punjab University); runs pharmaceutical firm since 2014 (name not discl…,"Gurugram, Haryana",DL-2026-08-crime-branch-anticancer-syndicate-17-arrested,"17 arrested (announced 2026-08-20); investigation continuing to trace supply/financial network, end beneficia…",2026-08-20,https://aninews.in/news/national/general-news/delhi-crime-branch-busts-interstate-anti-cancer-drug-racket-17-arrested-medicines-worth-rs-9-crore-seized20260820145541/
"No business entity names disclosed by police; accused described as medicine traders, intermediaries, medical-…",Paramjeet Sheoran,accused (34); B Pharma-qualified medical store owner; downstream distribution; 9 vials re…,"Jhajjar, Haryana",DL-2026-08-crime-branch-anticancer-syndicate-17-arrested,"17 arrested (announced 2026-08-20); investigation continuing to trace supply/financial network, end beneficia…",2026-08-20,https://aninews.in/news/national/general-news/delhi-crime-branch-busts-interstate-anti-cancer-drug-racket-17-arrested-medicines-worth-rs-9-crore-seized20260820145541/
"No business entity names disclosed by police; accused described as medicine traders, intermediaries, medical-…",Srinivasulu Kalva,accused (52); medical store owner; received anti-cancer drugs from a hospital and supplie…,"Hyderabad, Telangana",DL-2026-08-crime-branch-anticancer-syndicate-17-arrested,"17 arrested (announced 2026-08-20); investigation continuing to trace supply/financial network, end beneficia…",2026-08-20,https://aninews.in/news/national/general-news/delhi-crime-branch-busts-interstate-anti-cancer-drug-racket-17-arrested-medicines-worth-rs-9-crore-seized20260820145541/
"No business entity names disclosed by police; accused described as medicine traders, intermediaries, medical-…",Vishwas Tyagi,accused (35); runs own medicine firm (name not disclosed); facilitated invoices without c…,"Raj Nagar Extension, Ghaziabad",DL-2026-08-crime-branch-anticancer-syndicate-17-arrested,"17 arrested (announced 2026-08-20); investigation continuing to trace supply/financial network, end beneficia…",2026-08-20,https://aninews.in/news/national/general-news/delhi-crime-branch-busts-interstate-anti-cancer-drug-racket-17-arrested-medicines-worth-rs-9-crore-seized20260820145541/
No firm names published; 153 licensees (133 suspended + 20 cancelled) and the firms in the 81 court cases are…,person not reported,,Statewide (Bengaluru-datelined; drug-testing labs…,KA-2025-07-fsda-june-enforcement,"133 drug licences suspended and 20 cancelled in June 2025 after 2,544 inspections; 81 court cases filed Apr-J…",2025-07-11,https://www.deccanherald.com/india/karnataka/fsda-suspends-133-drug-licences-cancels-20-in-karnataka-in-june-3627014
no firm names; social media sales,person not reported,,Delhi,DL-2025-06-spurious-cancer-drugs-social-media,6 arrested (as of 2025-06-04 per original source; later status such as chargesheet/bail not verified),2025-06-04,https://www.etvbharat.com/en/!state/delhi-police-busts-spurious-cancer-drug-racket-enn25060405561
not applicable,Deepak Gahlawat (spelled Gehlawat by ANI),"2012-batch Haryana-cadre IPS officer, then Regional Director, Bureau of Civil Aviation Se…",Delhi,PY-2025-11-medinoc-raja-lupin-counterfeit-cbi,"CBI investigation ongoing. Original case: 26 persons (incl. 4 women) arrested by Puducherry police/SIT, inclu…",2025-11-12,https://medicaldialogues.in/news/industry/pharma/counterfeit-drug-racket-using-lupin-brand-busted-in-puducherry-fir-filed-160639
not applicable,G. Sathiyamoorthy,"former IFS officer (2010 batch, AGMUT cadre), accused of manipulating GST records for the…",Puducherry,PY-2025-11-medinoc-raja-lupin-counterfeit-cbi,"CBI investigation ongoing. Original case: 26 persons (incl. 4 women) arrested by Puducherry police/SIT, inclu…",2025-11-12,https://medicaldialogues.in/news/industry/pharma/counterfeit-drug-racket-using-lupin-brand-busted-in-puducherry-fir-filed-160639
not named,person not reported,,Kanpur,UP-2025-10-kanpur-fake-network,ongoing (unverified),2025-10,https://drugscontrol.org/news-detail.php?newsid=43331
not named,person not reported,,Pune; Kolhapur,MH-2026-pune-kolhapur-25-lakh,not reported,2026,https://drugscontrol.org/news-detail.php?newsid=45120
not named - independent distributor,Vivek Ajaykumar Rai (35),distributor who allegedly supplied the fake medicines and conspired in the operation; arr…,"Kandivali East, Mumbai",MH-2026-02-thane-telma-am,Two arrested (Pankaj Upadhyay taken into custody after FIR; Vivek Rai arrested 2026-02-16). Upadhyay claimed…,2026-01-20 (FDA raid at Shri…,https://medicaldialogues.in/news/industry/pharma/fake-telma-am-racket-busted-in-thane-two-pharma-distributors-arrested-165020
"not reported; probe into whether expired stock was removed/stolen from a manufacturer, depot or C&F agent for…",person not reported,,"Khatnawali village, Bayana tehsil, Bharatpur; Agra",RJ-2026-09-bharatpur-bayana-dry-well-rs5cr,Seized; FIR in Agra; manufacturers notified; probe ongoing. Likely linked to Agra counterfeit/expired-drug ca…,2026-09-30,https://bilkulonline.com/2026/10/01/rajasthan-medicines-worth-rs-5-crore-seized-from-dry-well/
not stated,अनिल कुमार (Anil Kumar),arrested accused,Patna,BR-2026-patna-tv-tower-narcotic-injections-capsules,Six arrested (Afgan Alam described as main kingpin); case registered; investigation ongoing into supply sourc…,2026-10-03,https://news4nation.com/crime/patna-drug-bust-6-arrested-with-thousands-of-intoxicating-injections-and-capsules-638872
not stated,आदित्य राज (Aditya Raj),arrested accused,Patna,BR-2026-patna-tv-tower-narcotic-injections-capsules,Six arrested (Afgan Alam described as main kingpin); case registered; investigation ongoing into supply sourc…,2026-10-03,https://news4nation.com/crime/patna-drug-bust-6-arrested-with-thousands-of-intoxicating-injections-and-capsules-638872
not stated,पंकज पासवान (Pankaj Paswan),arrested accused,Patna,BR-2026-patna-tv-tower-narcotic-injections-capsules,Six arrested (Afgan Alam described as main kingpin); case registered; investigation ongoing into supply sourc…,2026-10-03,https://news4nation.com/crime/patna-drug-bust-6-arrested-with-thousands-of-intoxicating-injections-and-capsules-638872
not stated,विक्रांत कुमार (Vikrant Kumar),"arrested accused (one of four caught near the tower with 415 injections, or one of two ar…",Patna,BR-2026-patna-tv-tower-narcotic-injections-capsules,Six arrested (Afgan Alam described as main kingpin); case registered; investigation ongoing into supply sourc…,2026-10-03,https://news4nation.com/crime/patna-drug-bust-6-arrested-with-thousands-of-intoxicating-injections-and-capsules-638872
not stated,शहनाज आलम (Shahnaz Alam),arrested accused,Patna,BR-2026-patna-tv-tower-narcotic-injections-capsules,Six arrested (Afgan Alam described as main kingpin); case registered; investigation ongoing into supply sourc…,2026-10-03,https://news4nation.com/crime/patna-drug-bust-6-arrested-with-thousands-of-intoxicating-injections-and-capsules-638872
"NRX Distributors LLP, Chunabhatti, Sion, Mumbai",NRX Distributors LLP (persons not named),"accused firm, Vishrambaug FIR; received RRT Pharma consignments Jul-Aug 2025","Chunabhatti, Sion, Mumbai",MH-2026-04-nagpur-alburel-albumin,Market Yard case: Ritesh Rohidas Thombre and Mohd. Danish Khan detained 2025-09-16 and remanded to five days'…,2026-04-25,https://www.mypunepulse.com/pune-gangadham-area-medical-store-caught-for-selling-fake-alburel-injections-worth-%E2%82%B94-5-lakh-by-fda/
OAKSUN Lifesciences (city not reported),person not reported,,statewide (reported from Thiruvananthapuram),KL-2025-12-17-faulty-medicines-blocked,Sale of the listed batches banned/restricted in Kerala after failing state-level quality analysis; broader in…,2025-12-10,https://medicaldialogues.in/news/industry/pharma/kerala-blocks-17-faulty-medicines-including-rabeprazole-ciprofloxacin-after-counterfeit-seizure-160392
"Oaksun Lifesciences, Plot No. 36,37,38,46&47, Chengicherla (V) Medipally (M), Medchal-Malkajgiri (Dist.) TS-5…",person not reported,,Bhubaneswar (State Drugs Testing & Research Labor…,OD-2025-2026-sdtrl-bhubaneswar-nsq-roundup,51 NSQ batches reported by the Odisha state lab (SDT&RL/SFTRL Bhubaneswar) in the CDSCO monthly tables Oct-20…,2025-10 to 2026-08,https://cdscoonline.gov.in/CDSCO/filteredNsqDrugTable?month=Oct-2025&source=All&tab=nsq
"Mohammadia Pharmacy, Sector 39, Gurugram (sealed; licence cancellation initiated)",Yusuf Wasi,Owner of Mohammadia Pharmacy (Tribune names him only as 'Yusuf'); taken into custody on t…,"Sector 39, Gurugram",HR-gurugram-tofajak,Three arrested: Yusuf (Wasi) and Naseem remanded to five days' police custody; Zubair Mohammad (Tribune: 'Zub…,2024-09-25,https://www.tribuneindia.com/news/haryana/fake-drugs-of-pharma-company-seized/amp
"Om Biometic Pvt. Ltd. (spelt 'Om Biomedic Pvt Ltd' in TOI), SIDCUL Haridwar, Uttarakhand (NSQ Noscapine Cough…",person not reported,,Raipur,CDSCO-2025-09-alert,Under investigation: CDSCO spurious-drug table (SEP-2025) lists manufacturer as 'Under Investigation' with re…,2025-09,https://medicaldialogues.in/news/industry/pharma/cdsco-flags-besto-cof-cough-syrup-as-spurious-raipur-drug-lab-claims-batch-not-made-by-listed-firm-157457
"M/s Omega Pharma, Roorkee, Haridwar, Uttarakhand (unverified)",person not reported,,Jaipur (Rajasthan Drug Controller); manufacturers…,RJ-2026-04-spurious-antibiotic,7 medicines declared NSQ; licences of 3 manufacturing units suspended; batches ordered withdrawn statewide (a…,2026-04-22,https://drugscontrol.org/news-detail.php?newsid=44607
"Monatt Biotech, E-31, New Focal Point Bathinda - 151005 - label manufacturer of Cloprostenol Injection IP (Ve…",person not reported,,Kathua (Modern Drug Testing Laboratory Kathua rep…,JK-2025-02-srinagar-kathua-spurious-cloprostenol-xorcid-o,"Xorcid-O entry marked 'Under Investigation' in the NSQ result field; no FIR, licence action or firm reply pub…",2025-02,https://cdscoonline.gov.in/CDSCO/filteredNsqDrugTable?month=Feb-2025&source=All&tab=nsq
"M/s. MONIQUE PHARMACEUTICALS PVT. LTD., IMT Faridabad, Haryana (NSQ Ticagrelor Tablets IP 90 mg 'Tigamon 90',…",person not reported,,"Patna (Ramnagar, Kurthoul)",CDSCO-2025-01-alert,Ongoing/regulatory. Gentamicin GM-19 and Dexamethasone DX-18 declared SPURIOUS by CDL Kolkata in the Jan-2025…,2025-01,https://medicaldialogues.in/news/industry/pharma/drug-alert-cdsco-flags-52-formulations-as-not-of-standard-quality-144329
"Orbit Lifescience Pvt. Ltd., Valsad, Gujarat (Amoxycillin & Potassium Clavulanate Tablets IP KT25030, NSQ)",person not reported,,Kolkata (CDL); New Delhi (CDSCO),CDSCO-2026-07-alert,July 2026 alert (published 21 Aug 2026): 40 samples NSQ by CDSCO central labs; state-lab count reported diffe…,2026-08-21,https://www.etvbharat.com/en/bharat/cdsco-flags-280-drug-samples-as-nsq-or-spurious-in-july-enn26082107816
"Orison Pharma International, Ambala (Rakesh Goyal)",Rakesh Goyal,"younger brother of owner; booked by Punjab Police in 2021 tramadol diversion case, later…",Ambala,HP-2025-11-digital-vision-pharma,"Ongoing. NCB case: 15 arrested as of 2025-11-30 (The Tribune), 17 arrested per TNM/Newslaundry 2026-04-13; pa…",2025-11,https://www.thenewsminute.com/news/16-kids-dead-a-rs-574-cr-racket-the-pharma-group-the-system-refuses-to-stop
"Orison Pharmaceutical, 51 Industrial Area, Ambala Cantt (group company)",Rakesh Goyal,"younger brother of owner; booked by Punjab Police in 2021 tramadol diversion case, later…",Ambala,HP-2025-11-digital-vision-pharma,"Ongoing. NCB case: 15 arrested as of 2025-11-30 (The Tribune), 17 arrested per TNM/Newslaundry 2026-04-13; pa…",2025-11,https://www.thenewsminute.com/news/16-kids-dead-a-rs-574-cr-racket-the-pharma-group-the-system-refuses-to-stop
"Ornate Labs Pvt. Ltd, Bela Industrial Estate, Muzaffarpur, Bihar - Paracetamol Tablets I.P 500 mg (NSQ, BDCL…",person not reported,,"Patna (Bihar Drugs Control Laboratory, BDCL); New…",CDSCO-2025-10-alert,"All 5 batches: CDSCO remark 'The product is purported to be spurious, however, the same is subject to outcome…",2025-10,https://medicaldialogues.in/news/industry/pharma/cdsco/cdsco-flags-5-batches-of-widely-used-drugs-including-azithral-500-telma-am-as-potentially-spurious-159434
"Ornate Labs Pvt. Ltd., Bela Industrial Estate, Muzaffarpur-842005",person not reported,,"Patna, Hajipur (Hazipur), Barauni, Muzaffarpur, F…",BR-2025-2026-bihar-manufacturers-nsq-injectables-syrups,"NSQ declarations only (plus two SPURIOUS declarations against New Lab Industry, Patna, Jan-2025); licence act…",2025-01 to 2026-06,https://cdscoonline.gov.in/CDSCO/filteredNsqDrugTable?month=Jan-2025&source=All&tab=nsq
"Oro Pharmaceuticals Pvt Ltd, New Industrial Estate, Jagatpur-754021, Cuttack, Odisha - Dec-2025 (CDL Kolkata)",person not reported,,Bhubaneswar (State Drugs Testing & Research Labor…,OD-2025-2026-sdtrl-bhubaneswar-nsq-roundup,51 NSQ batches reported by the Odisha state lab (SDT&RL/SFTRL Bhubaneswar) in the CDSCO monthly tables Oct-20…,2025-10 to 2026-08,https://cdscoonline.gov.in/CDSCO/filteredNsqDrugTable?month=Oct-2025&source=All&tab=nsq
"Morrisons Lifecare Pvt Ltd, Chennai (NSQ medical device)",person not reported,,West Bengal (CDL Kolkata and West Bengal State La…,CDSCO-2026-01-alert,Under investigation: all three spurious batches carry the CDSCO remark 'The product is purported to be spurio…,2026-01,https://medicaldialogues.in/news/industry/pharma/azithromycin-ofloxacin-combos-among-3-drug-batches-flagged-as-purportedly-spurious-by-cdsco-165368
"Oscar Remedies Pvt Ltd, Oscar House, Badi Majra, Yamuna Nagar-135001 (HR) (Calamine Lotion IP, Chennai lab; O…",person not reported,,not reported (CDSCO rows give only the reporting…,CDSCO-2025-06-alert,"CDSCO remark on every spurious row: 'The product is purported to be spurious, however, the same is subject to…",2025-06,https://medicaldialogues.in/news/industry/pharma/cdsco/cdsco-flags-55-substandard-4-spurious-drugs-in-june-batch-alert-full-list-inside-152088
"Oscar Remedies Pvt. Ltd., Oscar House, Badi Majra, Yamuna Nagar (HR) - NSQ Amikacin",person not reported,,Kolkata (CDL),CDSCO-2026-03-alert,"Ongoing investigation. CDSCO portal remark: 'The product is purported to be spurious, however, the same is su…",2026-03,https://medicaldialogues.in/news/industry/pharma/cdsco/suspected-spurious-buprenorphine-injection-batch-under-scanner-cdsco-launches-investigation-169200
"Oscar Remedies Pvt. Ltd., Oscar House, Badi Majra, Yamunanagar (HR) - 8 NSQ entries 2025-2026; Aug-2026 DEC-P…",person not reported,,"Baddi, Kala Amb, Paonta Sahib, Roorkee, Haridwar",CDSCO-2025-2026-synthesis-repeat-offenders,Ongoing investigations (CDSCO remark on every spurious entry: 'subject to outcome of investigation'). July-20…,2026-09,https://thehealthmaster.com/drug-alert-nsq-drugs-lists/
"Oshi Immunoscience Pvt Ltd, Kashipur (Uttarakhand) - alleged manufacturing link per Amar Ujala in original re…",Manish Singh Rathore,"director, Oshi Immunoscience Pvt Ltd; reported 5th arrest (~30 Sep 2026) per Amar Ujala i…","Kashipur, Udham Singh Nagar",HR-2026-09-gurugram-fake-telma-am-oshi-immunoscience,"4 arrests supported by search snippets (Suvrat Dwivedi, Zuvaier earlier; Vipin Kumar 21 Sep 2026; Pardeep Kum…",2026-09,https://medicaldialogues.in/news/industry/pharma/haryana-fda-arrests-2-more-in-suspected-spurious-telma-am-racket-4-held-180290
"Other firms not named: 880 cases (140 manufacturers, 740 sellers); 677 licences suspended, 203 cancelled; all…",person not reported,,Mumbai (statewide),MH-2026-08-fda-enforcement-drive,"Enforcement drive June-August 2026: 2,902 inspections (607 manufacturing units, 2,295 medical shops); action…",2026-09-08,https://www.freepressjournal.in/mumbai/maharashtra-fda-complaints-surge-557-per-cent-to-1397-in-3-months-as-drug-enforcement-intensifies
"Mothers Care Pharma Labs Pvt. Ltd., AT/PO-Boudh, Dist: Boudh-762014, Odisha - Jan-2026 (CDL Kolkata)",person not reported,,Bhubaneswar (State Drugs Testing & Research Labor…,OD-2025-2026-sdtrl-bhubaneswar-nsq-roundup,51 NSQ batches reported by the Odisha state lab (SDT&RL/SFTRL Bhubaneswar) in the CDSCO monthly tables Oct-20…,2025-10 to 2026-08,https://cdscoonline.gov.in/CDSCO/filteredNsqDrugTable?month=Oct-2025&source=All&tab=nsq
"M/s. Otsuka Pharmaceuticals India Pvt. Ltd., Village Vasana-Chacharwadi, Tal. Sanand, Dist. Ahmedabad 382213…",person not reported,,Bihar (samples drawn); West Bengal (tested at CDL…,CDSCO-2025-05-alert,"CDSCO: 'The product is purported to be spurious, however, the same is subject to outcome of investigation' (u…",2025-06-20,https://thesouthfirst.com/health/telma-40-found-fake-again-manufacturer-denies-producing-counterfeit-batch/
"Otsuka Pharmaceuticals India, Ahmedabad",person not reported,,Statewide (announced from Bengaluru),KA-2025-06-fsda-nsq-14-drugs,Do-not-use / stop-stocking directive issued 2025-06-25; public urged not to use; minister warned of strict ac…,2025-06-25,https://theprint.in/india/karnataka-govt-flags-14-substandard-drugs-tells-chemists-docs-public-to-avoid-them/2670281/
"M/s. Overseas Healthcare Pvt. Ltd., Phillaur (Pb) (NSQ Calcium Aspartate/Orotate/Calcitriol tablets, entry 3)",person not reported,,"Patna (Ramnagar, Kurthoul)",CDSCO-2025-01-alert,Ongoing/regulatory. Gentamicin GM-19 and Dexamethasone DX-18 declared SPURIOUS by CDL Kolkata in the Jan-2025…,2025-01,https://medicaldialogues.in/news/industry/pharma/drug-alert-cdsco-flags-52-formulations-as-not-of-standard-quality-144329
"Oxford Pharma, Roorkee, Distt. Haridwar, Uttarakhand",person not reported,,"national (manufacturers in Himachal Pradesh, Guja…",CDSCO-2026-06-alert,Monthly NSQ/spurious alert for June 2026 published (reported 22 Jul 2026 and 31 Jul 2026). Officials said the…,2026-06,https://www.freepressjournal.in/mumbai/cdsco-flags-159-substandard-drug-samples-as-nsq-including-14-linked-to-maharashtra
MP FDA / TN Drugs Control Department,MP drug controller and assistant drug controller (names not reported)…,Administrative action - suspended for negligence/dereliction of duty,"Sunguvarchatraam (Mathura), Kancheepuram; Chennai…",TN-MP-2025-10-coldrif-sresan-deg,"Seven arrested: G. Ranganathan (owner, arrested 8-9 Oct 2025 at Chennai by MP SIT, Rs 20,000 reward had been…",2025-10-04,https://medicaldialogues.in/news/industry/pharma/sresan-pharmas-coldrif-syrup-banned-after-486-toxic-diethylene-glycol-detected-156353
"Pacific India, Village Dhana (Bagh Bania), Tehsil Nalagarh, District Solan, H.P.",person not reported,,"national (manufacturers in Himachal Pradesh, Guja…",CDSCO-2026-06-alert,Monthly NSQ/spurious alert for June 2026 published (reported 22 Jul 2026 and 31 Jul 2026). Officials said the…,2026-06,https://www.freepressjournal.in/mumbai/cdsco-flags-159-substandard-drug-samples-as-nsq-including-14-linked-to-maharashtra
"Paksons Pharmaceuticals Private Limited, Bahadurgarh, Haryana (Dexacos, Vitson-C, Aderson, Gentacos, Ondson,…",person not reported,,not reported (CDSCO rows give only the reporting…,CDSCO-2025-06-alert,"CDSCO remark on every spurious row: 'The product is purported to be spurious, however, the same is subject to…",2025-06,https://medicaldialogues.in/news/industry/pharma/cdsco/cdsco-flags-55-substandard-4-spurious-drugs-in-june-batch-alert-full-list-inside-152088
"Pal Brothers, Agra",person not reported,,"Lucknow (Aminabad, Alambagh, Bakshi Ka Talab, Kai…",UP-2026-08-fsda-multi-district,"ongoing. Lucknow: 7 FIRs against 32 persons, 2 arrests; Agra: 9 FIRs, 2 arrests; Varanasi: surgical shop oper…",2026-08-19,https://www.etvbharat.com/hi/state/illegal-medicines-worth-5-dot-43-crore-seized-in-four-districts-of-uttar-pradesh-ups26081906919
"Paras Ecomad, Satellite, Ahmedabad",person not reported,,Gandhinagar (statewide); counterfeit-drug raids i…,GJ-2026-09-fdca-50-licences,August 2026 action reviewed on 2 Sept 2026: sales licences of 50 drug firms cancelled; closure orders for two…,2026-09-02,https://bilkulonline.com/2026/09/02/gujarat-fdca-cancels-licences-of-50-drug-firms-seizes-42988-kg-of-suspected-food-products/
"Paras Medical Agency, Ellisbridge, Ahmedabad",person not reported,,Gandhinagar (statewide); counterfeit-drug raids i…,GJ-2026-09-fdca-50-licences,August 2026 action reviewed on 2 Sept 2026: sales licences of 50 drug firms cancelled; closure orders for two…,2026-09-02,https://bilkulonline.com/2026/09/02/gujarat-fdca-cancels-licences-of-50-drug-firms-seizes-42988-kg-of-suspected-food-products/
"Parb Pharmaceuticals (group, 2022)",person not reported,,"Kala Amb (Sirmaur, HP); Ambala; Chandigarh; Jodhp…",HP-2025-11-digital-vision-pharma,"Ongoing. NCB case: 15 arrested as of 2025-11-30 (The Tribune), 17 arrested per TNM/Newslaundry 2026-04-13; pa…",2025-11,https://www.thenewsminute.com/news/16-kids-dead-a-rs-574-cr-racket-the-pharma-group-the-system-refuses-to-stop
"Park Pharmaceuticals, Vill Kalujhanda, Near Nanakpur, Distt. Solan (HP) 174103 - Jan-2026",person not reported,,Bhubaneswar (State Drugs Testing & Research Labor…,OD-2025-2026-sdtrl-bhubaneswar-nsq-roundup,51 NSQ batches reported by the Odisha state lab (SDT&RL/SFTRL Bhubaneswar) in the CDSCO monthly tables Oct-20…,2025-10 to 2026-08,https://cdscoonline.gov.in/CDSCO/filteredNsqDrugTable?month=Oct-2025&source=All&tab=nsq
"Parm House, Puducherry (supplier on bills)",person not reported,,"Agra (Dhanauli near Mother RD School, Malpura PS…",UP-2025-08-agra-fawwara-stf-syndicate,"Dhanauli case: Ikrar, Shamin alias Chhotu and Salua alias Mukim arrested and sent to jail by court (1 Oct 202…",2026-09-29,https://medicaldialogues.in/news/industry/pharma/rs-1-crore-bribe-to-drug-officials-exposed-up-stf-busts-multi-crore-fake-drugs-syndicate-154178
"Parshva Medical Agency, Paldi, Ahmedabad (590 tablets seized)",person not reported,,Gandhinagar (statewide); counterfeit-drug raids i…,GJ-2026-09-fdca-50-licences,August 2026 action reviewed on 2 Sept 2026: sales licences of 50 drug firms cancelled; closure orders for two…,2026-09-02,https://bilkulonline.com/2026/09/02/gujarat-fdca-cancels-licences-of-50-drug-firms-seizes-42988-kg-of-suspected-food-products/
"Parshva Medical Agency, Paldi, Ahmedabad (distribution point through which counterfeit stock reached Ahmedaba…",Dashil Sanghvi,"accused, aged 39; allegedly procured and distributed the counterfeit stock in Gujarat (li…",Ahmedabad,GJ-2026-08-ahmedabad-nicardia-counterfeit,"3 arrested (2026-08-27); case registered at DCB police station, Ahmedabad; interstate network (Gujarat/UP/Raj…",2026-08-27,https://raw.githubusercontent.com/songjen/india-pharma-report/main/reports/India_Pharma_Daily_20260828.md
"Parth Medical Agency, Paldi, Ahmedabad",person not reported,,Gandhinagar (statewide); counterfeit-drug raids i…,GJ-2026-09-fdca-50-licences,August 2026 action reviewed on 2 Sept 2026: sales licences of 50 drug firms cancelled; closure orders for two…,2026-09-02,https://bilkulonline.com/2026/09/02/gujarat-fdca-cancels-licences-of-50-drug-firms-seizes-42988-kg-of-suspected-food-products/
"Parvati Traders, Lucknow (received fakes from Rana)",person not reported,,"Agra (Dhanauli near Mother RD School, Malpura PS…",UP-2025-08-agra-fawwara-stf-syndicate,"Dhanauli case: Ikrar, Shamin alias Chhotu and Salua alias Mukim arrested and sent to jail by court (1 Oct 202…",2026-09-29,https://medicaldialogues.in/news/industry/pharma/rs-1-crore-bribe-to-drug-officials-exposed-up-stf-busts-multi-crore-fake-drugs-syndicate-154178
"Parvati Traders, Lucknow (recipient)",person not reported,,Puducherry (manufacturing unit at Thiruphuvanai P…,PY-2025-11-medinoc-raja-lupin-counterfeit-cbi,"CBI investigation ongoing. Original case: 26 persons (incl. 4 women) arrested by Puducherry police/SIT, inclu…",2025-11-12,https://medicaldialogues.in/news/industry/pharma/counterfeit-drug-racket-using-lupin-brand-busted-in-puducherry-fir-filed-160639
"Paschim Banga Pharmaceutical (A Unit of Farista Vanijya Pvt. Ltd), NH-31, Tin Mile Hat, Sonapur Hat, PS Chopr…",not reported (no individual named),manufacturer of Compound Sodium Lactate Injection IP (Ringer's Lactate) supplied to KSMSC…,"NH-31, Tin Mile Hat, Sonapur Hat, PS Chopra, Dist…",KA-2024-11-ballari-ringer-lactate,Karnataka: CM Siddaramaiah on 30 Nov 2024 ordered suspension of State Drugs Controller Umesh S (Dr Umesh S) f…,2024-11,https://theprint.in/india/karnataka-govt-asks-dcgi-to-probe-ringer-lactate-firm-after-maternal-deaths/2385582/amp/
"Paschim Banga Pharmaceutical (A Unit of Farista Vanijya Pvt. Ltd), NH-31, Tin Mile Hat, Sonapur Hat, PS Chopr…",Umesh S (Dr Umesh S / K Umesh),Karnataka State Drugs Controller - suspended 30 Nov 2024 for dereliction of duty (not pro…,"Bengaluru, Karnataka",KA-2024-11-ballari-ringer-lactate,Karnataka: CM Siddaramaiah on 30 Nov 2024 ordered suspension of State Drugs Controller Umesh S (Dr Umesh S) f…,2024-11,https://theprint.in/india/karnataka-govt-asks-dcgi-to-probe-ringer-lactate-firm-after-maternal-deaths/2385582/amp/
"Paschim Banga Pharmaceutical (A Unit of Farista Vanijya Pvt. Ltd.), NH-31, Tin Mile Hat, Sonapur Hat, Chopra,…",person not reported,,"Baddi, Kala Amb, Paonta Sahib, Roorkee, Haridwar",CDSCO-2025-2026-synthesis-repeat-offenders,Ongoing investigations (CDSCO remark on every spurious entry: 'subject to outcome of investigation'). July-20…,2026-09,https://thehealthmaster.com/drug-alert-nsq-drugs-lists/
"Paschim Banga Pharmaceutical (A Unit of Farista Vanijya Pvt. Ltd.), NH-31, Tin Mile Hat, Sonapur Hat, P.S. Ch…",person not reported,,Midnapore / Medinipur (Midnapore Medical College…,WB-2025-01-midnapore-paschim-banga-rl,Manufacturing stopped by West Bengal stop-manufacture order (date not stated on opened pages); Paschim Banga…,2025-01,"https://raw.githubusercontent.com/rumca-js/RSS-Link-Database-2025/357e79ba6f4d2e6f55b9b57d8e1deb4b4752dfff/2025/01/2025-01-11/https...timesofindia.indiatimes.com.rssfeedstopstories.cms_entries.md (OPENED; TOI RSS summary of https://timesofindia.indiatimes.com/city/kolkata/1-woman-dead-4-critical-after-childbirth-expired-saline-claim-kin/articleshow/117130075.cms, published 2025-01-11)"
"Paschim Banga Pharmaceutical (A Unit Of Farista Vanijya Pvt. Ltd.), Uttar Dinajpur, West Bengal",person not reported,,New Delhi (DTL Delhi); Kolkata (CDL); Baddi / Nal…,CDSCO-2026-08-alert,Under investigation (manufacturer of TELMA AM batch 18230791 listed as 'Under Investigation'; CDSCO: matter '…,2026-09-22,https://aninews.in/news/national/general-news/central-drugs-laboratories-flags-220-drug-samples-as-nsq-in-august-one-spurious-drug-identified-in-delhi20260922093319/
"M/s.Paschim Banga Pharmaceuticals (A Unit of Farista Vanijya Pvt. Ltd), Sonapur Hat, PS-Chopra, Dist-Uttar Di…",person not reported,,national (CDSCO monthly alert; sampling location…,CDSCO-2025-02-alert,"Under investigation. CDSCO remark: 'The product is purported to be spurious, however, the same is subject to…",2025-02,https://medicaldialogues.in/news/industry/pharma/drug-alert-47-drug-samples-fail-to-clear-cdsco-test-1-declared-spurious-145785
Paschim Banga Pharmaceuticals (context: supplier of Ringer's Lactate linked to 2024 Ballari/Sindanur maternal…,person not reported,,Bihar (samples drawn); West Bengal (tested at CDL…,CDSCO-2025-05-alert,"CDSCO: 'The product is purported to be spurious, however, the same is subject to outcome of investigation' (u…",2025-06-20,https://thesouthfirst.com/health/telma-40-found-fake-again-manufacturer-denies-producing-counterfeit-batch/
"Paschim Banga Pharmaceuticals, Uttar Dinajpur W.B. (D5 and NS, sterility, Karnataka)",person not reported,,not reported (CDSCO rows give only the reporting…,CDSCO-2025-06-alert,"CDSCO remark on every spurious row: 'The product is purported to be spurious, however, the same is subject to…",2025-06,https://medicaldialogues.in/news/industry/pharma/cdsco/cdsco-flags-55-substandard-4-spurious-drugs-in-june-batch-alert-full-list-inside-152088
"Patel Pharma, Talaghattapura, Bengaluru - raided by SIT 6 Oct 2026 as buyer [name not re-verified]","Owners of RR Pharma, 2365 LLP Pharma and Patel Pharma (names not repo…","Pharmacy owners raided 6 Oct 2026, issued notices and questioned over purchase and onward…",Bengaluru,KA-2026-08-bidadi-krupa,Ongoing. Verified this pass: Veeresh Kumar Jain (Krupa Healthcare owner) arrested 12 Sep 2026 and remanded to…,2026-08-18,https://raw.githubusercontent.com/songjen/india-pharma-report/main/reports/India_Pharma_Daily_20260820.md
"Patel Pharma, Talaghattapura, Bengaluru - raided by SIT 6 Oct 2026 as buyer [name not re-verified]",Prashanth Ranjan Babu (also reported as R. Prashanth / Prashant / Pra…,Alleged kingpin / prime accused; ex-medical representative; leased the Bidadi farmhouse;…,"Papareddypalya, Bengaluru [not re-verified]; nati…",KA-2026-08-bidadi-krupa,Ongoing. Verified this pass: Veeresh Kumar Jain (Krupa Healthcare owner) arrested 12 Sep 2026 and remanded to…,2026-08-18,https://raw.githubusercontent.com/songjen/india-pharma-report/main/reports/India_Pharma_Daily_20260820.md
"Patient Care Surgical House, Saharanpur",Aijaz Ahmad (ऐजाज अहमद / एजाज अहमद),operator; firm closed for about two years but used for paper transactions,Saharanpur,UP-2026-08-fsda-multi-district,"ongoing. Lucknow: 7 FIRs against 32 persons, 2 arrests; Agra: 9 FIRs, 2 arrests; Varanasi: surgical shop oper…",2026-08-19,https://www.etvbharat.com/hi/state/illegal-medicines-worth-5-dot-43-crore-seized-in-four-districts-of-uttar-pradesh-ups26081906919
"Patient Care Surgical House, Saharanpur (closed ~2 years; used for paper purchases)",Aijaz Ahmed (also spelt Ejaz),Operator; arrested by Lucknow SOG and police; main link in supply network,Saharanpur,UP-2026-08-lucknow-aminabad-cross-billing,"FIRs registered (29 Jul and 12 Aug 2026, Aminabad PS; Saharanpur FIR after 2 Sept 2026 operation). Ejaz/Aijaz…",2026-07-29,https://www.indiatvnews.com/uttar-pradesh/fsda-cracks-down-on-organised-network-dealing-with-counterfeit-medicines-in-lucknow-fir-against-four-filed-2026-08-12-1051175
"Patient Care Surgical House, Saharanpur (closed ~2 years; used for paper purchases)",Vineet Kumar,packed drugs in basement; stated he worked for Prizark Healthcare and Radiant Printo Pack…,Saharanpur,UP-2026-08-lucknow-aminabad-cross-billing,"FIRs registered (29 Jul and 12 Aug 2026, Aminabad PS; Saharanpur FIR after 2 Sept 2026 operation). Ejaz/Aijaz…",2026-07-29,https://www.indiatvnews.com/uttar-pradesh/fsda-cracks-down-on-organised-network-dealing-with-counterfeit-medicines-in-lucknow-fir-against-four-filed-2026-08-12-1051175
"Spen Formulations Pvt Ltd, Plot No. 123, Industrial Area, Mehatpur, Distt. Una-174315 (H.P) - label manufactu…",person not reported,,Kathua (Modern Drug Testing Laboratory Kathua rep…,JK-2025-02-srinagar-kathua-spurious-cloprostenol-xorcid-o,"Xorcid-O entry marked 'Under Investigation' in the NSQ result field; no FIR, licence action or firm reply pub…",2025-02,https://cdscoonline.gov.in/CDSCO/filteredNsqDrugTable?month=Feb-2025&source=All&tab=nsq
"Spen Formulations Pvt.Ltd., Plot No 123, Industrial Area, Mehatpur, Distt. Una-174315 (HP)",person not reported,,Kathua and Srinagar (Modern Drug Testing Laborato…,JK-2025-2026-kathua-srinagar-nsq-roundup-hospital-injectables,"NSQ declarations in CDSCO monthly alerts; one SPURIOUS declaration (R Zara-DSR Capsules, Apr-2026, MDTL Kathu…",2025-05 to 2026-08,https://cdscoonline.gov.in/CDSCO/filteredNsqDrugTable?month=May-2025&source=All&tab=nsq
"Pentagon Labs Ltd., Dewas M.P. (NS, sterility, Karnataka)",person not reported,,not reported (CDSCO rows give only the reporting…,CDSCO-2025-06-alert,"CDSCO remark on every spurious row: 'The product is purported to be spurious, however, the same is subject to…",2025-06,https://medicaldialogues.in/news/industry/pharma/cdsco/cdsco-flags-55-substandard-4-spurious-drugs-in-june-batch-alert-full-list-inside-152088
"Pfizer C&F Depot, Kempalinganahalli (Kempanalinganahalli), Nelamangala Taluk, Bengaluru Rural - licence suspe…",person not reported,,-,REFERENCE-hospital-pharmacy-verification,Reference entry (ongoing). Verified status points: Karnataka FDA cancelled 16 and suspended 8 drug licences (…,2026-09,https://cdsco.gov.in/opencms/opencms/en/Latest-Alerts/
"Pfizer Ltd Carrying & Forwarding (C&F) depot, Kempalinganahalli, Nelamangala taluk, Bengaluru Rural - licence…",Veeresh Kumar Jain (also Viresh Kumar Jain),Owner/proprietor of wholesale pharmacy Krupa Healthcare; arrested in 12 Sep 2026 SIT + Dr…,"Maxworth Mansion, Lalbagh Fort Road, Mavalli, nea…",KA-2026-08-bidadi-krupa,Ongoing. Verified this pass: Veeresh Kumar Jain (Krupa Healthcare owner) arrested 12 Sep 2026 and remanded to…,2026-08-18,https://raw.githubusercontent.com/songjen/india-pharma-report/main/reports/India_Pharma_Daily_20260820.md
"Pharma Impex Laboratories Pvt Ltd, Baruipur, West Bengal - replacement saline supplier to WB, itself ordered…",person not reported,,Ballari (Ballari District Hospital; Ballari Insti…,KA-2024-11-ballari-ringer-lactate,Karnataka: CM Siddaramaiah on 30 Nov 2024 ordered suspension of State Drugs Controller Umesh S (Dr Umesh S) f…,2024-11,https://theprint.in/india/karnataka-govt-asks-dcgi-to-probe-ringer-lactate-firm-after-maternal-deaths/2385582/amp/
"Pharma Roots Healthcare, Barotiwala HP (carvedilol 6.25 mg dissolution; clopidogrel+aspirin 38.20%/21.8%)",person not reported,,Kolkata (CDL); New Delhi (CDSCO),CDSCO-2026-07-alert,July 2026 alert (published 21 Aug 2026): 40 samples NSQ by CDSCO central labs; state-lab count reported diffe…,2026-08-21,https://www.etvbharat.com/en/bharat/cdsco-flags-280-drug-samples-as-nsq-or-spurious-in-july-enn26082107816
"Pharma-365, Ahmedabad",person not reported,,Gandhinagar (statewide); counterfeit-drug raids i…,GJ-2026-09-fdca-50-licences,August 2026 action reviewed on 2 Sept 2026: sales licences of 50 drug firms cancelled; closure orders for two…,2026-09-02,https://bilkulonline.com/2026/09/02/gujarat-fdca-cancels-licences-of-50-drug-firms-seizes-42988-kg-of-suspected-food-products/
pharmaceutical firm,unnamed main accused (co-accused absconding),arrested; D&C Act and NDPS Act,"Badgaon, Gonda",UP-2026-08-fsda-multi-district,"ongoing. Lucknow: 7 FIRs against 32 persons, 2 arrests; Agra: 9 FIRs, 2 arrests; Varanasi: surgical shop oper…",2026-08-19,https://www.etvbharat.com/hi/state/illegal-medicines-worth-5-dot-43-crore-seized-in-four-districts-of-uttar-pradesh-ups26081906919
"Pharmaroots Healthcare, Barotiwala, Baddi, Solan, HP",person not reported,,New Delhi (DTL Delhi); Kolkata (CDL); Baddi / Nal…,CDSCO-2026-08-alert,Under investigation (manufacturer of TELMA AM batch 18230791 listed as 'Under Investigation'; CDSCO: matter '…,2026-09-22,https://aninews.in/news/national/general-news/central-drugs-laboratories-flags-220-drug-samples-as-nsq-in-august-one-spurious-drug-identified-in-delhi20260922093319/
"Pharmaroots Healthcare, Khasra No. 411, Village Tipra, PO-Barotiwala, Tehsil Baddi, Dist-Solan, HP - Aug-2026",person not reported,,Bhubaneswar (State Drugs Testing & Research Labor…,OD-2025-2026-sdtrl-bhubaneswar-nsq-roundup,51 NSQ batches reported by the Odisha state lab (SDT&RL/SFTRL Bhubaneswar) in the CDSCO monthly tables Oct-20…,2025-10 to 2026-08,https://cdscoonline.gov.in/CDSCO/filteredNsqDrugTable?month=Oct-2025&source=All&tab=nsq
"PharmSecure Inc., Delhi - QR solution provider named in the Levipil QR-compromise report (Pharmacy Pro)",person not reported,,-,REFERENCE-hospital-pharmacy-verification,Reference entry (ongoing). Verified status points: Karnataka FDA cancelled 16 and suspended 8 drug licences (…,2026-09,https://cdsco.gov.in/opencms/opencms/en/Latest-Alerts/
Spinka Pharma (city not reported),person not reported,,statewide (reported from Thiruvananthapuram),KL-2025-12-17-faulty-medicines-blocked,Sale of the listed batches banned/restricted in Kerala after failing state-level quality analysis; broader in…,2025-12-10,https://medicaldialogues.in/news/industry/pharma/kerala-blocks-17-faulty-medicines-including-rabeprazole-ciprofloxacin-after-counterfeit-seizure-160392
"Polestar Power Industries (Pharma Divison), Village-Damuwala, Haripur Road, Baroliwal Baddi, Dist. Solan 1701…",person not reported,,Patna (BDCL); Kolkata (CDL),CDSCO-2026-05-alert,"Under investigation. CDSCO remarks on both CDL Kolkata batches: 'The product is purported to be spurious, how…",2026-05,https://medicaldialogues.in/news/industry/pharma/cdsco/cdsco-probes-two-suspected-spurious-antibiotic-batches-of-cefixime-amoxycillin-clavulanate-175635
"Poly Medicure Ltd., Faridabad (NSQ medical device)",person not reported,,West Bengal (CDL Kolkata and West Bengal State La…,CDSCO-2026-01-alert,Under investigation: all three spurious batches carry the CDSCO remark 'The product is purported to be spurio…,2026-01,https://medicaldialogues.in/news/industry/pharma/azithromycin-ofloxacin-combos-among-3-drug-batches-flagged-as-purportedly-spurious-by-cdsco-165368
"Prahlad Logistics, Samalka, Delhi (owner Sunil Kumar) - per search snippet",Sunil Kumar,"Owner of Prahlad Logistics, Samalka; stored and moved contraband via Samalka warehouse; a…","Samalka, Delhi",DL-2025-26-international-courier-psychotropic-rs9cr,"5 arrested (per search snippets): Mohammad Abid first, Javed Khan on Oct 30, Sunil Kumar on Nov 2, then Vishn…",not confirmed (search snippet…,https://theprint.in/india/delhi-police-busts-international-drug-racket-arrests-5-with-psychotropic-pills-worth-rs-9-cr/2861628/
"Prem Prakash Agency, Bhatapara, Chhattisgarh - supplier",Surendra Kamnani,supplier/distributor; arrested in Raipur on Monday 13 April 2026,"Bhatapara, Chhattisgarh",CG-2025-12-counterfeit-kingpin,"Dec 2025: consignment seized at Nagpur Golden Transport, Gogaon, Raipur; State Drug Testing Laboratory, Kalib…",2025-12,https://drugscontrol.org/news-detail.php?newsid=43876
"Premises: house of late former Congress MP (Chatra) Ranjeet Singh, Gaya city (no firm name reported)",person not reported,,Gaya,BR-2026-05-gaya-ex-mp-ranjeet-singh-premises-fake-medicines,"Two arrested (one woman, one detained initially); network described as having long inter-state links; investi…",2026-05-25,https://www.etvbharat.com/en/state/raid-on-ex-congress-mps-house-in-bihar-yields-drugs-spurious-medicines-enn26052502802
"Prescott Pharma Gel Pvt Ltd, Khekra, Baghpat (UP) - held only an FSSAI nutraceutical/food-supplement licence;…",Amrit Patel (अमृत पटेल),director,"Khekra, Baghpat, Uttar Pradesh",UP-2026-meerut-fake-factory,"Named FIR/tehrir against four accused at Incholi PS, Meerut; Punjab Kesari reports 4 persons caught red-hande…",2026-07-26,https://lalluram.com/fake-medicine-racket-busted-in-meerut-baghpat-uttarakhand-6-lakh-capsules-recovered/
"Prescott Pharma Gel Pvt Ltd, Khekra, Baghpat (UP) - held only an FSSAI nutraceutical/food-supplement licence;…",Rohit Kumar (रोहित कुमार),proprietor,"Rudrapur, Udham Singh Nagar, Uttarakhand",UP-2026-meerut-fake-factory,"Named FIR/tehrir against four accused at Incholi PS, Meerut; Punjab Kesari reports 4 persons caught red-hande…",2026-07-26,https://lalluram.com/fake-medicine-racket-busted-in-meerut-baghpat-uttarakhand-6-lakh-capsules-recovered/
"Prescott Pharma Gel Pvt Ltd, Khekra, Baghpat (UP) - held only an FSSAI nutraceutical/food-supplement licence;…",Vikas Chauhan (विकास चौहान),main accused; ran the relabelling/packing operation with R.S. Global Pharma,Meerut / Rudrapur,UP-2026-meerut-fake-factory,"Named FIR/tehrir against four accused at Incholi PS, Meerut; Punjab Kesari reports 4 persons caught red-hande…",2026-07-26,https://lalluram.com/fake-medicine-racket-busted-in-meerut-baghpat-uttarakhand-6-lakh-capsules-recovered/
"private clinic, Rajpal Chowk, Chhindwara",Dr Praveen Soni,Government doctor practising at a private clinic; prescribed Coldrif; arrested 4 Oct 2025…,"Chhindwara, Madhya Pradesh",CENTRAL-2025-10-cdsco-deg-response,"Ongoing. Arrests: G. Ranganathan (owner, Sresan) arrested 9 Oct 2025, 10-day police custody from 10 Oct 2025;…",2025-10-03,https://www.who.int/news/item/13-10-2025-medical-product-alert-n-5-2025--substandard-(contaminated-oral-liquid-medicines)
"Priya Life Science, Waghodia, Vadodara",person not reported,,"national (manufacturers in Himachal Pradesh, Guja…",CDSCO-2026-06-alert,Monthly NSQ/spurious alert for June 2026 published (reported 22 Jul 2026 and 31 Jul 2026). Officials said the…,2026-06,https://www.freepressjournal.in/mumbai/cdsco-flags-159-substandard-drug-samples-as-nsq-including-14-linked-to-maharashtra
"Prizark Healthcare, Roorkee (under examination)",person not reported,,Lucknow (Aminabad) with Bachhrawan (Rae Bareli) a…,UP-2026-08-lucknow-aminabad-cross-billing,"FIRs registered (29 Jul and 12 Aug 2026, Aminabad PS; Saharanpur FIR after 2 Sept 2026 operation). Ejaz/Aijaz…",2026-07-29,https://www.indiatvnews.com/uttar-pradesh/fsda-cracks-down-on-organised-network-dealing-with-counterfeit-medicines-in-lucknow-fir-against-four-filed-2026-08-12-1051175
Prizem Traders (cited in Pune complaint per Sprouts News),"Rajkumar Mishra (also 'Rajukumar Mishra', 'Raju Mishra')",alleged source/manufacturer of the fake Alburel per Khan's confession; named in Nagpur Sh…,Chandigarh,MH-2026-04-nagpur-alburel-albumin,Market Yard case: Ritesh Rohidas Thombre and Mohd. Danish Khan detained 2025-09-16 and remanded to five days'…,2026-04-25,https://www.mypunepulse.com/pune-gangadham-area-medical-store-caught-for-selling-fake-alburel-injections-worth-%E2%82%B94-5-lakh-by-fda/
"Prosafe Biologicals LLP, Mallepalle village, Kondapur Mandal, Sangareddy district (unlicensed drug manufactur…",Prosafe Biologicals LLP,unlicensed manufacturer (firm; no individual proprietor/partner named in opened pages),"Mallepalle village, Kondapur Mandal, Sangareddy d…",TS-2025-sangareddy-prosafe-biologicals-unlicensed-manufacturing,Stocks worth Rs 54.75 lakh seized and samples lifted for analysis during the raid on Thursday 20 Feb 2025; no…,2025-02-20,https://drugscontrol.org/news-detail.php?newsid=41739
"Protech Telelinks, Mauza Ogli, Suketi Road, Kala Amb, Distt. Sirmour-173030 (H.P.)",person not reported,,Kathua and Srinagar (Modern Drug Testing Laborato…,JK-2025-2026-kathua-srinagar-nsq-roundup-hospital-injectables,"NSQ declarations in CDSCO monthly alerts; one SPURIOUS declaration (R Zara-DSR Capsules, Apr-2026, MDTL Kathu…",2025-05 to 2026-08,https://cdscoonline.gov.in/CDSCO/filteredNsqDrugTable?month=May-2025&source=All&tab=nsq
Puniska Injectables,person not reported,,Statewide (announced from Bengaluru),KA-2025-06-fsda-nsq-14-drugs,Do-not-use / stop-stocking directive issued 2025-06-25; public urged not to use; minister warned of strict ac…,2025-06-25,https://theprint.in/india/karnataka-govt-flags-14-substandard-drugs-tells-chemists-docs-public-to-avoid-them/2670281/
Puniska Injectables Pvt. Ltd - 9 NSQ entries May-Jul 2025 (medcheck CSV),person not reported,,"Baddi, Kala Amb, Paonta Sahib, Roorkee, Haridwar",CDSCO-2025-2026-synthesis-repeat-offenders,Ongoing investigations (CDSCO remark on every spurious entry: 'subject to outcome of investigation'). July-20…,2026-09,https://thehealthmaster.com/drug-alert-nsq-drugs-lists/
"Puniska Injectables Pvt. Ltd., Plot No.1, Phase III, Honda Industrial Estate, Honda Sattari, Goa-403530 (6 NS…",person not reported,,not reported (CDSCO rows give only the reporting…,CDSCO-2025-06-alert,"CDSCO remark on every spurious row: 'The product is purported to be spurious, however, the same is subject to…",2025-06,https://medicaldialogues.in/news/industry/pharma/cdsco/cdsco-flags-55-substandard-4-spurious-drugs-in-june-batch-alert-full-list-inside-152088
"M/s. Puniska lnjectables Pvt.Ltd., Plot No.1, Phase III, Honda Industrial Estate, Honda Sattari, Goa-403530 (…",person not reported,,Bihar (samples drawn); West Bengal (tested at CDL…,CDSCO-2025-05-alert,"CDSCO: 'The product is purported to be spurious, however, the same is subject to outcome of investigation' (u…",2025-06-20,https://thesouthfirst.com/health/telma-40-found-fake-again-manufacturer-denies-producing-counterfeit-batch/
Pure & Cure Healthcare Pvt. Ltd. (spelt 'Pure & Cure Heatlhcare Pvt. Ltd.' in the Aug-2026 row; a subsidiary…,person not reported,,"Ranchi (State Drugs Testing Laboratory, Jharkhand)",JH-2025-2026-sdtl-jharkhand-nsq-ors-ifa-and-ranchi-manufacturer,"NSQ declarations only (CDSCO monthly NSQ alert tables); no spurious declaration, licence action or police cas…",2025-06 to 2026-08,https://cdscoonline.gov.in/CDSCO/filteredNsqDrugTable?month=Jun-2025&source=All&tab=nsq
purported manufacturer of all 8 Jul-2025 batches: 'Under Investigation' (CDSCO does not name the actual/label…,person not reported,,not reported (testing labs: CDL Kolkata; RDTL Cha…,CDSCO-2025-07-alert,"ongoing - CDSCO remark on each row: 'The product is purported to be spurious, however, the same is subject to…",2025-07,https://medicaldialogues.in/news/industry/pharma/cdsco/cdsco-flags-8-batches-of-spurious-medicines-including-popular-brands-augmentin-pan-40-154210
"M/s Quest Laboratories Limited, Plot No. 45, Sector-III, Pithampur, Dist.- Dhar-454775 (M.P.) (ORS batch P083…",person not reported,,"Ranchi (State Drugs Testing Laboratory, Jharkhand)",JH-2025-2026-sdtl-jharkhand-nsq-ors-ifa-and-ranchi-manufacturer,"NSQ declarations only (CDSCO monthly NSQ alert tables); no spurious declaration, licence action or police cas…",2025-06 to 2026-08,https://cdscoonline.gov.in/CDSCO/filteredNsqDrugTable?month=Jun-2025&source=All&tab=nsq
"R.R.T. Pharma / RRT Pharma, Kamothe, Panvel, Raigad",Ritesh Rohidas Thombre (also spelt Thombare),proprietor; admitted buying medicines without bills from Danish Khan; detained 2025-09-16…,"Kamothe, Panvel, Raigad",MH-2026-04-nagpur-alburel-albumin,Market Yard case: Ritesh Rohidas Thombre and Mohd. Danish Khan detained 2025-09-16 and remanded to five days'…,2026-04-25,https://www.mypunepulse.com/pune-gangadham-area-medical-store-caught-for-selling-fake-alburel-injections-worth-%E2%82%B94-5-lakh-by-fda/
"R.S. Global Pharma, Rudrapur (Udham Singh Nagar, Uttarakhand) - bought 6 lakh Vitamin-E 10 mg softgels and pr…",Rohit Kumar (रोहित कुमार),proprietor,"Rudrapur, Udham Singh Nagar, Uttarakhand",UP-2026-meerut-fake-factory,"Named FIR/tehrir against four accused at Incholi PS, Meerut; Punjab Kesari reports 4 persons caught red-hande…",2026-07-26,https://lalluram.com/fake-medicine-racket-busted-in-meerut-baghpat-uttarakhand-6-lakh-capsules-recovered/
"R.S. Global Pharma, Rudrapur (Udham Singh Nagar, Uttarakhand) - bought 6 lakh Vitamin-E 10 mg softgels and pr…",Vikas Chauhan (विकास चौहान),main accused; ran the relabelling/packing operation with R.S. Global Pharma,Meerut / Rudrapur,UP-2026-meerut-fake-factory,"Named FIR/tehrir against four accused at Incholi PS, Meerut; Punjab Kesari reports 4 persons caught red-hande…",2026-07-26,https://lalluram.com/fake-medicine-racket-busted-in-meerut-baghpat-uttarakhand-6-lakh-capsules-recovered/
"R.S.L. Pharma, Sadashiv Peth, Pune",Rajesh Shantaram Jog,partner/owner; 39 bottles of Alburel (Batch No. AN20G25084) found (Market Yard FIR),"Sadashiv Peth, Pune",MH-2026-04-nagpur-alburel-albumin,Market Yard case: Ritesh Rohidas Thombre and Mohd. Danish Khan detained 2025-09-16 and remanded to five days'…,2026-04-25,https://www.mypunepulse.com/pune-gangadham-area-medical-store-caught-for-selling-fake-alburel-injections-worth-%E2%82%B94-5-lakh-by-fda/
"R.S.L. Pharma, Sadashiv Peth, Pune",Shailam Gatla (Shri Shailam Rajayya Gatla),partner / business associate of Jog (Market Yard FIR),"Sadashiv Peth, Pune (resident Worli BDD Chawl, Mu…",MH-2026-04-nagpur-alburel-albumin,Market Yard case: Ritesh Rohidas Thombre and Mohd. Danish Khan detained 2025-09-16 and remanded to five days'…,2026-04-25,https://www.mypunepulse.com/pune-gangadham-area-medical-store-caught-for-selling-fake-alburel-injections-worth-%E2%82%B94-5-lakh-by-fda/
"Radha Medical Agency, Agra (839 vials in sales record; refused/returned consignment)",person not reported,,"Delhi (Bhagirath Palace, Chandni Chowk) and Kanpu…",DL-UP-2026-09-bhagirath-palace-vs-pharmaceuticals-fake-abhayrab,"FIR lodged at Collectorganj PS against three accused (Baljit Kaur, Rajinder Singh, Tarandeep Singh); both Kan…",2026-09-22,https://www.etvbharat.com/en/state/delhi-fake-drug-racket-busted-481-counterfeit-rabies-vaccine-units-worth-rs-2-lakh-seized-from-bhagirath-palace-enn26092301276
"Radhe Medical Agency, Agra (raided)",person not reported,,Puducherry (manufacturing unit at Thiruphuvanai P…,PY-2025-11-medinoc-raja-lupin-counterfeit-cbi,"CBI investigation ongoing. Original case: 26 persons (incl. 4 women) arrested by Puducherry police/SIT, inclu…",2025-11-12,https://medicaldialogues.in/news/industry/pharma/counterfeit-drug-racket-using-lupin-brand-busted-in-puducherry-fir-filed-160639
"Radhe Medical Agency, Agra (raided, Dec 2025 report)",person not reported,,"Agra (Dhanauli near Mother RD School, Malpura PS…",UP-2025-08-agra-fawwara-stf-syndicate,"Dhanauli case: Ikrar, Shamin alias Chhotu and Salua alias Mukim arrested and sent to jail by court (1 Oct 202…",2026-09-29,https://medicaldialogues.in/news/industry/pharma/rs-1-crore-bribe-to-drug-officials-exposed-up-stf-busts-multi-crore-fake-drugs-syndicate-154178
"Radiant Parenterals Ltd., Waghodia, Vadodara, Gujarat",person not reported,,"national (manufacturers in Himachal Pradesh, Guja…",CDSCO-2026-06-alert,Monthly NSQ/spurious alert for June 2026 published (reported 22 Jul 2026 and 31 Jul 2026). Officials said the…,2026-06,https://www.freepressjournal.in/mumbai/cdsco-flags-159-substandard-drug-samples-as-nsq-including-14-linked-to-maharashtra
"Radiant Printo Pack, Roorkee (under examination)",person not reported,,Lucknow (Aminabad) with Bachhrawan (Rae Bareli) a…,UP-2026-08-lucknow-aminabad-cross-billing,"FIRs registered (29 Jul and 12 Aug 2026, Aminabad PS; Saharanpur FIR after 2 Sept 2026 operation). Ejaz/Aijaz…",2026-07-29,https://www.indiatvnews.com/uttar-pradesh/fsda-cracks-down-on-organised-network-dealing-with-counterfeit-medicines-in-lucknow-fir-against-four-filed-2026-08-12-1051175
"Rajasthan Medical Services Corporation Limited (RMSCL), Jaipur (directed to ban use/distribution of suspect s…",Mahesh Mittal,"proprietor of distributor Rajasthan Medical Hall, allegedly handling sale and distributio…","Indraprastha Industrial Area, Kota, Rajasthan",PB-RJ-2026-06-jackson-labs-oxytocin,Confirmed: Rajasthan DTL Jaipur found batch I-7881 contains no oxytocin (CDSCO May-2026 alert); RDTL Chandiga…,2026-05 to 2026-10 (deaths 5-…,https://www.livemint.com/companies/jackson-laboratories-licence-cancelled-pregnant-women-death-oxytocin-pharma-11780568790301.html
"Rajasthan Medical Services Corporation Limited (RMSCL), Jaipur (directed to ban use/distribution of suspect s…",Shadab Khan,"authorised representative of Rajasthan Medical Hall, absent during 19 May 2026 inspection","Kota, Rajasthan",PB-RJ-2026-06-jackson-labs-oxytocin,Confirmed: Rajasthan DTL Jaipur found batch I-7881 contains no oxytocin (CDSCO May-2026 alert); RDTL Chandiga…,2026-05 to 2026-10 (deaths 5-…,https://www.livemint.com/companies/jackson-laboratories-licence-cancelled-pregnant-women-death-oxytocin-pharma-11780568790301.html
"Ram Medical Store, Bhavnagar",person not reported,,Gandhinagar (statewide); counterfeit-drug raids i…,GJ-2026-09-fdca-50-licences,August 2026 action reviewed on 2 Sept 2026: sales licences of 50 drug firms cancelled; closure orders for two…,2026-09-02,https://bilkulonline.com/2026/09/02/gujarat-fdca-cancels-licences-of-50-drug-firms-seizes-42988-kg-of-suspected-food-products/
"Ram Pharma, Aminabad, Lucknow",Govind Shukla (गोविंद शुक्ला),operator of Ram Pharma; 20% partner in Health Plus per Dainik Bhaskar; described as key o…,"Aminabad, Lucknow",UP-2026-08-fsda-multi-district,"ongoing. Lucknow: 7 FIRs against 32 persons, 2 arrests; Agra: 9 FIRs, 2 arrests; Varanasi: surgical shop oper…",2026-08-19,https://www.etvbharat.com/hi/state/illegal-medicines-worth-5-dot-43-crore-seized-in-four-districts-of-uttar-pradesh-ups26081906919
"Ram Pharma, Aminabad, Lucknow (same floor as Health Plus)",Ankur Awasthi,Proprietor (no valid drug licence),"Aminabad, Lucknow",UP-2026-08-lucknow-aminabad-cross-billing,"FIRs registered (29 Jul and 12 Aug 2026, Aminabad PS; Saharanpur FIR after 2 Sept 2026 operation). Ejaz/Aijaz…",2026-07-29,https://www.indiatvnews.com/uttar-pradesh/fsda-cracks-down-on-organised-network-dealing-with-counterfeit-medicines-in-lucknow-fir-against-four-filed-2026-08-12-1051175
"Ram Pharma, Aminabad, Lucknow (same floor as Health Plus)",Govind Shukla,Operator; identified as key operator of Health Plus/Ram Pharma (same floor),"Aminabad, Lucknow",UP-2026-08-lucknow-aminabad-cross-billing,"FIRs registered (29 Jul and 12 Aug 2026, Aminabad PS; Saharanpur FIR after 2 Sept 2026 operation). Ejaz/Aijaz…",2026-07-29,https://www.indiatvnews.com/uttar-pradesh/fsda-cracks-down-on-organised-network-dealing-with-counterfeit-medicines-in-lucknow-fir-against-four-filed-2026-08-12-1051175
"Rama Medicose, Jodhpur (fictitious distributor)",person not reported,,"Kala Amb (Sirmaur, HP); Ambala; Chandigarh; Jodhp…",HP-2025-11-digital-vision-pharma,"Ongoing. NCB case: 15 arrested as of 2025-11-30 (The Tribune), 17 arrested per TNM/Newslaundry 2026-04-13; pa…",2025-11,https://www.thenewsminute.com/news/16-kids-dead-a-rs-574-cr-racket-the-pharma-group-the-system-refuses-to-stop
"Rathi Laboratories (Hindustan) Pvt. Ltd., Industrial Area, Patna-800013, Bihar",person not reported,,"Patna, Hajipur (Hazipur), Barauni, Muzaffarpur, F…",BR-2025-2026-bihar-manufacturers-nsq-injectables-syrups,"NSQ declarations only (plus two SPURIOUS declarations against New Lab Industry, Patna, Jan-2025); licence act…",2025-01 to 2026-06,https://cdscoonline.gov.in/CDSCO/filteredNsqDrugTable?month=Jan-2025&source=All&tab=nsq
"M/s. Rathi Laboratories (Hindustan) Pvt. Ltd., Patna, Bihar (NSQ, Reoline Adrenaline Bitartrate Injection bat…",person not reported,,West Bengal (per health ministry note quoted by B…,CDSCO-2025-03-alert,Under investigation. CDSCO spurious list (March 2025): 'Manufactured By: Under Investigation'; 'The product i…,2025-04-18,https://medicaldialogues.in/news/industry/pharma/drug-alert-70-drug-samples-fail-to-clear-cdsco-test-1-declared-spurious-147190
"Ravenbhel Healthcare Pvt.Ltd., 16-17, EPIP, SIDCO Kartholi, Bari Brahmana, Jammu-181133",person not reported,,Kathua and Srinagar (Modern Drug Testing Laborato…,JK-2025-2026-kathua-srinagar-nsq-roundup-hospital-injectables,"NSQ declarations in CDSCO monthly alerts; one SPURIOUS declaration (R Zara-DSR Capsules, Apr-2026, MDTL Kathu…",2025-05 to 2026-08,https://cdscoonline.gov.in/CDSCO/filteredNsqDrugTable?month=May-2025&source=All&tab=nsq
Raw material/powder and empty capsules sourced from open markets in Saharanpur and Moradabad (no vendor named),person not reported,,Bareilly,UP-2026-10-bareilly-fake-enhancement,"Sameeruddin and Yusuf arrested on 2026-10-06, produced in court and sent to jail (Amar Ujala 2026-10-07); Yus…",2026-10-06,https://www.amarujala.com/uttar-pradesh/bareilly/fake-enhancement-medicines-gang-busted-two-arrested-in-bareilly-2026-10-06
"Rednex Pharmaceutical Pvt Ltd, Bavla, Ahmedabad, Gujarat - Respifresh TR (separate manufacturer in same WHO a…","G. Ranganathan (Ranganathan Govindhan), 75",Proprietor/owner; arrested 8-9 Oct 2025 at Chennai by MP SIT; 10-day police custody by Pa…,"Kodambakkam, Chennai / Kancheepuram",TN-MP-2025-10-coldrif-sresan-deg,"Seven arrested: G. Ranganathan (owner, arrested 8-9 Oct 2025 at Chennai by MP SIT, Rs 20,000 reward had been…",2025-10-04,https://medicaldialogues.in/news/industry/pharma/sresan-pharmas-coldrif-syrup-banned-after-486-toxic-diethylene-glycol-detected-156353
"Rednex Pharmaceutical Pvt Ltd., Survey No. 586 & 231, NR. SKF Bearing Bavla Bagodra N.H. 8A Kerala, Tal. Bavl…",person not reported,,"Bavla, Ahmedabad and Shekhpur, Surendranagar (Guj…",GJ-2025-10-respifresh-relife-deg,"MP govt banned sale of Coldrif, Respifresh and Relife and initiated market recall (TOI, 11 Oct 2025). Per WHO…",2025-10-08,https://timesofindia.indiatimes.com/city/bhopal/another-sample-from-same-batch-of-coldrif-fails-testing/articleshow/124464585.cms
"Rednex Pharmaceutical Pvt Ltd., Survey No. 586 & 231, NR. SKF Bearing Bavla Bagodra N.H. 8A, Kerala, Tal. Bav…",person not reported,,New Delhi (CDSCO/DGHS); Chhindwara/Parasia (MP) d…,CENTRAL-2025-10-cdsco-deg-response,"Ongoing. Arrests: G. Ranganathan (owner, Sresan) arrested 9 Oct 2025, 10-day police custody from 10 Oct 2025;…",2025-10-03,https://www.who.int/news/item/13-10-2025-medical-product-alert-n-5-2025--substandard-(contaminated-oral-liquid-medicines)
Rednex Pharmaceuticals,person not reported,,Statewide (announced from Bengaluru),KA-2025-06-fsda-nsq-14-drugs,Do-not-use / stop-stocking directive issued 2025-06-25; public urged not to use; minister warned of strict ac…,2025-06-25,https://theprint.in/india/karnataka-govt-flags-14-substandard-drugs-tells-chemists-docs-public-to-avoid-them/2670281/
Regain Laboratories,person not reported,,Statewide (announced from Bengaluru),KA-2025-06-fsda-nsq-14-drugs,Do-not-use / stop-stocking directive issued 2025-06-25; public urged not to use; minister warned of strict ac…,2025-06-25,https://theprint.in/india/karnataka-govt-flags-14-substandard-drugs-tells-chemists-docs-public-to-avoid-them/2670281/
"Reliance Life Sciences / Reliance Life Science Nashik Pvt. Ltd. (genuine brand owner - victim, not accused)",person not reported,,Pune (Gangadham Chowk; Sadashiv Peth); Mumbai (Si…,MH-2026-04-nagpur-alburel-albumin,Market Yard case: Ritesh Rohidas Thombre and Mohd. Danish Khan detained 2025-09-16 and remanded to five days'…,2026-04-25,https://www.mypunepulse.com/pune-gangadham-area-medical-store-caught-for-selling-fake-alburel-injections-worth-%E2%82%B94-5-lakh-by-fda/
"Relief Biotech Pvt. Ltd., Roorkee - product ban (18 months)",person not reported,,Jaipur (RMSC HQ),RJ-2025-11-rmscl-7-firms-40-drugs-blacklist,7 firms debarred in FY2025-26 (5 for five years for supplying substandard/adulterated medicines; 2 for three…,2025-11-20,https://medicaldialogues.in/news/industry/pharma/rajasthan-medical-services-corp-bans-7-pharma-firms-40-drugs-over-quality-concerns-159266
"Reltsen Healthcare, Puducherry (Ramipril Tablets IP 5mg R25183701K, 64.20% assay)",person not reported,,Kolkata (CDL); New Delhi (CDSCO),CDSCO-2026-07-alert,July 2026 alert (published 21 Aug 2026): 40 samples NSQ by CDSCO central labs; state-lab count reported diffe…,2026-08-21,https://www.etvbharat.com/en/bharat/cdsco-flags-280-drug-samples-as-nsq-or-spurious-in-july-enn26082107816
"Rented room in house of Mukhlal Yadav, Khanjahanpur mohalla ward 47, Manpur-Buniyadganj, Gaya (premises raide…",person not reported,,"Gaya (Khanjahanpur / Manpur-Buniyadganj, Murarpur…",BR-2026-08-cbn-operation-vajra-gaya-masaurhi-counterfeit-network,"Main accused (mastermind, absconding since the 2025 CBN case) arrested by CBN on 22 July 2026; an associate '…",2026-07-27,https://www.drishtiias.com/state-pcs-current-affairs/cbn-dismantles-inter-state-counterfeit-drug-network-under-operation-vajra
"Sresan Pharma, Kancheepuram, Tamil Nadu - manufacturer of Coldrif Batch SR-13 (Maharashtra FDA alert, Akashva…",Kayson Pharma (company),Supplier of cough syrup under CM Free Medicine Scheme; distribution of all 19 of its medi…,"Jaipur, Rajasthan (location per search snippets o…",RJ-2025-10-kayson-dextromethorphan,Drug Controller Rajaram Sharma suspended and distribution of all 19 medicines supplied by Kayson Pharma halte…,2025-10-04,https://raw.githubusercontent.com/FrederickPi1969/xinwenlianbo-transcripts/main/transcripts/akashvani/2025/2025-10-04.md
"Sresan Pharmaceutical (manufacturer), No. 787 Bangalore Highways, Sunguvarchatraam, Kancheepuram Dist. 602106…",G. Ranganathan,Owner,"Chennai / Kancheepuram, Tamil Nadu (arrested 9 Oc…",CENTRAL-2025-10-cdsco-deg-response,"Ongoing. Arrests: G. Ranganathan (owner, Sresan) arrested 9 Oct 2025, 10-day police custody from 10 Oct 2025;…",2025-10-03,https://www.who.int/news/item/13-10-2025-medical-product-alert-n-5-2025--substandard-(contaminated-oral-liquid-medicines)
"M/s Sresan Pharmaceutical Manufacturer (Sresan Pharmaceuticals / Sresan Pharma), No. 787 Bangalore Highways,…","G. Ranganathan (Ranganathan Govindhan), 75",Proprietor/owner; arrested 8-9 Oct 2025 at Chennai by MP SIT; 10-day police custody by Pa…,"Kodambakkam, Chennai / Kancheepuram",TN-MP-2025-10-coldrif-sresan-deg,"Seven arrested: G. Ranganathan (owner, arrested 8-9 Oct 2025 at Chennai by MP SIT, Rs 20,000 reward had been…",2025-10-04,https://medicaldialogues.in/news/industry/pharma/sresan-pharmas-coldrif-syrup-banned-after-486-toxic-diethylene-glycol-detected-156353
"M/s Sresan Pharmaceutical Manufacturer (Sresan Pharmaceuticals / Sresan Pharma), No. 787 Bangalore Highways,…",P.U. Karthigeyan,"Director (i/c) and Joint Director of Drugs Control, Tamil Nadu; booked by Chennai ACB und…",Chennai,TN-MP-2025-10-coldrif-sresan-deg,"Seven arrested: G. Ranganathan (owner, arrested 8-9 Oct 2025 at Chennai by MP SIT, Rs 20,000 reward had been…",2025-10-04,https://medicaldialogues.in/news/industry/pharma/sresan-pharmas-coldrif-syrup-banned-after-486-toxic-diethylene-glycol-detected-156353
"M/s Sresan Pharmaceutical Manufacturer (Sresan Pharmaceuticals / Sresan Pharma), No. 787 Bangalore Highways,…",Satish Verma,Medical representative of Sresan Pharma; arrested night of 26-27 Oct 2025 at Chhindwara,Chhindwara,TN-MP-2025-10-coldrif-sresan-deg,"Seven arrested: G. Ranganathan (owner, arrested 8-9 Oct 2025 at Chennai by MP SIT, Rs 20,000 reward had been…",2025-10-04,https://medicaldialogues.in/news/industry/pharma/sresan-pharmas-coldrif-syrup-banned-after-486-toxic-diethylene-glycol-detected-156353
"Sresan Pharmaceutical Manufacturer, No-787, Bangalore Highways, Sunguvarchatram (Mathura), Kanchepuram, Dist-…",person not reported,,Bhubaneswar (State Drugs Testing & Research Labor…,OD-2025-2026-sdtrl-bhubaneswar-nsq-roundup,51 NSQ batches reported by the Odisha state lab (SDT&RL/SFTRL Bhubaneswar) in the CDSCO monthly tables Oct-20…,2025-10 to 2026-08,https://cdscoonline.gov.in/CDSCO/filteredNsqDrugTable?month=Oct-2025&source=All&tab=nsq
"Sresan Pharmaceutical, Kancheepuram, Tamil Nadu (manufacturer of COLDRIF, batch SR-13 - related product in sa…",person not reported,,"Bavla, Ahmedabad and Shekhpur, Surendranagar (Guj…",GJ-2025-10-respifresh-relife-deg,"MP govt banned sale of Coldrif, Respifresh and Relife and initiated market recall (TOI, 11 Oct 2025). Per WHO…",2025-10-08,https://timesofindia.indiatimes.com/city/bhopal/another-sample-from-same-batch-of-coldrif-fails-testing/articleshow/124464585.cms
Sresan Pharmaceuticals (city not reported),person not reported,,statewide (reported from Thiruvananthapuram),KL-2025-12-17-faulty-medicines-blocked,Sale of the listed batches banned/restricted in Kerala after failing state-level quality analysis; broader in…,2025-12-10,https://medicaldialogues.in/news/industry/pharma/kerala-blocks-17-faulty-medicines-including-rabeprazole-ciprofloxacin-after-counterfeit-seizure-160392
"Retail Distribution Chemist Alliance (RDCA), Lajpat Nagar, New Delhi (recipient of Delhi Drugs Control Depart…",person not reported,,Hyderabad / Siddipet (Indian Immunologicals Ltd -…,CENTRAL-2025-12-abhayrab-australia-falsified-alert,ATAGI alert issued (counterfeit Abhayrab circulating in India since November 2023; advises replacement doses…,2025-12-27,https://www.newsonair.gov.in/indian-immunologicals-limited-refutes-claims-by-australian-health-authorities-on-fake-abhayrab-vaccine-doses
"Revat Laboratories Pvt. Ltd., Andhra Pradesh",person not reported,,Hyderabad,TG-2025-09-tgmsidc-nsq-sunrise-revat-blacklist,Two manufacturers blacklisted from supplying government hospitals; affected batches reportedly recalled from…,2025-09,https://thesouthfirst.com/health/telangana-lab-flags-10-substandard-drugs-two-blacklisted-from-government-hospitals/
"Sri Maruthi Pharma, Bengaluru (Rakesh Kumar) [not re-verified]",Prashanth Ranjan Babu (also reported as R. Prashanth / Prashant / Pra…,Alleged kingpin / prime accused; ex-medical representative; leased the Bidadi farmhouse;…,"Papareddypalya, Bengaluru [not re-verified]; nati…",KA-2026-08-bidadi-krupa,Ongoing. Verified this pass: Veeresh Kumar Jain (Krupa Healthcare owner) arrested 12 Sep 2026 and remanded to…,2026-08-18,https://raw.githubusercontent.com/songjen/india-pharma-report/main/reports/India_Pharma_Daily_20260820.md
"Sri Maruthi Pharma, Bengaluru (Rakesh Kumar) [not re-verified]",Rakesh Kumar,Accused; police examining whether fake oncology drugs were distributed through his firm […,Bengaluru,KA-2026-08-bidadi-krupa,Ongoing. Verified this pass: Veeresh Kumar Jain (Krupa Healthcare owner) arrested 12 Sep 2026 and remanded to…,2026-08-18,https://raw.githubusercontent.com/songjen/india-pharma-report/main/reports/India_Pharma_Daily_20260820.md
"Sri Nandini Pharma, Koti, Hyderabad",Mithinti Srinivas,Sri Nandini Pharma,"Koti, Hyderabad",TS-2025-06-hyderabad-rosuvas-counterfeit,Seized; DCA public advisory on spurious drugs issued (dca.telangana.gov.in record ID 264). Earlier (Dec 2023-…,2025-06-19,https://www.medstown.com/sun-pharma-counterfeit-seizure-2026-official-dca-batch-numbers-safety-guide/
"Rica Enterprises, Kala Amb, HP (Meropenem)",person not reported,,New Delhi (DTL Delhi); Kolkata (CDL); Baddi / Nal…,CDSCO-2026-08-alert,Under investigation (manufacturer of TELMA AM batch 18230791 listed as 'Under Investigation'; CDSCO: matter '…,2026-09-22,https://aninews.in/news/national/general-news/central-drugs-laboratories-flags-220-drug-samples-as-nsq-in-august-one-spurious-drug-identified-in-delhi20260922093319/
"Riddhi Medical Agency, Sola, Ahmedabad",person not reported,,Gandhinagar (statewide); counterfeit-drug raids i…,GJ-2026-09-fdca-50-licences,August 2026 action reviewed on 2 Sept 2026: sales licences of 50 drug firms cancelled; closure orders for two…,2026-09-02,https://bilkulonline.com/2026/09/02/gujarat-fdca-cancels-licences-of-50-drug-firms-seizes-42988-kg-of-suspected-food-products/
"Ridhi Pharma, Karve Road, Erandwane, Pune (distributor)",Rohit Popat Navadkar,distributor,"Karve Road, Erandwane, Pune",MH-2026-pune-chymoral-forte,8 booked; report says distributors and medical shop owners from Pune and accused persons from Uttar Pradesh a…,2025-12-12,https://www.freepressjournal.in/amp/pune/pune-8-booked-for-supplying-fake-medicines-fda-seizes-275-lakh-stock
"M/s. Srinija Parenterals, Perecherla (NSQ Diclofenac Sodium Injection 'DEPAIN-75', entry 4)",person not reported,,"Patna (Ramnagar, Kurthoul)",CDSCO-2025-01-alert,Ongoing/regulatory. Gentamicin GM-19 and Dexamethasone DX-18 declared SPURIOUS by CDL Kolkata in the Jan-2025…,2025-01,https://medicaldialogues.in/news/industry/pharma/drug-alert-cdsco-flags-52-formulations-as-not-of-standard-quality-144329
"Rivpra Formulation Pvt. Ltd., SIDCUL, Haridwar (U.K.)",person not reported,,"national (manufacturers in Himachal Pradesh, Guja…",CDSCO-2026-06-alert,Monthly NSQ/spurious alert for June 2026 published (reported 22 Jul 2026 and 31 Jul 2026). Officials said the…,2026-06,https://www.freepressjournal.in/mumbai/cdsco-flags-159-substandard-drug-samples-as-nsq-including-14-linked-to-maharashtra
"RMD Pharma, Agra",person not reported,,"Lucknow (Aminabad, Alambagh, Bakshi Ka Talab, Kai…",UP-2026-08-fsda-multi-district,"ongoing. Lucknow: 7 FIRs against 32 persons, 2 arrests; Agra: 9 FIRs, 2 arrests; Varanasi: surgical shop oper…",2026-08-19,https://www.etvbharat.com/hi/state/illegal-medicines-worth-5-dot-43-crore-seized-in-four-districts-of-uttar-pradesh-ups26081906919
"RMD Pharma, Agra (sealed)",Rajesh Gupta,Supply chain traced; firm sealed; FIR process initiated,Agra,UP-2026-05-agra-fsda-18-stores,"Kingpin Surendra Gupta (Shri Medical Agency, Kambutola) arrested by Kotwali police from his residence on Satu…",2026-05-21,https://drugscontrol.org/news-detail.php?newsid=44996
"RN Pharma, Aminabad, Lucknow (earlier FIR)",person not reported,,"Lucknow (Aminabad, Alambagh, Bakshi Ka Talab, Kai…",UP-2026-08-fsda-multi-district,"ongoing. Lucknow: 7 FIRs against 32 persons, 2 arrests; Agra: 9 FIRs, 2 arrests; Varanasi: surgical shop oper…",2026-08-19,https://www.etvbharat.com/hi/state/illegal-medicines-worth-5-dot-43-crore-seized-in-four-districts-of-uttar-pradesh-ups26081906919
"Rockbrook Overseas Pvt Ltd, DIC, Industrial Estate Govindsar, Kathua-184102 (J&K)",person not reported,,Kathua and Srinagar (Modern Drug Testing Laborato…,JK-2025-2026-kathua-srinagar-nsq-roundup-hospital-injectables,"NSQ declarations in CDSCO monthly alerts; one SPURIOUS declaration (R Zara-DSR Capsules, Apr-2026, MDTL Kathu…",2025-05 to 2026-08,https://cdscoonline.gov.in/CDSCO/filteredNsqDrugTable?month=May-2025&source=All&tab=nsq
"Rockbrook Overseas Pvt. Ltd., Kathua, J&K",person not reported,,New Delhi (DTL Delhi); Kolkata (CDL); Baddi / Nal…,CDSCO-2026-08-alert,Under investigation (manufacturer of TELMA AM batch 18230791 listed as 'Under Investigation'; CDSCO: matter '…,2026-09-22,https://aninews.in/news/national/general-news/central-drugs-laboratories-flags-220-drug-samples-as-nsq-in-august-one-spurious-drug-identified-in-delhi20260922093319/
Romsons Group,person not reported,,West Bengal; national,CDSCO-2026-04-alert,Under investigation (unverified - all sources unreachable on 2026-10-07: medicaldialogues.in and cdsco.gov.in…,2026-04,https://medicaldialogues.in/news/industry/pharma/cdsco-flags-ursodeoxycholic-acid-tablets-batch-as-purportedly-spurious-171268
"Ronak Life Care Private Limited, RS No 41(Part), Vill Rajpur, Ta&Dist-Patan-384265 / 88 Nilakanth Estate, Sar…",person not reported,,Bhubaneswar (State Drugs Testing & Research Labor…,OD-2025-2026-sdtrl-bhubaneswar-nsq-roundup,51 NSQ batches reported by the Odisha state lab (SDT&RL/SFTRL Bhubaneswar) in the CDSCO monthly tables Oct-20…,2025-10 to 2026-08,https://cdscoonline.gov.in/CDSCO/filteredNsqDrugTable?month=Oct-2025&source=All&tab=nsq
Roorkee unit reported as manufacturing site of fake telmisartan (Royal Bulletin) - UNVERIFIED this run,person not reported,,Gurugram; Kashipur & Haridwar (Uttarakhand); Roor…,HR-2026-09-gurugram-fake-telma-am-oshi-immunoscience,"4 arrests supported by search snippets (Suvrat Dwivedi, Zuvaier earlier; Vipin Kumar 21 Sep 2026; Pardeep Kum…",2026-09,https://medicaldialogues.in/news/industry/pharma/haryana-fda-arrests-2-more-in-suspected-spurious-telma-am-racket-4-held-180290
"Rotary Timbi Medical Stores, Timbi, Bhavnagar / Rotary Timbi Medical Store, Umarala",person not reported,,Gandhinagar (statewide); counterfeit-drug raids i…,GJ-2026-09-fdca-50-licences,August 2026 action reviewed on 2 Sept 2026: sales licences of 50 drug firms cancelled; closure orders for two…,2026-09-02,https://bilkulonline.com/2026/09/02/gujarat-fdca-cancels-licences-of-50-drug-firms-seizes-42988-kg-of-suspected-food-products/
"RP Group of Construction (proprietor Rajendra Prasad Srivastava), Balrampur",Rajendra Prasad Srivastava,proprietor; named in Balrampur vigilance case,Balrampur,UP-2026-09-ed-upmscl-devipatan-scam,"Mukesh Srivastava arrested by UP Vigilance from Wave Mall, Lucknow on 2026-06-09 (reported 2026-06-10) in dis…",2026-09-16,https://timesofindia.indiatimes.com/city/lucknow/ed-files-case-begins-probe-into-100cr-medicine-equipment-supply-scam-in-up/articleshow/134271977.cms
"RR Pharma, Rajarajeshwari Nagar, Bengaluru - raided by SIT 6 Oct 2026 as buyer [name not re-verified]","Owners of RR Pharma, 2365 LLP Pharma and Patel Pharma (names not repo…","Pharmacy owners raided 6 Oct 2026, issued notices and questioned over purchase and onward…",Bengaluru,KA-2026-08-bidadi-krupa,Ongoing. Verified this pass: Veeresh Kumar Jain (Krupa Healthcare owner) arrested 12 Sep 2026 and remanded to…,2026-08-18,https://raw.githubusercontent.com/songjen/india-pharma-report/main/reports/India_Pharma_Daily_20260820.md
"RR Pharma, Rajarajeshwari Nagar, Bengaluru - raided by SIT 6 Oct 2026 as buyer [name not re-verified]",Prashanth Ranjan Babu (also reported as R. Prashanth / Prashant / Pra…,Alleged kingpin / prime accused; ex-medical representative; leased the Bidadi farmhouse;…,"Papareddypalya, Bengaluru [not re-verified]; nati…",KA-2026-08-bidadi-krupa,Ongoing. Verified this pass: Veeresh Kumar Jain (Krupa Healthcare owner) arrested 12 Sep 2026 and remanded to…,2026-08-18,https://raw.githubusercontent.com/songjen/india-pharma-report/main/reports/India_Pharma_Daily_20260820.md
"RRB Distributor, Patna – named as the distributor through which a 'Pan' (gastric) brand consignment reached t…",person not reported,,Patna (Govind Mitra Road wholesale drug market),BR-2025-2026-patna-govind-mitra-road-wholesale-raids,Sale of 53 types of medicines banned by the drug department after the raid; licence action/FIR not reported i…,2025-2026 (exact date not in…,https://www.prabhatkhabar.com/state/bihar/patna/black-business-in-bihar-biggest-medicine-market-govind-mitra-road-41-types-of-fake-medicines-found-in-the-raid-rdy
"M/s RS Global Pharma (मैसर्स आरएस ग्लोबल फार्मा), Preet Vihar, Rudrapur, Udham Singh Nagar, Uttarakhand",not named,proprietor/operator of firm (not identified in report),"Preet Vihar, Rudrapur, Udham Singh Nagar",UK-2026-07-rudrapur-rs-global-pharma,"Surprise inspection found serious irregularities in storage, record-keeping and licence norms; team recommend…",2026-07-26,https://www.amarujala.com/uttarakhand/udham-singh-nagar/major-action-against-fake-medicines-recommendation-to-cancel-the-license-of-rs-global-pharma-rudrapur-news-c-8-1-hld1026-805936-2026-07-26
"Rudra (Medical), Agra",person not reported,,"Lucknow (Aminabad, Alambagh, Bakshi Ka Talab, Kai…",UP-2026-08-fsda-multi-district,"ongoing. Lucknow: 7 FIRs against 32 persons, 2 arrests; Agra: 9 FIRs, 2 arrests; Varanasi: surgical shop oper…",2026-08-19,https://www.etvbharat.com/hi/state/illegal-medicines-worth-5-dot-43-crore-seized-in-four-districts-of-uttar-pradesh-ups26081906919
"St Philomena Hospital Drug Centre, Vinayak Nagar, Bengaluru - licence cancelled (Karnataka FDA)",person not reported,,-,REFERENCE-hospital-pharmacy-verification,Reference entry (ongoing). Verified status points: Karnataka FDA cancelled 16 and suspended 8 drug licences (…,2026-09,https://cdsco.gov.in/opencms/opencms/en/Latest-Alerts/
T. Walkers Pharmaceuticals,person not reported,,West Bengal; national,CDSCO-2026-04-alert,Under investigation (unverified - all sources unreachable on 2026-10-07: medicaldialogues.in and cdsco.gov.in…,2026-04,https://medicaldialogues.in/news/industry/pharma/cdsco-flags-ursodeoxycholic-acid-tablets-batch-as-purportedly-spurious-171268
"Taj Medico, Agra (raided)",person not reported,,Puducherry (manufacturing unit at Thiruphuvanai P…,PY-2025-11-medinoc-raja-lupin-counterfeit-cbi,"CBI investigation ongoing. Original case: 26 persons (incl. 4 women) arrested by Puducherry police/SIT, inclu…",2025-11-12,https://medicaldialogues.in/news/industry/pharma/counterfeit-drug-racket-using-lupin-brand-busted-in-puducherry-fir-filed-160639
"Taj Medico, Agra (raided, Dec 2025 report)",Himanshu Agarwal,Alleged kingpin/drug trader; director/owner of Hey Maa Medico; son of Pawan Kumar Agarwal…,"Mubarak Mahal / Fawwara Dawa Market, Agra; reside…",UP-2025-08-agra-fawwara-stf-syndicate,"Dhanauli case: Ikrar, Shamin alias Chhotu and Salua alias Mukim arrested and sent to jail by court (1 Oct 202…",2026-09-29,https://medicaldialogues.in/news/industry/pharma/rs-1-crore-bribe-to-drug-officials-exposed-up-stf-busts-multi-crore-fake-drugs-syndicate-154178
"Taksa Lifescience, E-47, Industrial Area, Focal Point, Derabassi, Distt Mohali (Mrk. by Ryze Lifecare, Plot N…",person not reported,,Kathua and Srinagar (Modern Drug Testing Laborato…,JK-2025-2026-kathua-srinagar-nsq-roundup-hospital-injectables,"NSQ declarations in CDSCO monthly alerts; one SPURIOUS declaration (R Zara-DSR Capsules, Apr-2026, MDTL Kathu…",2025-05 to 2026-08,https://cdscoonline.gov.in/CDSCO/filteredNsqDrugTable?month=May-2025&source=All&tab=nsq
"Tam Bran Pharmaceuticals, Madhya Pradesh",person not reported,,Statewide (announced from Bengaluru),KA-2025-06-fsda-nsq-14-drugs,Do-not-use / stop-stocking directive issued 2025-06-25; public urged not to use; minister warned of strict ac…,2025-06-25,https://theprint.in/india/karnataka-govt-flags-14-substandard-drugs-tells-chemists-docs-public-to-avoid-them/2670281/
"Tam Bran Pharmaceuticals, Pithampur (Distt. Dhar), Madhya Pradesh (NSQ, sterility; name per The South First,…",person not reported,,Bihar (samples drawn); West Bengal (tested at CDL…,CDSCO-2025-05-alert,"CDSCO: 'The product is purported to be spurious, however, the same is subject to outcome of investigation' (u…",2025-06-20,https://thesouthfirst.com/health/telma-40-found-fake-again-manufacturer-denies-producing-counterfeit-batch/
"Tamman Titoe Pharma Pvt. Ltd., Alathur, Tamil Nadu",person not reported,,New Delhi (DTL Delhi); Kolkata (CDL); Baddi / Nal…,CDSCO-2026-08-alert,Under investigation (manufacturer of TELMA AM batch 18230791 listed as 'Under Investigation'; CDSCO: matter '…,2026-09-22,https://aninews.in/news/national/general-news/central-drugs-laboratories-flags-220-drug-samples-as-nsq-in-august-one-spurious-drug-identified-in-delhi20260922093319/
"Standford Laboratories Private Limited, 8, Industrial Area, Mehatpur, Dist. Una, HP-174315 (Mktd by La renon…",person not reported,,Kathua and Srinagar (Modern Drug Testing Laborato…,JK-2025-2026-kathua-srinagar-nsq-roundup-hospital-injectables,"NSQ declarations in CDSCO monthly alerts; one SPURIOUS declaration (R Zara-DSR Capsules, Apr-2026, MDTL Kathu…",2025-05 to 2026-08,https://cdscoonline.gov.in/CDSCO/filteredNsqDrugTable?month=May-2025&source=All&tab=nsq
"Tanu Medical Agency, Agra (drugscontrol.org tag only)",Tanu Medical Agency,firm named in tags of raid report,Agra (per drugscontrol.org article tag; article b…,UP-2026-06-agra-fsda-followups,"Ongoing. Raids (Agra, 24 Feb 2026 per drugscontrol.org): 20 of 30 identified firms/warehouses in Fuwara drug…",2026-07-24,https://drugscontrol.org/news-detail.php?newsid=44340
"State-list entries expressly described as spurious: Geenac Pharma, Roorkee, Uttarakhand; Athens Life Sciences…",person not reported,,New Delhi (DTL Delhi); Kolkata (CDL); Baddi / Nal…,CDSCO-2026-08-alert,Under investigation (manufacturer of TELMA AM batch 18230791 listed as 'Under Investigation'; CDSCO: matter '…,2026-09-22,https://aninews.in/news/national/general-news/central-drugs-laboratories-flags-220-drug-samples-as-nsq-in-august-one-spurious-drug-identified-in-delhi20260922093319/
"M/s. Teedeecol (India), Hari Om Complex, Behind Sri Krishna Goshala, Bangali Para, Jharsuguda-768201, Odisha…",person not reported,,Bhubaneswar (State Drugs Testing & Research Labor…,OD-2025-2026-sdtrl-bhubaneswar-nsq-roundup,51 NSQ batches reported by the Odisha state lab (SDT&RL/SFTRL Bhubaneswar) in the CDSCO monthly tables Oct-20…,2025-10 to 2026-08,https://cdscoonline.gov.in/CDSCO/filteredNsqDrugTable?month=Oct-2025&source=All&tab=nsq
TELMA AM batch 18230791: manufacturer 'Under Investigation' (label-claim manufacturer informed CDSCO it did n…,person not reported,,New Delhi (DTL Delhi); Kolkata (CDL); Baddi / Nal…,CDSCO-2026-08-alert,Under investigation (manufacturer of TELMA AM batch 18230791 listed as 'Under Investigation'; CDSCO: matter '…,2026-09-22,https://aninews.in/news/national/general-news/central-drugs-laboratories-flags-220-drug-samples-as-nsq-in-august-one-spurious-drug-identified-in-delhi20260922093319/
"Ten Cafe (Coffee House), Motibagh / Subhash Stadium, Raipur (venue of the sting meeting, about 200 m from Net…",Sanjay Kumar Netam,"Assistant Drugs Controller (Sahayak Aushadhi Niyantrak), Raipur - suspended 2026-02-11; E…",Raipur,CG-2026-02-adc-netam-suspended,Sanjay Kumar Netam suspended with immediate effect (order reported 11-Feb-2026); headquarters during suspensi…,2026-02-11,https://drugscontrol.org/news-detail.php?newsid=44253
Sterimed Medical Devices Pvt. Ltd. - product ban - location not reported,person not reported,,Jaipur (RMSC HQ),RJ-2025-11-rmscl-7-firms-40-drugs-blacklist,7 firms debarred in FY2025-26 (5 for five years for supplying substandard/adulterated medicines; 2 for three…,2025-11-20,https://medicaldialogues.in/news/industry/pharma/rajasthan-medical-services-corp-bans-7-pharma-firms-40-drugs-over-quality-concerns-159266
"Sterisafe Health Solutions, Bapi, Rajasthan (disposable syringe, sterility failure)",person not reported,,"national (manufacturers in Himachal Pradesh, Guja…",CDSCO-2026-06-alert,Monthly NSQ/spurious alert for June 2026 published (reported 22 Jul 2026 and 31 Jul 2026). Officials said the…,2026-06,https://www.freepressjournal.in/mumbai/cdsco-flags-159-substandard-drug-samples-as-nsq-including-14-linked-to-maharashtra
"M/s. Thaiger Pharma, Not Mentioned (label on May-2025 state-lab NSQ anabolic injections incl. DEXADUR batch T…",person not reported,,not reported (testing labs: CDL Kolkata; RDTL Cha…,CDSCO-2025-07-alert,"ongoing - CDSCO remark on each row: 'The product is purported to be spurious, however, the same is subject to…",2025-07,https://medicaldialogues.in/news/industry/pharma/cdsco/cdsco-flags-8-batches-of-spurious-medicines-including-popular-brands-augmentin-pan-40-154210
"M/s The Caffeine Shop, ground floor, Raj Residency, Siddartha Nagar, Vijayawada (unlicensed seller supplying…",Sameer Ali Khan,arrested for stocking 45 varieties of drugs with labels without valid drugs licence; sect…,"Ground floor, Raj Residency, Siddartha Nagar, Vij…",AP-2025-03-vijayawada-caffeine-shop-steroids,"Sameer Ali Khan arrested and remanded to 14 days judicial custody; samples sent to Central Drugs Lab, Kolkata…",2025-03-27,https://www.deccanchronicle.com/southern-states/andhra-pradesh/andhra-pradesh-dca-officials-seize-45-varieties-of-spurious-drugs-1869399
Themis Medicare (UNVERIFIED - sources unreachable),person not reported,,Bihar; national,CDSCO-2025-04-alert,Under investigation (as originally recorded; no status update could be retrieved on 2026-10-07 - all sources…,2025-04,https://medicaldialogues.in/news/industry/pharma/cdsco/cdsco-flags-nandrolone-injection-as-possibly-spurious-after-bihar-testing-batch-under-investigation-148817
"Themis Medicare Ltd., Goregaon West, Mumbai / Talegaon plant - 1 entry Apr-2025; Aug-2026 Bupivacaine HCl in…",person not reported,,"Baddi, Kala Amb, Paonta Sahib, Roorkee, Haridwar",CDSCO-2025-2026-synthesis-repeat-offenders,Ongoing investigations (CDSCO remark on every spurious entry: 'subject to outcome of investigation'). July-20…,2026-09,https://thehealthmaster.com/drug-alert-nsq-drugs-lists/
"Themis Medicare Ltd., Nashik, Maharashtra",person not reported,,New Delhi (DTL Delhi); Kolkata (CDL); Baddi / Nal…,CDSCO-2026-08-alert,Under investigation (manufacturer of TELMA AM batch 18230791 listed as 'Under Investigation'; CDSCO: matter '…,2026-09-22,https://aninews.in/news/national/general-news/central-drugs-laboratories-flags-220-drug-samples-as-nsq-in-august-one-spurious-drug-identified-in-delhi20260922093319/
Theon Pharmaceuticals (city not reported),person not reported,,statewide (reported from Thiruvananthapuram),KL-2025-12-17-faulty-medicines-blocked,Sale of the listed batches banned/restricted in Kerala after failing state-level quality analysis; broader in…,2025-12-10,https://medicaldialogues.in/news/industry/pharma/kerala-blocks-17-faulty-medicines-including-rabeprazole-ciprofloxacin-after-counterfeit-seizure-160392
"Tidal Laboratories Pvt. Ltd., Bilaspur, HP",person not reported,,New Delhi (DTL Delhi); Kolkata (CDL); Baddi / Nal…,CDSCO-2026-08-alert,Under investigation (manufacturer of TELMA AM batch 18230791 listed as 'Under Investigation'; CDSCO: matter '…,2026-09-22,https://aninews.in/news/national/general-news/central-drugs-laboratories-flags-220-drug-samples-as-nsq-in-august-one-spurious-drug-identified-in-delhi20260922093319/
Times Medicament Pvt. Ltd. (shifted premises without approval; Mounjaro injection billing irregularities; med…,person not reported,,"Ahmedabad, Vadodara, Savli, Ankleshwar",GJ-2026-05-fdca-coordinated-raids,Amico Formulation LLP manufacturing licence suspended with immediate effect; M/s AEDMAX Lifecare licence susp…,2026-05,https://english.gujaratsamachar.com/news/gujarat/1-21-cr-rs-worth-suspicious-drugs-seized-from-ahmedabad-pharma-unit-93573142389.html
Titanium Technologies (India) Pvt. Ltd. - product ban - location not reported,person not reported,,Jaipur (RMSC HQ),RJ-2025-11-rmscl-7-firms-40-drugs-blacklist,7 firms debarred in FY2025-26 (5 for five years for supplying substandard/adulterated medicines; 2 for three…,2025-11-20,https://medicaldialogues.in/news/industry/pharma/rajasthan-medical-services-corp-bans-7-pharma-firms-40-drugs-over-quality-concerns-159266
"Tiwari Medical Agencies, Dehradun (fictitious distributor)",person not reported,,"Kala Amb (Sirmaur, HP); Ambala; Chandigarh; Jodhp…",HP-2025-11-digital-vision-pharma,"Ongoing. NCB case: 15 arrested as of 2025-11-30 (The Tribune), 17 arrested per TNM/Newslaundry 2026-04-13; pa…",2025-11,https://www.thenewsminute.com/news/16-kids-dead-a-rs-574-cr-racket-the-pharma-group-the-system-refuses-to-stop
"Torrent Pharmaceuticals Ltd, Gangtok, Sikkim",person not reported,,"national (manufacturers in Himachal Pradesh, Guja…",CDSCO-2026-06-alert,Monthly NSQ/spurious alert for June 2026 published (reported 22 Jul 2026 and 31 Jul 2026). Officials said the…,2026-06,https://www.freepressjournal.in/mumbai/cdsco-flags-159-substandard-drug-samples-as-nsq-including-14-linked-to-maharashtra
"Torrent Pharmaceuticals Ltd. 32 No. Middle Camp NH-10 East District Gangtok, Sikkim 737135 (brand owner / lab…",person not reported,,"Kolkata (CDL), Mumbai (FDAL Maharashtra), Vadodar…",MH-2025-chymoral-forte-spurious-batches,"ongoing - all six 2KU6L-series batches carry the CDSCO remark 'The product is purported to be spurious, howev…",2025-10 to 2026-01 (spurious…,https://raw.githubusercontent.com/ankithsurapani/medcheck/main/analysis/dataset/medcheck_nsq_records.csv
"Torrent Pharmaceuticals Ltd. 32 No. Middle Camp NH-10 East District Gangtok, Sikkim 737135 (label claim on Tr…",person not reported,,Multiple,CDSCO-2025-2026-other-brand-copy-batches-spurious-tab,Under investigation per CDSCO: every Spurious-tab row carries the remark 'The product is purported to be spur…,2025-01 to 2026-07,https://cdscoonline.gov.in/CDSCO/filteredSpuriousDrugTable?month=Oct-2025&source=All&tab=spurious
"Torrent Pharmaceuticals Ltd., 32 No. Middle Camp, NH-10, East District, Gangtok, Sikkim - labelled maker of C…",person not reported,,"Baddi, Kala Amb, Paonta Sahib, Roorkee, Haridwar",CDSCO-2025-2026-synthesis-repeat-offenders,Ongoing investigations (CDSCO remark on every spurious entry: 'subject to outcome of investigation'). July-20…,2026-09,https://thehealthmaster.com/drug-alert-nsq-drugs-lists/
"TPD Associates, Peenya, Bengaluru, Karnataka (NSQ Amoxycillin Tablets IP batch CT2193, reported by SDTL Raipu…",person not reported,,Raipur,CDSCO-2025-09-alert,Under investigation: CDSCO spurious-drug table (SEP-2025) lists manufacturer as 'Under Investigation' with re…,2025-09,https://medicaldialogues.in/news/industry/pharma/cdsco-flags-besto-cof-cough-syrup-as-spurious-raipur-drug-lab-claims-batch-not-made-by-listed-firm-157457
"Strausswell Organics, VPO Bhud, Baddi, Dist. Solan, HP (173205) - Aug-2026",person not reported,,Bhubaneswar (State Drugs Testing & Research Labor…,OD-2025-2026-sdtrl-bhubaneswar-nsq-roundup,51 NSQ batches reported by the Odisha state lab (SDT&RL/SFTRL Bhubaneswar) in the CDSCO monthly tables Oct-20…,2025-10 to 2026-08,https://cdscoonline.gov.in/CDSCO/filteredNsqDrugTable?month=Oct-2025&source=All&tab=nsq
"Tridus Remedies, Industrial Area, Hajipur, Vaishali, Bihar (NSQ, genuine manufacturer)",person not reported,,West Bengal (CDL Kolkata and West Bengal State La…,CDSCO-2026-01-alert,Under investigation: all three spurious batches carry the CDSCO remark 'The product is purported to be spurio…,2026-01,https://medicaldialogues.in/news/industry/pharma/azithromycin-ofloxacin-combos-among-3-drug-batches-flagged-as-purportedly-spurious-by-cdsco-165368
"Tridus Remedies, Plot No. D-42, D-43, Phase-II, Industrial Area, Hajipur, Vaishali-844102, Bihar",person not reported,,"Patna, Hajipur (Hazipur), Barauni, Muzaffarpur, F…",BR-2025-2026-bihar-manufacturers-nsq-injectables-syrups,"NSQ declarations only (plus two SPURIOUS declarations against New Lab Industry, Patna, Jan-2025); licence act…",2025-01 to 2026-06,https://cdscoonline.gov.in/CDSCO/filteredNsqDrugTable?month=Jan-2025&source=All&tab=nsq
two Amazon-linked warehouses/facilities,person not reported,,Bengaluru,KA-2026-09-amazon-facilities-medicines-without-licence,Seized; part of Karnataka's post-Bidadi enforcement drive; low relevance to counterfeit question,2026-09,https://www.medianama.com/2026/09/223-amazon-medicines-seized-karnataka-drug-licence/
Two drug manufacturing units ordered closed (names not disclosed),person not reported,,Gandhinagar (statewide); counterfeit-drug raids i…,GJ-2026-09-fdca-50-licences,August 2026 action reviewed on 2 Sept 2026: sales licences of 50 drug firms cancelled; closure orders for two…,2026-09-02,https://bilkulonline.com/2026/09/02/gujarat-fdca-cancels-licences-of-50-drug-firms-seizes-42988-kg-of-suspected-food-products/
Two Indore-based distributors (names not disclosed) - Indore,person not reported,,Mira Road / Bhayandar (Mira Bhayandar Municipal C…,MH-2025-mira-bhayandar-placeholder,"FIR registered; no arrests as of 14 April 2022; Navghar police investigating. No later status (chargesheet, b…",2022-04-14,https://www.freepressjournal.in/mumbai/mira-bhyandar-thane-unit-of-fda-books-trio-for-supplying-spurious-medicines-to-mbmc-hospital
Two unnamed firms from Maharashtra (invoices for four batches in Shri Medical Agency ledger),Anshul Gupta,"Son of Surendra Gupta; present at raid; disclosed ~7,000 strips procured over past year",Agra,UP-2026-05-agra-fsda-18-stores,"Kingpin Surendra Gupta (Shri Medical Agency, Kambutola) arrested by Kotwali police from his residence on Satu…",2026-05-21,https://drugscontrol.org/news-detail.php?newsid=44996
Two unnamed firms from Maharashtra (invoices for four batches in Shri Medical Agency ledger),Surendra Kumar Gupta (Surendra Gupta),"Partner; kingpin of fake Oxalgin-DP syndicate; sent packaging photos (batch no., mfg/expi…","Kamtoola/Kambutola, Fuwara market; resident Amita…",UP-2026-05-agra-fsda-18-stores,"Kingpin Surendra Gupta (Shri Medical Agency, Kambutola) arrested by Kotwali police from his residence on Satu…",2026-05-21,https://drugscontrol.org/news-detail.php?newsid=44996
"two unnamed pharmaceutical manufacturing firms at Kala Amb and Parwanoo, Himachal Pradesh, which had purchase…",person not reported,,"Paonta Sahib, Sirmaur",HP-2025-07-paonta-manglam-pharma-api,Owner Kewal Krishan arrested (Sec 17(B) D&C Act); two more arrests by regulators in Uttarakhand; samples of b…,2025-07-03,https://medicaldialogues.in/news/industry/pharma/cdsco-himachal-drug-authority-bust-fake-drug-racket-in-paonta-sahib-151330
Two unnamed Uttarakhand-based pharmaceutical manufacturers (co-accused in NCB case),person not reported,,"Kala Amb (Sirmaur, HP); Ambala; Chandigarh; Jodhp…",HP-2025-11-digital-vision-pharma,"Ongoing. NCB case: 15 arrested as of 2025-11-30 (The Tribune), 17 arrested per TNM/Newslaundry 2026-04-13; pa…",2025-11,https://www.thenewsminute.com/news/16-kids-dead-a-rs-574-cr-racket-the-pharma-group-the-system-refuses-to-stop
"Ultra Drugs Pvt. Ltd. (Unit-II), HS No. 211, K. No. 77/1, 78/1, Katha, Baddi, Distt. Solan (HP)-173205 - May-…",person not reported,,Bhubaneswar (State Drugs Testing & Research Labor…,OD-2025-2026-sdtrl-bhubaneswar-nsq-roundup,51 NSQ batches reported by the Odisha state lab (SDT&RL/SFTRL Bhubaneswar) in the CDSCO monthly tables Oct-20…,2025-10 to 2026-08,https://cdscoonline.gov.in/CDSCO/filteredNsqDrugTable?month=Oct-2025&source=All&tab=nsq
"Ultra Drugs Pvt. Ltd. (Unit-II), Vill. Katha, Baddi, Distt. Solan (H.P.) 173205",person not reported,,Kathua and Srinagar (Modern Drug Testing Laborato…,JK-2025-2026-kathua-srinagar-nsq-roundup-hospital-injectables,"NSQ declarations in CDSCO monthly alerts; one SPURIOUS declaration (R Zara-DSR Capsules, Apr-2026, MDTL Kathu…",2025-05 to 2026-08,https://cdscoonline.gov.in/CDSCO/filteredNsqDrugTable?month=May-2025&source=All&tab=nsq
"Ultra Drugs Pvt. Ltd., Baddi, HP (Amikacin)",person not reported,,New Delhi (DTL Delhi); Kolkata (CDL); Baddi / Nal…,CDSCO-2026-08-alert,Under investigation (manufacturer of TELMA AM batch 18230791 listed as 'Under Investigation'; CDSCO: matter '…,2026-09-22,https://aninews.in/news/national/general-news/central-drugs-laboratories-flags-220-drug-samples-as-nsq-in-august-one-spurious-drug-identified-in-delhi20260922093319/
"M/s. Ultra Laboratories Pvt. Ltd., Pharmaceuticals SEZ, KIADB Industrial Estate, Hassan, Karnataka-573201 (NS…",person not reported,,Bihar (samples drawn); West Bengal (tested at CDL…,CDSCO-2025-05-alert,"CDSCO: 'The product is purported to be spurious, however, the same is subject to outcome of investigation' (u…",2025-06-20,https://thesouthfirst.com/health/telma-40-found-fake-again-manufacturer-denies-producing-counterfeit-batch/
"Ultra Laboratories Pvt. Ltd., Plot No.102-B & 102-B (P-1), Pharmaceuticals SEZ, KIADB Industrial Estate, Hass…",Umesh S (Dr Umesh S / K Umesh),Karnataka State Drugs Controller - suspended 30 Nov 2024 for dereliction of duty (not pro…,"Bengaluru, Karnataka",KA-2024-11-ballari-ringer-lactate,Karnataka: CM Siddaramaiah on 30 Nov 2024 ordered suspension of State Drugs Controller Umesh S (Dr Umesh S) f…,2024-11,https://theprint.in/india/karnataka-govt-asks-dcgi-to-probe-ringer-lactate-firm-after-maternal-deaths/2385582/amp/
"Ultra Laboratories, Hassan (Karnataka)",B P Arun,"Deputy Drugs Controller (issuing official, not accused)",Karnataka,KA-2025-06-fsda-nsq-14-drugs,Do-not-use / stop-stocking directive issued 2025-06-25; public urged not to use; minister warned of strict ac…,2025-06-25,https://theprint.in/india/karnataka-govt-flags-14-substandard-drugs-tells-chemists-docs-public-to-avoid-them/2670281/
Mumbai-based marketing firm (name not reported) - marketed Welcure adenosine injection,M/s Welcure Remedies,manufacturer; adenosine injection batch WADG25002A declared spurious by CDTL Mumbai; stop…,"Kala Amb, Himachal Pradesh",HP-2025-nurpur-kala-amb-stop-orders,"Nurpur: 23,500 injections seized on 2025-08-18, samples sent for laboratory testing, case registered under Se…","2025-08-18 (Nurpur raid, 'Mon…",https://www.tribuneindia.com/news/himachal/pharma-unit-defies-ban-23500-injections-seized-in-nurpur-raid/amp
Sun Pharma (genuine manufacturer whose brand was copied; not accused),person not reported,,Hyderabad (exact location not in snippet),TS-2025-06-hyderabad-rosuvas-counterfeit,Seized; DCA public advisory on spurious drugs issued (dca.telangana.gov.in record ID 264). Earlier (Dec 2023-…,2025-06-19,https://www.medstown.com/sun-pharma-counterfeit-seizure-2026-official-dca-batch-numbers-safety-guide/
Sun Pharma (genuine manufacturer; complainant - not accused),person not reported,,Puducherry (manufacturing unit at Thiruphuvanai P…,PY-2025-11-medinoc-raja-lupin-counterfeit-cbi,"CBI investigation ongoing. Original case: 26 persons (incl. 4 women) arrested by Puducherry police/SIT, inclu…",2025-11-12,https://medicaldialogues.in/news/industry/pharma/counterfeit-drug-racket-using-lupin-brand-busted-in-puducherry-fir-filed-160639
Sun Pharma (name falsely used on spurious Ursodeoxycholic Acid 300 mg batch GTF3302A tested at Raipur state l…,person not reported,,New Delhi (CDSCO HQ); Kolkata / Guwahati (reporti…,CDSCO-2026-02-alert,"Ongoing investigation. All 4 Feb-2026 entries carry CDSCO remark: 'The product is purported to be spurious, h…",2026-02,https://medicaldialogues.in/news/industry/pharma/cdsco/cdsco-flags-4-drug-batches-as-suspected-spurious-in-february-2026-alert-167128
Sun Pharma Laboratories Ltd (brand owner of Rosuvas; denied manufacturing),person not reported,,Hyderabad (exact location not in snippet),TS-2025-06-hyderabad-rosuvas-counterfeit,Seized; DCA public advisory on spurious drugs issued (dca.telangana.gov.in record ID 264). Earlier (Dec 2023-…,2025-06-19,https://www.medstown.com/sun-pharma-counterfeit-seizure-2026-official-dca-batch-numbers-safety-guide/
Unauthorised manufacturer using another company's brand name for Buprenorphine Injection I.P. 2ml LM1888 (not…,person not reported,,Kolkata (CDL); New Delhi (CDSCO),CDSCO-2026-07-alert,July 2026 alert (published 21 Aug 2026): 40 samples NSQ by CDSCO central labs; state-lab count reported diffe…,2026-08-21,https://www.etvbharat.com/en/bharat/cdsco-flags-280-drug-samples-as-nsq-or-spurious-in-july-enn26082107816
"Unicure India Ltd, C-21, 22 & 23, Sector-3, Noida-201301 (UP) (batch PCT1208 Mkt by Pharmaceuticals and Medic…",person not reported,,Kathua and Srinagar (Modern Drug Testing Laborato…,JK-2025-2026-kathua-srinagar-nsq-roundup-hospital-injectables,"NSQ declarations in CDSCO monthly alerts; one SPURIOUS declaration (R Zara-DSR Capsules, Apr-2026, MDTL Kathu…",2025-05 to 2026-08,https://cdscoonline.gov.in/CDSCO/filteredNsqDrugTable?month=May-2025&source=All&tab=nsq
Unicure India Ltd. (search-result title lists it as a manufacturer from Noida; page not opened),person not reported,,Bhopal (MPPHSCL); Raipur (CGMSC),MP-CG-2026-05-mpphscl-unicure-lactulose-blacklist,Blacklisted by MPPHSCL on 2026-05-08; CGMSC blocked the firm's rate contract for the product per tender rules…,2026-05-08,https://thechhattisgarh.com/india/chhattisgarh/drug-procurement-and-supply-process-is-fully-based-on-quality-standards-cgmsc/
"Unicure India Ltd., C-21, 22 & 23, Sector-3, Noida-201301 Distt.: Gautam Budh Nagar (U.P.)",person not reported,,Bidar (Bidar Circle-ADC2 sample) and Bengaluru (B…,KA-2026-09-nsq-cipro-ringer,NSQ alert published on KSPC DIRC listing (Cipro CPT1305 NSQ date 30-Sep-2026; RL P2605F048 NSQ date 29-Sep-20…,2026-09-30,https://www.kspcdic.com/
"Unicure India Ltd., Noida, UP (Vildagliptin; also azithromycin suspension and folic acid in state list)",person not reported,,New Delhi (DTL Delhi); Kolkata (CDL); Baddi / Nal…,CDSCO-2026-08-alert,Under investigation (manufacturer of TELMA AM batch 18230791 listed as 'Under Investigation'; CDSCO: matter '…,2026-09-22,https://aninews.in/news/national/general-news/central-drugs-laboratories-flags-220-drug-samples-as-nsq-in-august-one-spurious-drug-identified-in-delhi20260922093319/
"Unital Pharmaceutical, Chandigarh (Rajkumar Mishra)","Rajkumar Mishra (also 'Rajukumar Mishra', 'Raju Mishra')",alleged source/manufacturer of the fake Alburel per Khan's confession; named in Nagpur Sh…,Chandigarh,MH-2026-04-nagpur-alburel-albumin,Market Yard case: Ritesh Rohidas Thombre and Mohd. Danish Khan detained 2025-09-16 and remanded to five days'…,2026-04-25,https://www.mypunepulse.com/pune-gangadham-area-medical-store-caught-for-selling-fake-alburel-injections-worth-%E2%82%B94-5-lakh-by-fda/
unknown counterfeiters (CDSCO lists manufacturer as 'Under Investigation'); brand owners listed as original_m…,person not reported,,"Baddi, Kala Amb, Paonta Sahib, Roorkee, Haridwar",CDSCO-2025-2026-synthesis-repeat-offenders,Ongoing investigations (CDSCO remark on every spurious entry: 'subject to outcome of investigation'). July-20…,2026-09,https://thehealthmaster.com/drug-alert-nsq-drugs-lists/
Unknown counterfeiters - CDSCO manufacturer column reads 'Under Investigation' (label-claim manufacturer: Tor…,person not reported,,"Kolkata (CDL), Mumbai (FDAL Maharashtra), Vadodar…",MH-2025-chymoral-forte-spurious-batches,"ongoing - all six 2KU6L-series batches carry the CDSCO remark 'The product is purported to be spurious, howev…",2025-10 to 2026-01 (spurious…,https://raw.githubusercontent.com/ankithsurapani/medcheck/main/analysis/dataset/medcheck_nsq_records.csv
"unlicensed fake medicine factory in a rented house at Devipur New Highway Road, Paruwal, East Hope Town, Dehr…",Gaurav Tyagi,"factory operator; named in FIR, not arrested","Roorkee, Haridwar",UK-2026-07-dehradun-devi-pur-fake-factory,"2 arrested: Rajendra Singh alias Arun Tunda (arrested 22 July 2026 near KW Mall, Raj Nagar Extension, Ghaziab…",2026-07-22,https://www.etvbharat.com/en/state/fake-medicines-worth-rs-5-7-crore-seized-from-dehradun-factory-enn26072302950
"unlicensed fake medicine factory in a rented house at Devipur New Highway Road, Paruwal, East Hope Town, Dehr…",Rajendra Singh alias Arun Tunda,factory operator / main supplier-distributor of gang; arrested 22 July 2026 at Ghaziabad…,"Roorkee, Haridwar / Ghaziabad",UK-2026-07-dehradun-devi-pur-fake-factory,"2 arrested: Rajendra Singh alias Arun Tunda (arrested 22 July 2026 near KW Mall, Raj Nagar Extension, Ghaziab…",2026-07-22,https://www.etvbharat.com/en/state/fake-medicines-worth-rs-5-7-crore-seized-from-dehradun-factory-enn26072302950
"unlicensed fake medicine factory in a rented house at Devipur New Highway Road, Paruwal, East Hope Town, Dehr…",Vinay Chand,house owner and associate; arrested (Newstrack spells 'Vinay Chandra'),Dehradun,UK-2026-07-dehradun-devi-pur-fake-factory,"2 arrested: Rajendra Singh alias Arun Tunda (arrested 22 July 2026 near KW Mall, Raj Nagar Extension, Ghaziab…",2026-07-22,https://www.etvbharat.com/en/state/fake-medicines-worth-rs-5-7-crore-seized-from-dehradun-factory-enn26072302950
"unlicensed fake medicine factory in a rented house at Devipur New Highway Road, Paruwal, East Hope Town, Dehr…",Vipin Bhatnagar,"co-factory operator; named in FIR, not arrested (Newstrack spells 'Vinay Bhatnagar')","Dehradun (Devipur New Highway Road, Paruwal/Parwa…",UK-2026-07-dehradun-devi-pur-fake-factory,"2 arrested: Rajendra Singh alias Arun Tunda (arrested 22 July 2026 near KW Mall, Raj Nagar Extension, Ghaziab…",2026-07-22,https://www.etvbharat.com/en/state/fake-medicines-worth-rs-5-7-crore-seized-from-dehradun-factory-enn26072302950
"Unlicensed manufacturing site at Bhagwanpur, Haridwar",person not reported,,Dehradun (case registered) / Bhagwanpur and Roork…,UK-2026-05-roorkee-sk-healthcare,"2 arrested (Jatin Saini, Gaurav Tyagi); Kotdwar unit M/s Nectar Herbs and Drugs sealed on 23 May 2026 (licenc…",2026-05-22,https://medicaldialogues.in/news/industry/pharma/fake-cancer-bp-drugs-sold-via-facebook-at-50-discount-stf-busts-illegal-pharma-unit-in-roorkee-171503
Unlicensed manufacturing unit in Gaya district (name not reported),person not reported,,Gaya; near Patna (Masaurhi belt),BR-2026-02-delhi-antf-bihar-fake-factories-gaya-patna,Nine arrests in total across the Bihar factories (second and third busts within a week); unit had no manufact…,2026-02-23 to 2026-02-24,https://www.tmv.in/article/delhi-police-bust-fake-drug-factory-near-patna-nine-arrested-drugs-worth-5-crore-seized-date=2026-02-24
Unlicensed manufacturing unit near Patna (name not reported),person not reported,,Gaya; near Patna (Masaurhi belt),BR-2026-02-delhi-antf-bihar-fake-factories-gaya-patna,Nine arrests in total across the Bihar factories (second and third busts within a week); unit had no manufact…,2026-02-23 to 2026-02-24,https://www.tmv.in/article/delhi-police-bust-fake-drug-factory-near-patna-nine-arrested-drugs-worth-5-crore-seized-date=2026-02-24
"Unlicensed manufacturing unit, Meerpur Hindu (Mirpur Hindu) village, Loni, Ghaziabad",Gaurav Bhagat,"manufacturer; Class 8 dropout who learnt cream-making from YouTube videos, bought machine…","Ghaziabad, Uttar Pradesh",DL-2025-12-ghaziabad-betnovate-factory,"3 arrested: Gaurav Bhagat and Shree Ram alias Vishal Gupta (arrested around 13-14 Dec 2025), and alleged king…",2025-12-14,https://www.newsonair.gov.in/delhi-police-crime-branch-busts-counterfeit-medicine-factory-in-ghaziabad
"Unlicensed manufacturing unit, Meerpur Hindu (Mirpur Hindu) village, Loni, Ghaziabad",Pramod Kumar Gupta,alleged mastermind/kingpin and supplier; ran illegal unit producing spurious Betnovate-C…,"Bijwasan, southwest Delhi",DL-2025-12-ghaziabad-betnovate-factory,"3 arrested: Gaurav Bhagat and Shree Ram alias Vishal Gupta (arrested around 13-14 Dec 2025), and alleged king…",2025-12-14,https://www.newsonair.gov.in/delhi-police-crime-branch-busts-counterfeit-medicine-factory-in-ghaziabad
"Unlicensed medical shop run by Mallarapu Akhil, Choppadandi village, Choppadandi Mandal, Karimnagar district…",Aslam Bin Salam Bajaber,Was stocking and selling medicines without a valid drug licence,"Chandrayangutta, Hyderabad",TS-2026-06-karimnagar-choppadandi-unlicensed-shop,Stocks seized; samples lifted for analysis; further investigation ongoing; action to be taken as per law unde…,2026-06-10,https://medicaldialogues.in/news/industry/pharma/telangana-dca-cracks-down-on-illegal-medicine-sale-seizes-11-drug-varieties-175530
"Unlicensed medical shop run by Mallarapu Akhil, Choppadandi village, Choppadandi Mandal, Karimnagar district…",Mallarapu Akhil,Was running a medical shop illegally without a drug licence,"Choppadandi village, Choppadandi Mandal, Karimnag…",TS-2026-06-karimnagar-choppadandi-unlicensed-shop,Stocks seized; samples lifted for analysis; further investigation ongoing; action to be taken as per law unde…,2026-06-10,https://medicaldialogues.in/news/industry/pharma/telangana-dca-cracks-down-on-illegal-medicine-sale-seizes-11-drug-varieties-175530
"Unlicensed medical shop run by Sarangi Naga Shiva at Allapur, Kukatpally",Sarangi Naga Shiva,ran medical shop without drug licence,"Kukatpally, Medchal-Malkajgiri",TS-2025-01-uppal-kukatpally-unlicensed-stock,Stock seized; further action under D&C Act (details not reported),2025-01-03,https://www.siasat.com/telangana-dca-raids-uncover-fake-medicines-unlicensed-clinics-3086484/
"Unlicensed premises at H. No. 18-9-9/48, Chandrayangutta, Hyderabad (raided by DCA Telangana)",Aslam Bin Salam Bajaber,Person allegedly stocking and selling medicines without a valid drug licence at H. No. 18…,"Chandrayangutta, Hyderabad, Telangana",TS-2026-tg-safe-sangareddy-habit-forming-and-11-varieties,"Ongoing: Sangareddy raid - further investigation under way, action to be taken against those responsible as p…",2026-10-01,https://www.siasat.com/tg-safe-seizes-habit-forming-drugs-from-sangareddy-medical-shop-3551138/
"Unlicensed premises of Aslam Bin Salam Bajaber, H. No. 18-9-9/48, Chandrayangutta, Hyderabad (11 varieties, R…",Aslam Bin Salam Bajaber,Was stocking and selling medicines without a valid drug licence,"Chandrayangutta, Hyderabad",TS-2026-06-karimnagar-choppadandi-unlicensed-shop,Stocks seized; samples lifted for analysis; further investigation ongoing; action to be taken as per law unde…,2026-06-10,https://medicaldialogues.in/news/industry/pharma/telangana-dca-cracks-down-on-illegal-medicine-sale-seizes-11-drug-varieties-175530
"Unlicensed premises of Aslam Bin Salam Bajaber, H. No. 18-9-9/48, Chandrayangutta, Hyderabad (11 varieties, R…",Mallarapu Akhil,Was running a medical shop illegally without a drug licence,"Choppadandi village, Choppadandi Mandal, Karimnag…",TS-2026-06-karimnagar-choppadandi-unlicensed-shop,Stocks seized; samples lifted for analysis; further investigation ongoing; action to be taken as per law unde…,2026-06-10,https://medicaldialogues.in/news/industry/pharma/telangana-dca-cracks-down-on-illegal-medicine-sale-seizes-11-drug-varieties-175530
"Unlicensed premises/clinic of Siddi Sridhar, Tukaramgate, East Marredpally, Secunderabad",Siddi Sridhar,owner of the unlicensed premises/clinic stocking medicines for sale without a drug licence,"Tukaramgate, East Marredpally, Secunderabad",TS-2025-Q1-secunderabad-tukaramgate-musheerabad-raids,"Tukaramgate (2025-01-24): stock worth Rs 2.2 lakh seized, samples lifted for analysis, DCA said further inves…","2025-01-24 (Tukaramgate raid,…",https://www.siasat.com/telangana-dca-seizes-rs-2-2l-worth-of-illegal-medicines-in-tukaramgate-raid-3170404/
"Unlicensed repacking/relabelling farmhouse unit, Hejjala near Bidadi toll gate / Dodderi (Kurubarakeranahalli…",Four persons arrested at the Bidadi farmhouse on 18 Aug 2026 (names n…,Operators of the unlicensed repacking/relabelling unit,Bidadi,KA-2026-08-bidadi-krupa,Ongoing. Verified this pass: Veeresh Kumar Jain (Krupa Healthcare owner) arrested 12 Sep 2026 and remanded to…,2026-08-18,https://raw.githubusercontent.com/songjen/india-pharma-report/main/reports/India_Pharma_Daily_20260820.md
"Unlicensed residential premises/relabelling unit: Flat No. 20/7, Indra Vikas, Second Floor, Mukherjee Nagar,…",Manoj Kumar Jain (56),alleged kingpin/mastermind; ran the relabelling-repackaging unit; arrested at the premise…,"Mukherjee Nagar, Delhi",DL-2026-04-abhayrab-rabies-vaccine,4 arrested (Manoj Kumar Jain apprehended at the premises on 22 Apr 2026; three associates in follow-up action…,2026-04-22,https://www.tribuneindia.com/news/delhi/inter-state-spurious-medicine-racket-unearthed-4-nabbed/
"Unlicensed shop, first floor E-24, Manhar Nagar Shopping Centre, Ahmedabad (stock worth about Rs 40 lakh seiz…",Dharmeshbhai Jayantilal Sathwara,alleged to have stored medicines worth about Rs 40 lakh without the required licence for…,Ahmedabad,GJ-2026-05-fdca-coordinated-raids,Amico Formulation LLP manufacturing licence suspended with immediate effect; M/s AEDMAX Lifecare licence susp…,2026-05,https://english.gujaratsamachar.com/news/gujarat/1-21-cr-rs-worth-suspicious-drugs-seized-from-ahmedabad-pharma-unit-93573142389.html
"Sunlife Sciences, Manglour, Roorkee, Distt. Haridwar (U.K.)",person not reported,,"national (manufacturers in Himachal Pradesh, Guja…",CDSCO-2026-06-alert,Monthly NSQ/spurious alert for June 2026 published (reported 22 Jul 2026 and 31 Jul 2026). Officials said the…,2026-06,https://www.freepressjournal.in/mumbai/cdsco-flags-159-substandard-drug-samples-as-nsq-including-14-linked-to-maharashtra
"unnamed Bihar-based pharmaceutical company claimed by Upadhyay as source of 6,000 strips (invoice found fabri…",person not reported,,"Dombivli East (Thane district; Manpada police, Th…",MH-2026-02-thane-telma-am,Two arrested (Pankaj Upadhyay taken into custody after FIR; Vivek Rai arrested 2026-02-16). Upadhyay claimed…,2026-01-20 (FDA raid at Shri…,https://medicaldialogues.in/news/industry/pharma/fake-telma-am-racket-busted-in-thane-two-pharma-distributors-arrested-165020
"Unnamed factory at Roshan Baug-Faizan Compound, Bhiwandi, Thane district",factory owner (name not disclosed),"owner of the illegal manufacturing unit at Roshan Baug-Faizan Compound, Bhiwandi","Bhiwandi, Thane district",MH-2024-thane-veterinary,FIR registered against 5 persons (factory owner and four others who helped in supply of raw materials and sal…,2024-08-05,https://www.deccanherald.com/india/maharashtra/raw-materials-used-to-illegally-make-veterinary-medicines-seized-in-thane-5-booked-3142148
"Unnamed fake firm under whose name capsules were packed and sold (forged AYUSH/manufacturing licence), operat…",Iliyas Khan (इलियास खां),"Accused, brother of Yusuf; fled from the spot during raid; absconding","Badi Bihar, Izzatnagar, Bareilly",UP-2026-10-bareilly-fake-enhancement,"Sameeruddin and Yusuf arrested on 2026-10-06, produced in court and sent to jail (Amar Ujala 2026-10-07); Yus…",2026-10-06,https://www.amarujala.com/uttar-pradesh/bareilly/fake-enhancement-medicines-gang-busted-two-arrested-in-bareilly-2026-10-06
"Unnamed fake firm under whose name capsules were packed and sold (forged AYUSH/manufacturing licence), operat…","Sameeruddin (समीरउद्दीन / समीरुद्दीन), 24","Ringleader (सरगना); Class 8 pass; posed as doctor/hakim on calls, ran Instagram page and…","Ward 6, Devarniya, Bareilly",UP-2026-10-bareilly-fake-enhancement,"Sameeruddin and Yusuf arrested on 2026-10-06, produced in court and sent to jail (Amar Ujala 2026-10-07); Yus…",2026-10-06,https://www.amarujala.com/uttar-pradesh/bareilly/fake-enhancement-medicines-gang-busted-two-arrested-in-bareilly-2026-10-06
"Unnamed fake firm under whose name capsules were packed and sold (forged AYUSH/manufacturing licence), operat…","Yusuf (यूसुफ), 25","Accused; filling powder into empty capsules and packing at the call centre; arrested, sen…","Badi Bihar, Izzatnagar, Bareilly",UP-2026-10-bareilly-fake-enhancement,"Sameeruddin and Yusuf arrested on 2026-10-06, produced in court and sent to jail (Amar Ujala 2026-10-07); Yus…",2026-10-06,https://www.amarujala.com/uttar-pradesh/bareilly/fake-enhancement-medicines-gang-busted-two-arrested-in-bareilly-2026-10-06
"Unnamed fake manufacturing unit in Mysuru, Karnataka (source of the counterfeit inhalers)",person not reported,,"Thiruvananthapuram (Balaramapuram), Thrissur (Poo…",KL-2025-11-fake-seroflo-rotacaps-aswas-medworld,Cases registered; Drugs Controller announced cancellation of the two pharmacies' drug licences; probe into My…,2025-11-19,https://www.onmanorama.com/news/kerala/2025/11/19/fake-medicines-seized-kerala-health-minister-crackdown.html
"unnamed illegal manufacturing unit, Uttarakhand (Dehradun per Jagran)",person not reported,,"Lucknow (Aminabad, Alambagh, Bakshi Ka Talab, Kai…",UP-2026-08-fsda-multi-district,"ongoing. Lucknow: 7 FIRs against 32 persons, 2 arrests; Agra: 9 FIRs, 2 arrests; Varanasi: surgical shop oper…",2026-08-19,https://www.etvbharat.com/hi/state/illegal-medicines-worth-5-dot-43-crore-seized-in-four-districts-of-uttar-pradesh-ups26081906919
"Unnamed logistics depot at Hayathnagar (consignment from Kanpur, UP)",person not reported,,"Hayathnagar, Hyderabad",TS-2026-03-hayathnagar-sildenafil-kanpur-courier,Seized (per original search summary); UNVERIFIED - no source page could be opened in this run,2026-03,https://dca.telangana.gov.in/
"Unnamed manufacturing unit at Kamarthuba Talikhla, Habra Municipality",person not reported,,"Habra (Kamarthuba Talikhla), North 24 Parganas",WB-2025-habra-kamarthuba-fake-brand-manufacturing-unit,Owner arrested; WB subsequently wrote to Bihar and UP governments because spurious drugs seized in North 24 P…,2025 (date not confirmed in s…,https://www.thestatesman.com/bengal/spurious-drugs-seized-in-habra-in-north-24-parganas-1503436105.html
"Unnamed medical distribution agencies at Daba Gardens, Visakhapatnam",person not reported,,Visakhapatnam (Daba Gardens),AP-2026-09-visakhapatnam-dca-distributor-hospital-inspections,"Compliance inspection only (surprise raids/inspections on Thursday, 24 Sept 2026). Officials verified purchas…",2026-09-24,https://www.uniindia.com/south-india/ap-drug-control-raids/191711
"unnamed medical store, Bhatapara - Surendra Kumar",person not reported,,Raipur,CG-2026-02-adc-netam-suspended,Sanjay Kumar Netam suspended with immediate effect (order reported 11-Feb-2026); headquarters during suspensi…,2026-02-11,https://drugscontrol.org/news-detail.php?newsid=44253
"Unnamed medicine godown owned by Babbu Manna, Amta police station area, Howrah",Babbu Manna,Owner of the medicine godown (storage house); arrested on the spot,"Amta police station area, Howrah district, West B…",WB-2025-howrah-amta-godown-17-lakh-spurious,Godown owner Babbu Manna arrested on the spot; storage sealed; WBDDC said it would interrogate him and track…,2025-02-21,https://www.thestatesman.com/bengal/spurious-drugs-worth-rs-17-lakh-seized-by-state-drug-control-1503400766.html
"Unnamed medicine shop of Shailesh Kumar, Sadar thana area, Ranchi",person not reported,,Ranchi,JH-2025-02-ranchi-medicine-shop-narcotic-front,One arrested (Shailesh Kumar); raid conducted on his shop and house; large quantity of banned narcotic medici…,2025-02-03,https://www.etvbharat.com/hi/!state/ranchi-police-arrested-a-drug-smuggler-jharkhand-news-jhs25020305600
unnamed Mumbai-based marketing firm (marketed the injection; product approved only for domestic distribution…,person not reported,,Kala Amb (Sirmaur district); Tribune's June 2026…,HP-2025-baddi-adenosine-licence,"June 2026: 'stop manufacturing' order, risk-based inspection by CDSCO Baddi with state authorities found defi…",2026-06,https://www.tribuneindia.com/news/himachal/pharma-unit-loses-licence-over-spurious-cardiac-injection-in-export-consignment/
"Unnamed packing unit at Khardauni Shekhpur, Meerut (UP) - blister packing machine, compressor, change parts s…",person not reported,,"Meerut (Khardauni Shekhpur), Khekra (Baghpat), Ru…",UP-2026-meerut-fake-factory,"Named FIR/tehrir against four accused at Incholi PS, Meerut; Punjab Kesari reports 4 persons caught red-hande…",2026-07-26,https://lalluram.com/fake-medicine-racket-busted-in-meerut-baghpat-uttarakhand-6-lakh-capsules-recovered/
Unnamed Patna-based agency (Bihar) said to supply the spurious drugs (not identified in article),Babbu Manna,Owner of the medicine godown (storage house); arrested on the spot,"Amta police station area, Howrah district, West B…",WB-2025-howrah-amta-godown-17-lakh-spurious,Godown owner Babbu Manna arrested on the spot; storage sealed; WBDDC said it would interrogate him and track…,2025-02-21,https://www.thestatesman.com/bengal/spurious-drugs-worth-rs-17-lakh-seized-by-state-drug-control-1503400766.html
"unnamed pharmaceutical firm, Badgaon, Gonda",person not reported,,"Lucknow (Aminabad, Alambagh, Bakshi Ka Talab, Kai…",UP-2026-08-fsda-multi-district,"ongoing. Lucknow: 7 FIRs against 32 persons, 2 arrests; Agra: 9 FIRs, 2 arrests; Varanasi: surgical shop oper…",2026-08-19,https://www.etvbharat.com/hi/state/illegal-medicines-worth-5-dot-43-crore-seized-in-four-districts-of-uttar-pradesh-ups26081906919
"Unnamed premises at Kothapet, Uppal Mandal selling Alcium-D3 under guise of food product/nutraceutical",Sarangi Naga Shiva,ran medical shop without drug licence,"Kukatpally, Medchal-Malkajgiri",TS-2025-01-uppal-kukatpally-unlicensed-stock,Stock seized; further action under D&C Act (details not reported),2025-01-03,https://www.siasat.com/telangana-dca-raids-uncover-fake-medicines-unlicensed-clinics-3086484/
"Unnamed store, Musheerabad, Hyderabad (raided premises)",Siddi Sridhar,owner of the unlicensed premises/clinic stocking medicines for sale without a drug licence,"Tukaramgate, East Marredpally, Secunderabad",TS-2025-Q1-secunderabad-tukaramgate-musheerabad-raids,"Tukaramgate (2025-01-24): stock worth Rs 2.2 lakh seized, samples lifted for analysis, DCA said further inves…","2025-01-24 (Tukaramgate raid,…",https://www.siasat.com/telangana-dca-seizes-rs-2-2l-worth-of-illegal-medicines-in-tukaramgate-raid-3170404/
"unnamed surgical shop, Manduadih, Varanasi",unnamed surgical shop operator,"arrested on the spot; booked under BNS 277, 278, 318(4)","Manduadih, Varanasi",UP-2026-08-fsda-multi-district,"ongoing. Lucknow: 7 FIRs against 32 persons, 2 arrests; Agra: 9 FIRs, 2 arrests; Varanasi: surgical shop oper…",2026-08-19,https://www.etvbharat.com/hi/state/illegal-medicines-worth-5-dot-43-crore-seized-in-four-districts-of-uttar-pradesh-ups26081906919
"unnamed transport company, Gogaon, Raipur (consignment of suspect medicines seized)",Sanjay Kumar Netam,"Assistant Drugs Controller (Sahayak Aushadhi Niyantrak), Raipur - suspended 2026-02-11; E…",Raipur,CG-2026-02-adc-netam-suspended,Sanjay Kumar Netam suspended with immediate effect (order reported 11-Feb-2026); headquarters during suspensi…,2026-02-11,https://drugscontrol.org/news-detail.php?newsid=44253
"Unnamed unlicensed manufacturing firm at Mettupalayam Industrial Estate, Puducherry (owner Prabhakaran)",Prabhakaran (52),owner of the unlicensed manufacturing unit; arrested,"Shanmugapuram, Puducherry",PY-2026-07-mettupalayam-pregabalin-prabhakaran,Owner arrested; factory sealed; reported as the second spurious-tablet factory found in Puducherry in 2026 (S…,2026-07-13,https://thefederal.com/category/health/fake-medicine-tablet-pills-pondicherry-pudhucherry-counterfeit-250263
unnamed Uttarakhand firm from which the APIs had been pilfered (probe underway there),person not reported,,"Paonta Sahib, Sirmaur",HP-2025-07-paonta-manglam-pharma-api,Owner Kewal Krishan arrested (Sec 17(B) D&C Act); two more arrests by regulators in Uttarakhand; samples of b…,2025-07-03,https://medicaldialogues.in/news/industry/pharma/cdsco-himachal-drug-authority-bust-fake-drug-racket-in-paonta-sahib-151330
"Sunrise International Labs Ltd., Cherlapally industrial area, Hyderabad (location per search snippet of the s…",person not reported,,Hyderabad,TG-2025-09-tgmsidc-nsq-sunrise-revat-blacklist,Two manufacturers blacklisted from supplying government hospitals; affected batches reportedly recalled from…,2025-09,https://thesouthfirst.com/health/telangana-lab-flags-10-substandard-drugs-two-blacklisted-from-government-hospitals/
"Sunvet Healthcare, Sirmour (H.P.) (NSQ manufacturer)",person not reported,,"Multi-state: North Zone (RDTL Chandigarh, 4 sampl…",CDSCO-2025-12-alert,"Under investigation. CDSCO remark on every spurious entry: ""The product is purported to be spurious, however,…",2025-12,https://medicaldialogues.in/news/industry/pharma/cdsco-flags-7-batches-of-popular-medicines-as-purportedly-spurious-in-december-163217
"Sunvij Drugs Pvt. Ltd., 511, GIDC, Waghodia, Baroda-391760 (Guj.) - May-2026",person not reported,,Bhubaneswar (State Drugs Testing & Research Labor…,OD-2025-2026-sdtrl-bhubaneswar-nsq-roundup,51 NSQ batches reported by the Odisha state lab (SDT&RL/SFTRL Bhubaneswar) in the CDSCO monthly tables Oct-20…,2025-10 to 2026-08,https://cdscoonline.gov.in/CDSCO/filteredNsqDrugTable?month=Oct-2025&source=All&tab=nsq
"Super Vaishali Laboratories, R.B. Road, Bihar-823001",person not reported,,"Patna, Hajipur (Hazipur), Barauni, Muzaffarpur, F…",BR-2025-2026-bihar-manufacturers-nsq-injectables-syrups,"NSQ declarations only (plus two SPURIOUS declarations against New Lab Industry, Patna, Jan-2025); licence act…",2025-01 to 2026-06,https://cdscoonline.gov.in/CDSCO/filteredNsqDrugTable?month=Jan-2025&source=All&tab=nsq
"Supermax Drugs & Drugs Pharmaceuticals Pvt. Ltd. (Unit-II), Khasra No-322, Nanheda, Anantpur, Bhagwanpur, Roo…",person not reported,,Bhubaneswar (State Drugs Testing & Research Labor…,OD-2025-2026-sdtrl-bhubaneswar-nsq-roundup,51 NSQ batches reported by the Odisha state lab (SDT&RL/SFTRL Bhubaneswar) in the CDSCO monthly tables Oct-20…,2025-10 to 2026-08,https://cdscoonline.gov.in/CDSCO/filteredNsqDrugTable?month=Oct-2025&source=All&tab=nsq
"Upkar Pharmaceuticals - 101, Industrial Area, Gondpur, Paonta Sahib, Distt. Sirmour (H.P.)-173025 (label manu…",person not reported,,Lucknow (Lucknow Lab; also Agra Lab and Varanasi…,UP-2026-08-enoxaparin-DESDD0526-spurious-lucknow-lab,Listed as spurious in the CDSCO Aug-2026 state-lab NSQ table (all five rows carry 'Reporting Source: State La…,2026-08,https://cdscoonline.gov.in/CDSCO/viewPublicNSQDrug (Aug-2026 state-lab entries)
Supplier firms not named in snippet,person not reported,,Bhopal (statewide govt hospital supply),MP-2026-03-govt-hospital-nsq-10-fail,Reported March 2026; follow-up action not in snippet; no page could be opened to confirm status,2026-03,https://www.patrika.com/bhopal-news/fake-medicines-being-supplied-in-mps-government-hospitals-20430065
supplier/manufacturer not named,person not reported,,Nagpur / statewide,MH-2024-10-talcum-antibiotics-govt-hospitals,not reported,2024-10,https://www.deccanherald.com/india/maharashtra/talcum-powder-mixed-fake-medicines-supplied-to-government-hospitals-in-maharashtra-instead-of-antibiotics-3204953
suppliers not named on any opened page (review found 'several companies that received purchase orders from KM…,person not reported,,Thiruvananthapuram,KL-2026-09-kmscl-qc-wing,Ongoing administrative overhaul. 2026-09-10: KMSCL Quality Control wing dismantled; State Drugs Control Depar…,2026-09-10,https://www.thehindu.com/news/national/kerala/drugs-quality-control-division-at-kmscl-dismantled/article71452179.ece
"Surge Pharmaceuticals PVT LTD, Plot no- C-78, C-79, Additional MIDC, Jejuri-412303, Taluka Purandhar, Distric…",person not reported,,Bhubaneswar (State Drugs Testing & Research Labor…,OD-2025-2026-sdtrl-bhubaneswar-nsq-roundup,51 NSQ batches reported by the Odisha state lab (SDT&RL/SFTRL Bhubaneswar) in the CDSCO monthly tables Oct-20…,2025-10 to 2026-08,https://cdscoonline.gov.in/CDSCO/filteredNsqDrugTable?month=Oct-2025&source=All&tab=nsq
Ursodeoxycholic acid batches GTG2220A and GTF2281A: manufacturer 'Under Investigation',person not reported,,"Guwahati (State Drugs Testing Laboratory, Assam;…",AS-2026-04-sdtl-assam-aristo-alkem-mankind-spurious,CDSCO remark on the spurious-tab entries (B95Y032 Apr-2026; GTG2220A Feb-2026): 'The product is purported to…,2026-04,https://cdscoonline.gov.in/CDSCO/filteredNsqDrugTable?month=Apr-2026&source=All&tab=nsq
"Surya Speciality Hospital, Bommasandra Industrial Area, Bengaluru - licence suspended (Karnataka FDA)",person not reported,,-,REFERENCE-hospital-pharmacy-verification,Reference entry (ongoing). Verified status points: Karnataka FDA cancelled 16 and suspended 8 drug licences (…,2026-09,https://cdsco.gov.in/opencms/opencms/en/Latest-Alerts/
"SUSPENDED (names carried forward - NOT re-verified this pass): Pfizer Ltd C&F depot, Nelamangala; Med Pharma;…",Prashanth Ranjan Babu (also reported as R. Prashanth / Prashant / Pra…,Alleged kingpin / prime accused; ex-medical representative; leased the Bidadi farmhouse;…,"Papareddypalya, Bengaluru [not re-verified]; nati…",KA-2026-08-bidadi-krupa,Ongoing. Verified this pass: Veeresh Kumar Jain (Krupa Healthcare owner) arrested 12 Sep 2026 and remanded to…,2026-08-18,https://raw.githubusercontent.com/songjen/india-pharma-report/main/reports/India_Pharma_Daily_20260820.md
"SUSPENDED (names carried forward - NOT re-verified this pass): Pfizer Ltd C&F depot, Nelamangala; Med Pharma;…",Rakesh Kumar,Accused; police examining whether fake oncology drugs were distributed through his firm […,Bengaluru,KA-2026-08-bidadi-krupa,Ongoing. Verified this pass: Veeresh Kumar Jain (Krupa Healthcare owner) arrested 12 Sep 2026 and remanded to…,2026-08-18,https://raw.githubusercontent.com/songjen/india-pharma-report/main/reports/India_Pharma_Daily_20260820.md
"Uttar Pradesh Medical Supplies Corporation Ltd (UPMSCL), Lucknow - procurement agency whose records ED sought…",person not reported,,"Lucknow; Balrampur, Shravasti, Gonda, Bahraich (D…",UP-2026-09-ed-upmscl-devipatan-scam,"Mukesh Srivastava arrested by UP Vigilance from Wave Mall, Lucknow on 2026-06-09 (reported 2026-06-10) in dis…",2026-09-16,https://timesofindia.indiatimes.com/city/lucknow/ed-files-case-begins-probe-into-100cr-medicine-equipment-supply-scam-in-up/articleshow/134271977.cms
"MSV Medi Point, Agra (raided)",person not reported,,Puducherry (manufacturing unit at Thiruphuvanai P…,PY-2025-11-medinoc-raja-lupin-counterfeit-cbi,"CBI investigation ongoing. Original case: 26 persons (incl. 4 women) arrested by Puducherry police/SIT, inclu…",2025-11-12,https://medicaldialogues.in/news/industry/pharma/counterfeit-drug-racket-using-lupin-brand-busted-in-puducherry-fir-filed-160639
"MSV Medi Point, Agra (raided, Dec 2025 report)",person not reported,,"Agra (Dhanauli near Mother RD School, Malpura PS…",UP-2025-08-agra-fawwara-stf-syndicate,"Dhanauli case: Ikrar, Shamin alias Chhotu and Salua alias Mukim arrested and sent to jail by court (1 Oct 202…",2026-09-29,https://medicaldialogues.in/news/industry/pharma/rs-1-crore-bribe-to-drug-officials-exposed-up-stf-busts-multi-crore-fake-drugs-syndicate-154178
V-Bros Lifesciences (mentioned in Vineet's statement; under examination),person not reported,,Lucknow (Aminabad) with Bachhrawan (Rae Bareli) a…,UP-2026-08-lucknow-aminabad-cross-billing,"FIRs registered (29 Jul and 12 Aug 2026, Aminabad PS; Saharanpur FIR after 2 Sept 2026 operation). Ejaz/Aijaz…",2026-07-29,https://www.indiatvnews.com/uttar-pradesh/fsda-cracks-down-on-organised-network-dealing-with-counterfeit-medicines-in-lucknow-fir-against-four-filed-2026-08-12-1051175
"V.A. Medicos, Agra",person not reported,,"Lucknow (Aminabad, Alambagh, Bakshi Ka Talab, Kai…",UP-2026-08-fsda-multi-district,"ongoing. Lucknow: 7 FIRs against 32 persons, 2 arrests; Agra: 9 FIRs, 2 arrests; Varanasi: surgical shop oper…",2026-08-19,https://www.etvbharat.com/hi/state/illegal-medicines-worth-5-dot-43-crore-seized-in-four-districts-of-uttar-pradesh-ups26081906919
"VADSP Pharmaceuticals, Baddi HP (Amoxycillin & Potassium Clavulanate Tablets IP VT251527, NSQ)",person not reported,,Kolkata (CDL); New Delhi (CDSCO),CDSCO-2026-07-alert,July 2026 alert (published 21 Aug 2026): 40 samples NSQ by CDSCO central labs; state-lab count reported diffe…,2026-08-21,https://www.etvbharat.com/en/bharat/cdsco-flags-280-drug-samples-as-nsq-or-spurious-in-july-enn26082107816
"M/s VADSP Pharmaceuticals, Baddi, Himachal Pradesh (unverified)",person not reported,,Jaipur (Rajasthan Drug Controller); manufacturers…,RJ-2026-04-spurious-antibiotic,7 medicines declared NSQ; licences of 3 manufacturing units suspended; batches ordered withdrawn statewide (a…,2026-04-22,https://drugscontrol.org/news-detail.php?newsid=44607
"VADSP Pharmaceuticals, Plot No. 124, E.P.I.P. Ind. Area, Phase-1, Jharmajri, Baddi (HP) 173205 - Jun-2026",person not reported,,Bhubaneswar (State Drugs Testing & Research Labor…,OD-2025-2026-sdtrl-bhubaneswar-nsq-roundup,51 NSQ batches reported by the Odisha state lab (SDT&RL/SFTRL Bhubaneswar) in the CDSCO monthly tables Oct-20…,2025-10 to 2026-08,https://cdscoonline.gov.in/CDSCO/filteredNsqDrugTable?month=Oct-2025&source=All&tab=nsq
"VADSP Pharmaceuticals, Plot No. 124, EPIP Ind. Area Phase-1, Jharmajri, Baddi (H.P.) (Mfd for IQMED Healthcar…",person not reported,,Kathua and Srinagar (Modern Drug Testing Laborato…,JK-2025-2026-kathua-srinagar-nsq-roundup-hospital-injectables,"NSQ declarations in CDSCO monthly alerts; one SPURIOUS declaration (R Zara-DSR Capsules, Apr-2026, MDTL Kathu…",2025-05 to 2026-08,https://cdscoonline.gov.in/CDSCO/filteredNsqDrugTable?month=May-2025&source=All&tab=nsq
"Vaibhav Medicos, Sarai Road, Jwalapur, Haridwar",Vaibhav Medicos,"medical store (firm) - purchase/sale stopped, licence cancellation recommended","Sarai Road, Jwalapur, Haridwar",UK-2026-haridwar-roorkee-medical-store-raids,Haridwar/Jwalapur (Feb 2026): Vaibhav Medicos and Kumar Chemist found with heavy irregularities (narcotic dru…,"2026-02-12 (Jwalapur, Haridwa…",https://www.etvbharat.com/hi/state/haridwar-drug-department-raid-many-medical-stores-licenses-cancelled-uttarakhand-news-uts26021205809
Vantive (independent kidney-care company spun off from Baxter's renal division in 2024; brand name on label),not reported (no individual named; regulatory NSQ/misbranding finding…,importer,"Gurugram, Haryana",HP-2026-09-aiims-bilaspur-vantive-dialysis,Two samples declared 'not of standard quality' by DTL Baddi (report dated 3 Sep 2026); HP health dept letter…,2026-09-07,https://pharma.economictimes.indiatimes.com/news/regulatory-update/imported-dialysis-solution-fails-endotoxin-test-in-himachal-lab-flags-nine-regulatory-violations/134101240
"Vapi Care Pharma Pvt. Ltd., GIDC Vapi, Dist. Valsad, Gujarat",person not reported,,"national (manufacturers in Himachal Pradesh, Guja…",CDSCO-2026-06-alert,Monthly NSQ/spurious alert for June 2026 published (reported 22 Jul 2026 and 31 Jul 2026). Officials said the…,2026-06,https://www.freepressjournal.in/mumbai/cdsco-flags-159-substandard-drug-samples-as-nsq-including-14-linked-to-maharashtra
"Vapi Care Pharma Pvt. Ltd., Plot No. 225/3, Near Morarji Circle, GIDC Vapi, Dist. Valsad-396195, Gujarat - Ma…",person not reported,,Bhubaneswar (State Drugs Testing & Research Labor…,OD-2025-2026-sdtrl-bhubaneswar-nsq-roundup,51 NSQ batches reported by the Odisha state lab (SDT&RL/SFTRL Bhubaneswar) in the CDSCO monthly tables Oct-20…,2025-10 to 2026-08,https://cdscoonline.gov.in/CDSCO/filteredNsqDrugTable?month=Oct-2025&source=All&tab=nsq
"Vardan Medical, Agra",person not reported,,"Lucknow (Aminabad, Alambagh, Bakshi Ka Talab, Kai…",UP-2026-08-fsda-multi-district,"ongoing. Lucknow: 7 FIRs against 32 persons, 2 arrests; Agra: 9 FIRs, 2 arrests; Varanasi: surgical shop oper…",2026-08-19,https://www.etvbharat.com/hi/state/illegal-medicines-worth-5-dot-43-crore-seized-in-four-districts-of-uttar-pradesh-ups26081906919
"Vardhman Medical Agency, Ahmedabad",person not reported,,Gandhinagar (statewide); counterfeit-drug raids i…,GJ-2026-09-fdca-50-licences,August 2026 action reviewed on 2 Sept 2026: sales licences of 50 drug firms cancelled; closure orders for two…,2026-09-02,https://bilkulonline.com/2026/09/02/gujarat-fdca-cancels-licences-of-50-drug-firms-seizes-42988-kg-of-suspected-food-products/
Vellinton Healthcare (formerly Taxus Meditech) - MD-VI licence revoked Nov 2024; AFMS debarred Jan 2025-Jan 2…,person not reported,,"Kala Amb (Sirmaur, HP); Ambala; Chandigarh; Jodhp…",HP-2025-11-digital-vision-pharma,"Ongoing. NCB case: 15 arrested as of 2025-11-30 (The Tribune), 17 arrested per TNM/Newslaundry 2026-04-13; pa…",2025-11,https://www.thenewsminute.com/news/16-kids-dead-a-rs-574-cr-racket-the-pharma-group-the-system-refuses-to-stop
Vendors/distributors in Assam from whom samples were drawn: not published,person not reported,,"Guwahati (State Drugs Testing Laboratory, Assam;…",AS-2026-04-sdtl-assam-aristo-alkem-mankind-spurious,CDSCO remark on the spurious-tab entries (B95Y032 Apr-2026; GTG2220A Feb-2026): 'The product is purported to…,2026-04,https://cdscoonline.gov.in/CDSCO/filteredNsqDrugTable?month=Apr-2026&source=All&tab=nsq
"Venu Medical Agencies, Sai Nagar, Doctors Street, Karimnagar",R. Venu Gopal,"Managing Partner-cum-Competent Person, Venu Medical Agencies; judicial remand till 23 Jul…","Sai Nagar, Doctors Street, Karimnagar",TS-2025-07-levipil-500-counterfeit-arvind-venu,2 arrested; prosecution ongoing,2025-07-04,https://medicaldialogues.in/amp/news/industry/pharma/counterfeit-version-of-sun-pharma-anti-epileptic-medicine-levipil-500-seized-in-telangana-151326
Venus Bio Sciences,person not reported,,West Bengal; national,CDSCO-2026-04-alert,Under investigation (unverified - all sources unreachable on 2026-10-07: medicaldialogues.in and cdsco.gov.in…,2026-04,https://medicaldialogues.in/news/industry/pharma/cdsco-flags-ursodeoxycholic-acid-tablets-batch-as-purportedly-spurious-171268
"Venus Bio Sciences Pvt. Ltd., 116, EPIP-1, Jharmajri, Dist-Solan (HP) - Diclofenac Sodium Inj VB/LEF0789 NSQ…",person not reported,,"Baddi, Kala Amb, Paonta Sahib, Roorkee, Haridwar",CDSCO-2025-2026-synthesis-repeat-offenders,Ongoing investigations (CDSCO remark on every spurious entry: 'subject to outcome of investigation'). July-20…,2026-09,https://thehealthmaster.com/drug-alert-nsq-drugs-lists/
"Venus Bio Sciences Pvt. Ltd., 116, EPIP-1, Jharmajri, Dist-Solan, Himachal Pradesh, Pin-173205 (Diclofenac So…",person not reported,,Multiple,CDSCO-2025-2026-other-brand-copy-batches-spurious-tab,Under investigation per CDSCO: every Spurious-tab row carries the remark 'The product is purported to be spur…,2025-01 to 2026-07,https://cdscoonline.gov.in/CDSCO/filteredSpuriousDrugTable?month=Oct-2025&source=All&tab=spurious
"Verma Medical Store, Mallawan (15 vials each)",person not reported,,"Delhi (Bhagirath Palace, Chandni Chowk) and Kanpu…",DL-UP-2026-09-bhagirath-palace-vs-pharmaceuticals-fake-abhayrab,"FIR lodged at Collectorganj PS against three accused (Baljit Kaur, Rajinder Singh, Tarandeep Singh); both Kan…",2026-09-22,https://www.etvbharat.com/en/state/delhi-fake-drug-racket-busted-481-counterfeit-rabies-vaccine-units-worth-rs-2-lakh-seized-from-bhagirath-palace-enn26092301276
"Vibhor Medical, Agra",person not reported,,"Lucknow (Aminabad, Alambagh, Bakshi Ka Talab, Kai…",UP-2026-08-fsda-multi-district,"ongoing. Lucknow: 7 FIRs against 32 persons, 2 arrests; Agra: 9 FIRs, 2 arrests; Varanasi: surgical shop oper…",2026-08-19,https://www.etvbharat.com/hi/state/illegal-medicines-worth-5-dot-43-crore-seized-in-four-districts-of-uttar-pradesh-ups26081906919
"Vidya Pharm, Aminabad, Lucknow (earlier FIR)",person not reported,,"Lucknow (Aminabad, Alambagh, Bakshi Ka Talab, Kai…",UP-2026-08-fsda-multi-district,"ongoing. Lucknow: 7 FIRs against 32 persons, 2 arrests; Agra: 9 FIRs, 2 arrests; Varanasi: surgical shop oper…",2026-08-19,https://www.etvbharat.com/hi/state/illegal-medicines-worth-5-dot-43-crore-seized-in-four-districts-of-uttar-pradesh-ups26081906919
"Vishwanath Pharma, Agra (drugscontrol.org tag only)",Vishwanath Pharma,firm named in tags of raid report,Agra (per drugscontrol.org article tag; article b…,UP-2026-06-agra-fsda-followups,"Ongoing. Raids (Agra, 24 Feb 2026 per drugscontrol.org): 20 of 30 identified firms/warehouses in Fuwara drug…",2026-07-24,https://drugscontrol.org/news-detail.php?newsid=44340
Vital Healthcare Pvt. Ltd. - product ban (2 years) - location not reported,person not reported,,Jaipur (RMSC HQ),RJ-2025-11-rmscl-7-firms-40-drugs-blacklist,7 firms debarred in FY2025-26 (5 for five years for supplying substandard/adulterated medicines; 2 for three…,2025-11-20,https://medicaldialogues.in/news/industry/pharma/rajasthan-medical-services-corp-bans-7-pharma-firms-40-drugs-over-quality-concerns-159266
"Vivanta Pharmaceuticals, Bengaluru - Karnataka High Court stayed FSDA licence suspension (headline dated 06-1…",Omkareshwar,"Assistant Drugs Controller, Circle-1 Bengaluru; suspended 22 Sep 2026 for failing to clos…",Bengaluru,KA-2026-08-bidadi-krupa,Ongoing. Verified this pass: Veeresh Kumar Jain (Krupa Healthcare owner) arrested 12 Sep 2026 and remanded to…,2026-08-18,https://raw.githubusercontent.com/songjen/india-pharma-report/main/reports/India_Pharma_Daily_20260820.md
"Vivanta Pharmaceuticals, Bengaluru - Karnataka High Court stayed FSDA licence suspension (headline dated 06-1…",Veeresh Kumar Jain (also Viresh Kumar Jain),Owner/proprietor of wholesale pharmacy Krupa Healthcare; arrested in 12 Sep 2026 SIT + Dr…,"Maxworth Mansion, Lalbagh Fort Road, Mavalli, nea…",KA-2026-08-bidadi-krupa,Ongoing. Verified this pass: Veeresh Kumar Jain (Krupa Healthcare owner) arrested 12 Sep 2026 and remanded to…,2026-08-18,https://raw.githubusercontent.com/songjen/india-pharma-report/main/reports/India_Pharma_Daily_20260820.md
"Vivantha Pharmaceuticals, Jayanagar 9th Block, Bengaluru - licence suspended (Karnataka FDA); High Court stay…",person not reported,,-,REFERENCE-hospital-pharmacy-verification,Reference entry (ongoing). Verified status points: Karnataka FDA cancelled 16 and suspended 8 drug licences (…,2026-09,https://cdsco.gov.in/opencms/opencms/en/Latest-Alerts/
"Vivek Pharmaceuticals Pvt. Ltd., Jammu, J&K",person not reported,,New Delhi (DTL Delhi); Kolkata (CDL); Baddi / Nal…,CDSCO-2026-08-alert,Under investigation (manufacturer of TELMA AM batch 18230791 listed as 'Under Investigation'; CDSCO: matter '…,2026-09-22,https://aninews.in/news/national/general-news/central-drugs-laboratories-flags-220-drug-samples-as-nsq-in-august-one-spurious-drug-identified-in-delhi20260922093319/
"SVR Healthcare, Paonta Sahib, HP",person not reported,,New Delhi (DTL Delhi); Kolkata (CDL); Baddi / Nal…,CDSCO-2026-08-alert,Under investigation (manufacturer of TELMA AM batch 18230791 listed as 'Under Investigation'; CDSCO: matter '…,2026-09-22,https://aninews.in/news/national/general-news/central-drugs-laboratories-flags-220-drug-samples-as-nsq-in-august-one-spurious-drug-identified-in-delhi20260922093319/
"Vrindavan Global, Plot No 23B & C, Indl. Area, Lodhimajra, Baddi, Dist Solan -H.P 173025 - PC-WIN 650 (NSQ, B…",person not reported,,"Patna (Bihar Drugs Control Laboratory, BDCL); New…",CDSCO-2025-10-alert,"All 5 batches: CDSCO remark 'The product is purported to be spurious, however, the same is subject to outcome…",2025-10,https://medicaldialogues.in/news/industry/pharma/cdsco/cdsco-flags-5-batches-of-widely-used-drugs-including-azithral-500-telma-am-as-potentially-spurious-159434
VRL Logistics (transporter whose vehicle carried the consignment; Ahmedabad to Bhubaneswar route) – consignor…,person not reported,,"Cuttack (Phulnakhara, Cuttack Sadar Police Statio…",OD-2026-04-cuttack-phulnakhara-codeine-8520-bottles,"Consignment of 71 cartons (8,520 bottles) seized; investigation underway to trace the supply chain and identi…",2026-04-16,https://medicaldialogues.in/news/industry/pharma/stf-drug-control-team-bust-illegal-codeine-supply-chain-8520-bottles-seized-in-cuttack-168929
"VS Pharmaceuticals, 1725 Ramgali, Bhagirath Palace, Chandni Chowk, Delhi (buyer firm raided by Delhi Drugs Co…",person not reported,,"Delhi (Bhagirath Palace, Chandni Chowk) and Kanpu…",DL-UP-2026-09-bhagirath-palace-vs-pharmaceuticals-fake-abhayrab,"FIR lodged at Collectorganj PS against three accused (Baljit Kaur, Rajinder Singh, Tarandeep Singh); both Kan…",2026-09-22,https://www.etvbharat.com/en/state/delhi-fake-drug-racket-busted-481-counterfeit-rabies-vaccine-units-worth-rs-2-lakh-seized-from-bhagirath-palace-enn26092301276
"VTV Formulations India Pvt.Ltd., Vill. Gullarwala, Sai Road, Baddi-173205, Distt. Solan (HP)",person not reported,,Kathua and Srinagar (Modern Drug Testing Laborato…,JK-2025-2026-kathua-srinagar-nsq-roundup-hospital-injectables,"NSQ declarations in CDSCO monthly alerts; one SPURIOUS declaration (R Zara-DSR Capsules, Apr-2026, MDTL Kathu…",2025-05 to 2026-08,https://cdscoonline.gov.in/CDSCO/filteredNsqDrugTable?month=May-2025&source=All&tab=nsq
"Vzoic Healthcare Pvt. Ltd., Plot No-236, Ind. Area, Phase-IX, S.A.S. Nagar, Mohali-160060 (Punjab) - Nov-2025",person not reported,,Bhubaneswar (State Drugs Testing & Research Labor…,OD-2025-2026-sdtrl-bhubaneswar-nsq-roundup,51 NSQ batches reported by the Odisha state lab (SDT&RL/SFTRL Bhubaneswar) in the CDSCO monthly tables Oct-20…,2025-10 to 2026-08,https://cdscoonline.gov.in/CDSCO/filteredNsqDrugTable?month=Oct-2025&source=All&tab=nsq
"Warehouse, Syed Gali, Motikatra, Agra (Aug 2025 raid)",person not reported,,"Agra (Dhanauli near Mother RD School, Malpura PS…",UP-2025-08-agra-fawwara-stf-syndicate,"Dhanauli case: Ikrar, Shamin alias Chhotu and Salua alias Mukim arrested and sent to jail by court (1 Oct 202…",2026-09-29,https://medicaldialogues.in/news/industry/pharma/rs-1-crore-bribe-to-drug-officials-exposed-up-stf-busts-multi-crore-fake-drugs-syndicate-154178
"Warner Hindustan Pvt. Ltd., 24-85/7, Sy. No. 548 & 551, Laxminarayan Nagar Colony, New IDA, Uppal, Hyderabad-…",person not reported,,Bhubaneswar (State Drugs Testing & Research Labor…,OD-2025-2026-sdtrl-bhubaneswar-nsq-roundup,51 NSQ batches reported by the Odisha state lab (SDT&RL/SFTRL Bhubaneswar) in the CDSCO monthly tables Oct-20…,2025-10 to 2026-08,https://cdscoonline.gov.in/CDSCO/filteredNsqDrugTable?month=Oct-2025&source=All&tab=nsq
Swefn Pharmaceuticals,person not reported,,Statewide (announced from Bengaluru),KA-2025-06-fsda-nsq-14-drugs,Do-not-use / stop-stocking directive issued 2025-06-25; public urged not to use; minister warned of strict ac…,2025-06-25,https://theprint.in/india/karnataka-govt-flags-14-substandard-drugs-tells-chemists-docs-public-to-avoid-them/2670281/
"Swefn Pharmaceuticals Pvt. Ltd., Sanand, Ahmedabad (Racecadotril Capsules IP 100mg C042604, NSQ assay)",person not reported,,Kolkata (CDL); New Delhi (CDSCO),CDSCO-2026-07-alert,July 2026 alert (published 21 Aug 2026): 40 samples NSQ by CDSCO central labs; state-lab count reported diffe…,2026-08-21,https://www.etvbharat.com/en/bharat/cdsco-flags-280-drug-samples-as-nsq-or-spurious-in-july-enn26082107816
Welcure Remedies - name printed on counterfeit HIZLAM Injectables labels [not re-verified],Prashanth Ranjan Babu (also reported as R. Prashanth / Prashant / Pra…,Alleged kingpin / prime accused; ex-medical representative; leased the Bidadi farmhouse;…,"Papareddypalya, Bengaluru [not re-verified]; nati…",KA-2026-08-bidadi-krupa,Ongoing. Verified this pass: Veeresh Kumar Jain (Krupa Healthcare owner) arrested 12 Sep 2026 and remanded to…,2026-08-18,https://raw.githubusercontent.com/songjen/india-pharma-report/main/reports/India_Pharma_Daily_20260820.md
"M/s Welcure Remedies, Kala Amb (Himachal Pradesh) - manufacturer",M/s Welcure Remedies,manufacturer; adenosine injection batch WADG25002A declared spurious by CDTL Mumbai; stop…,"Kala Amb, Himachal Pradesh",HP-2025-nurpur-kala-amb-stop-orders,"Nurpur: 23,500 injections seized on 2025-08-18, samples sent for laboratory testing, case registered under Se…","2025-08-18 (Nurpur raid, 'Mon…",https://www.tribuneindia.com/news/himachal/pharma-unit-defies-ban-23500-injections-seized-in-nurpur-raid/amp
"M/s Welcure Remedies, Kala Amb, Sirmaur district, Himachal Pradesh (manufacturer; all manufacturing licences…",person not reported,,Kala Amb (Sirmaur district); Tribune's June 2026…,HP-2025-baddi-adenosine-licence,"June 2026: 'stop manufacturing' order, risk-based inspection by CDSCO Baddi with state authorities found defi…",2026-06,https://www.tribuneindia.com/news/himachal/pharma-unit-loses-licence-over-spurious-cardiac-injection-in-export-consignment/
"Welcure Remedies, Nahan Road, Vill. Moginand, Distt. Sirmour-173030 (HP) - Mar-2026",person not reported,,Bhubaneswar (State Drugs Testing & Research Labor…,OD-2025-2026-sdtrl-bhubaneswar-nsq-roundup,51 NSQ batches reported by the Odisha state lab (SDT&RL/SFTRL Bhubaneswar) in the CDSCO monthly tables Oct-20…,2025-10 to 2026-08,https://cdscoonline.gov.in/CDSCO/filteredNsqDrugTable?month=Oct-2025&source=All&tab=nsq
"Welcure Remedies, Nahan Road, Vill. Moginand, Kala-Amb, Distt. Sirmour (H.P.) 173030 (Adenosine Injection IP…",person not reported,,Multiple,CDSCO-2025-2026-other-brand-copy-batches-spurious-tab,Under investigation per CDSCO: every Spurious-tab row carries the remark 'The product is purported to be spur…,2025-01 to 2026-07,https://cdscoonline.gov.in/CDSCO/filteredSpuriousDrugTable?month=Oct-2025&source=All&tab=spurious
"Welcure Remedies, Nahan Road, Vill. Moginand, Kala-Amb, Distt. Sirmour (HP) - labelled maker of Adenosine Inj…",person not reported,,"Baddi, Kala Amb, Paonta Sahib, Roorkee, Haridwar",CDSCO-2025-2026-synthesis-repeat-offenders,Ongoing investigations (CDSCO remark on every spurious entry: 'subject to outcome of investigation'). July-20…,2026-09,https://thehealthmaster.com/drug-alert-nsq-drugs-lists/
"Welcure Remedies, Nahan Road, Village Moginand, Kala Amb, District Sirmour, Himachal Pradesh (manufacturer of…",person not reported,,"national (manufacturers in Himachal Pradesh, Guja…",CDSCO-2026-06-alert,Monthly NSQ/spurious alert for June 2026 published (reported 22 Jul 2026 and 31 Jul 2026). Officials said the…,2026-06,https://www.freepressjournal.in/mumbai/cdsco-flags-159-substandard-drug-samples-as-nsq-including-14-linked-to-maharashtra
Wellnow Healthcare (fictitious/non-existent firm printed on labels),person not reported,,Hyderabad (accused apprehended at Karmanghat; con…,TS-2024-11-shree-pharma-prayagraj-courier-spurious-antibiotics,Both Gandla Ramulu and Munishekhar apprehended during the raids (22 Nov 2024); case registered under NDPS Act…,2024-11-22,https://thesouthfirst.com/health/courier-networks-fake-firms-false-packaging-how-telangana-dca-is-busting-spurious-drugs/
"Westerlin Drugs Pvt. Ltd., Industrial Area Fatuha (Patna)-803201",person not reported,,"Patna, Hajipur (Hazipur), Barauni, Muzaffarpur, F…",BR-2025-2026-bihar-manufacturers-nsq-injectables-syrups,"NSQ declarations only (plus two SPURIOUS declarations against New Lab Industry, Patna, Jan-2025); licence act…",2025-01 to 2026-06,https://cdscoonline.gov.in/CDSCO/filteredNsqDrugTable?month=Jan-2025&source=All&tab=nsq
"Wholesale premises, Teliwara, Sadar Bazar, Delhi",person not reported,,"Teliwara, Sadar Bazar, Delhi (wholesale raid); Me…",DL-2025-12-ghaziabad-betnovate-factory,"3 arrested: Gaurav Bhagat and Shree Ram alias Vishal Gupta (arrested around 13-14 Dec 2025), and alleged king…",2025-12-14,https://www.newsonair.gov.in/delhi-police-crime-branch-busts-counterfeit-medicine-factory-in-ghaziabad
"Windlas Biotech Ltd. (Plant-2) Khasra No. 141 To 143 & 145, Mohabewala Industrial Area, Dehradun -248110, Utt…",person not reported,,"Patna (Bihar Drugs Control Laboratory, BDCL); New…",CDSCO-2025-10-alert,"All 5 batches: CDSCO remark 'The product is purported to be spurious, however, the same is subject to outcome…",2025-10,https://medicaldialogues.in/news/industry/pharma/cdsco/cdsco-flags-5-batches-of-widely-used-drugs-including-azithral-500-telma-am-as-potentially-spurious-159434
"Windlas Biotech Ltd. (Plant-2) Khasra No. 141 To 143 & 145, Mohabewala Industrial Area, Dehradun -248110, Utt…",person not reported,,"Kolkata (CDL), Mumbai (FDAL Maharashtra), Vadodar…",MH-2025-chymoral-forte-spurious-batches,"ongoing - all six 2KU6L-series batches carry the CDSCO remark 'The product is purported to be spurious, howev…",2025-10 to 2026-01 (spurious…,https://raw.githubusercontent.com/ankithsurapani/medcheck/main/analysis/dataset/medcheck_nsq_records.csv
"Wings Biotech LLP, 43 & 44 HPSIDC Industrial Area, Baddi (HP) - 13 NSQ entries 2025-01 to 2026-06 (+2 as Wing…",person not reported,,"Baddi, Kala Amb, Paonta Sahib, Roorkee, Haridwar",CDSCO-2025-2026-synthesis-repeat-offenders,Ongoing investigations (CDSCO remark on every spurious entry: 'subject to outcome of investigation'). July-20…,2026-09,https://thehealthmaster.com/drug-alert-nsq-drugs-lists/
"Wings Biotech LLP, 43 & 44, HP SIDC, Industrial Area, Baddi-173205 (H.P) (3 NSQ batches Telmisartan and Hydro…",person not reported,,not reported (CDSCO rows give only the reporting…,CDSCO-2025-06-alert,"CDSCO remark on every spurious row: 'The product is purported to be spurious, however, the same is subject to…",2025-06,https://medicaldialogues.in/news/industry/pharma/cdsco/cdsco-flags-55-substandard-4-spurious-drugs-in-june-batch-alert-full-list-inside-152088
"WINGS BIOTECH LLP, 43 & 44, HPSIDC, Industrial Area, Baddi-173205 (HP) - Aug-2026",person not reported,,Bhubaneswar (State Drugs Testing & Research Labor…,OD-2025-2026-sdtrl-bhubaneswar-nsq-roundup,51 NSQ batches reported by the Odisha state lab (SDT&RL/SFTRL Bhubaneswar) in the CDSCO monthly tables Oct-20…,2025-10 to 2026-08,https://cdscoonline.gov.in/CDSCO/filteredNsqDrugTable?month=Oct-2025&source=All&tab=nsq
"Wings Biotech LLP, Baddi HP (Ibuprofen Tablets I.P. 400 mg IBPT-1003, NSQ dissolution)",person not reported,,Kolkata (CDL); New Delhi (CDSCO),CDSCO-2026-07-alert,July 2026 alert (published 21 Aug 2026): 40 samples NSQ by CDSCO central labs; state-lab count reported diffe…,2026-08-21,https://www.etvbharat.com/en/bharat/cdsco-flags-280-drug-samples-as-nsq-or-spurious-in-july-enn26082107816
"Swiss Garnier Life Sciences, Una, HP",person not reported,,New Delhi (DTL Delhi); Kolkata (CDL); Baddi / Nal…,CDSCO-2026-08-alert,Under investigation (manufacturer of TELMA AM batch 18230791 listed as 'Under Investigation'; CDSCO: matter '…,2026-09-22,https://aninews.in/news/national/general-news/central-drugs-laboratories-flags-220-drug-samples-as-nsq-in-august-one-spurious-drug-identified-in-delhi20260922093319/
"Yacca Pharmaceutical Pvt. Ltd., 11th Km stone, Dehradun Road, Roorkee-247667 (UK) - Jul-2026",person not reported,,Bhubaneswar (State Drugs Testing & Research Labor…,OD-2025-2026-sdtrl-bhubaneswar-nsq-roundup,51 NSQ batches reported by the Odisha state lab (SDT&RL/SFTRL Bhubaneswar) in the CDSCO monthly tables Oct-20…,2025-10 to 2026-08,https://cdscoonline.gov.in/CDSCO/filteredNsqDrugTable?month=Oct-2025&source=All&tab=nsq
"Yaden International, Sri Lanka (recipient of 2.1 lakh morphine tablets, June-July 2023)",person not reported,,"Kala Amb (Sirmaur, HP); Ambala; Chandigarh; Jodhp…",HP-2025-11-digital-vision-pharma,"Ongoing. NCB case: 15 arrested as of 2025-11-30 (The Tribune), 17 arrested per TNM/Newslaundry 2026-04-13; pa…",2025-11,https://www.thenewsminute.com/news/16-kids-dead-a-rs-574-cr-racket-the-pharma-group-the-system-refuses-to-stop
Yakka Pharmaceuticals Pvt. Ltd. - product ban (3 years) - location not reported,person not reported,,Jaipur (RMSC HQ),RJ-2025-11-rmscl-7-firms-40-drugs-blacklist,7 firms debarred in FY2025-26 (5 for five years for supplying substandard/adulterated medicines; 2 for three…,2025-11-20,https://medicaldialogues.in/news/industry/pharma/rajasthan-medical-services-corp-bans-7-pharma-firms-40-drugs-over-quality-concerns-159266
"M/s Yashoda Lab Pvt Ltd, Nashik Road, Nashik",person not reported,,"Statewide (cancelled units in Pune, Baramati, Jej…",MH-2026-08-ayurvedic-gmp-crackdown,Manufacturing licences of 10 Ayurvedic drug units permanently cancelled; 135 other manufacturers issued show-…,2026-08-11,https://economictimes.com/industry/healthcare/biotech/healthcare/maharashtra-fda-cracks-down-on-ayurvedic-drug-makers-cancels-10-licences/articleshow/133169140.cms
M/s YL Pharma (M/s Y.L. Pharma),Akhilesh Kumar,partner and authorised signatory; arrested 15.11.2025; released on bail by HP High Court…,"Katha village, Baddi, Solan district, Himachal Pr…",HP-2025-11-baddi-yl-pharma-spurious-levocetirizine,Stop-manufacturing order 29.3.2025 defied; surprise inspection 1.11.2025 found manufacturing under way; show-…,2025-11-01,https://www.tribuneindia.com/news/himachal/yl-pharma-loses-licence-for-defying-manufacturing-ban/amp
"M/s YL Pharma / M/s Y L Pharma (partnership firm registered with Registrar of Firms), Katha village, Baddi, S…",person not reported,,"Katha village, Baddi (Solan district)",HP-2025-11-baddi-yl-pharma-spurious-levocetirizine,Stop-manufacturing order 29.3.2025 defied; surprise inspection 1.11.2025 found manufacturing under way; show-…,2025-11-01,https://www.tribuneindia.com/news/himachal/yl-pharma-loses-licence-for-defying-manufacturing-ban/amp
"Symbiosis Pharmaceuticals Pvt. Ltd., Kala Amb, HP",person not reported,,New Delhi (DTL Delhi); Kolkata (CDL); Baddi / Nal…,CDSCO-2026-08-alert,Under investigation (manufacturer of TELMA AM batch 18230791 listed as 'Under Investigation'; CDSCO: matter '…,2026-09-22,https://aninews.in/news/national/general-news/central-drugs-laboratories-flags-220-drug-samples-as-nsq-in-august-one-spurious-drug-identified-in-delhi20260922093319/
"M/s Syndicate Pharma, 185/B-1, 187/A & 188, Sector F, Sanwer Road, Industrial Area, Indore(M.P.)-452015 (manu…",person not reported,,"Ranchi (State Drugs Testing Laboratory, Jharkhand)",JH-2025-2026-sdtl-jharkhand-nsq-ors-ifa-and-ranchi-manufacturer,"NSQ declarations only (CDSCO monthly NSQ alert tables); no spurious declaration, licence action or police cas…",2025-06 to 2026-08,https://cdscoonline.gov.in/CDSCO/filteredNsqDrugTable?month=Jun-2025&source=All&tab=nsq
Systochem Laboratories,person not reported,,West Bengal; national,CDSCO-2026-04-alert,Under investigation (unverified - all sources unreachable on 2026-10-07: medicaldialogues.in and cdsco.gov.in…,2026-04,https://medicaldialogues.in/news/industry/pharma/cdsco-flags-ursodeoxycholic-acid-tablets-batch-as-purportedly-spurious-171268
"Systochem Laboratories Ltd., Loni U.P. (Oxytocin Injection, assay)",person not reported,,not reported (CDSCO rows give only the reporting…,CDSCO-2025-06-alert,"CDSCO remark on every spurious row: 'The product is purported to be spurious, however, the same is subject to…",2025-06,https://medicaldialogues.in/news/industry/pharma/cdsco/cdsco-flags-55-substandard-4-spurious-drugs-in-june-batch-alert-full-list-inside-152088
"Systole Remedies Pvt. Ltd., Vill-Ogli, Kala Amb, Tehsil-Nahan, Dist-Sirmour (HP)-173030 - Nov-2025",person not reported,,Bhubaneswar (State Drugs Testing & Research Labor…,OD-2025-2026-sdtrl-bhubaneswar-nsq-roundup,51 NSQ batches reported by the Odisha state lab (SDT&RL/SFTRL Bhubaneswar) in the CDSCO monthly tables Oct-20…,2025-10 to 2026-08,https://cdscoonline.gov.in/CDSCO/filteredNsqDrugTable?month=Oct-2025&source=All&tab=nsq
"Systole Remedies Pvt.Ltd, Vill Ogli, Kala Amb, Distt Sirmour (HP)",person not reported,,Kathua and Srinagar (Modern Drug Testing Laborato…,JK-2025-2026-kathua-srinagar-nsq-roundup-hospital-injectables,"NSQ declarations in CDSCO monthly alerts; one SPURIOUS declaration (R Zara-DSR Capsules, Apr-2026, MDTL Kathu…",2025-05 to 2026-08,https://cdscoonline.gov.in/CDSCO/filteredNsqDrugTable?month=May-2025&source=All&tab=nsq
"Yug Pharma, Agra",person not reported,,"Lucknow (Aminabad, Alambagh, Bakshi Ka Talab, Kai…",UP-2026-08-fsda-multi-district,"ongoing. Lucknow: 7 FIRs against 32 persons, 2 arrests; Agra: 9 FIRs, 2 arrests; Varanasi: surgical shop oper…",2026-08-19,https://www.etvbharat.com/hi/state/illegal-medicines-worth-5-dot-43-crore-seized-in-four-districts-of-uttar-pradesh-ups26081906919
"Yug Pharma, Agra (sealed)",Sachin Gupta,Proprietor; insulin found stored without cold chain and re-labelling detected at premises…,Agra,UP-2026-05-agra-fsda-18-stores,"Kingpin Surendra Gupta (Shri Medical Agency, Kambutola) arrested by Kotwali police from his residence on Satu…",2026-05-21,https://drugscontrol.org/news-detail.php?newsid=44996
"M/s Yusuf Medicines, Gomtipur, Ahmedabad (spurious HABBE AUJA; stock worth about Rs 12,000 seized)",person not reported,,"Ahmedabad, Vadodara, Savli, Ankleshwar",GJ-2026-05-fdca-coordinated-raids,Amico Formulation LLP manufacturing licence suspended with immediate effect; M/s AEDMAX Lifecare licence susp…,2026-05,https://english.gujaratsamachar.com/news/gujarat/1-21-cr-rs-worth-suspicious-drugs-seized-from-ahmedabad-pharma-unit-93573142389.html
"Yuvnam Pvt. Ltd. (formerly known as Prannjivani Healthcare Pvt Ltd), plot no 72/8, Karamtoli, gutuwa, Ranchi…",person not reported,,"Ranchi (State Drugs Testing Laboratory, Jharkhand)",JH-2025-2026-sdtl-jharkhand-nsq-ors-ifa-and-ranchi-manufacturer,"NSQ declarations only (CDSCO monthly NSQ alert tables); no spurious declaration, licence action or police cas…",2025-06 to 2026-08,https://cdscoonline.gov.in/CDSCO/filteredNsqDrugTable?month=Jun-2025&source=All&tab=nsq
"Zee Laboratories Ltd., Paonta Sahib",person not reported,,"national (manufacturers in Himachal Pradesh, Guja…",CDSCO-2026-06-alert,Monthly NSQ/spurious alert for June 2026 published (reported 22 Jul 2026 and 31 Jul 2026). Officials said the…,2026-06,https://www.freepressjournal.in/mumbai/cdsco-flags-159-substandard-drug-samples-as-nsq-including-14-linked-to-maharashtra
"Zenith Drugs Limited, Indore, MP",person not reported,,New Delhi (DTL Delhi); Kolkata (CDL); Baddi / Nal…,CDSCO-2026-08-alert,Under investigation (manufacturer of TELMA AM batch 18230791 listed as 'Under Investigation'; CDSCO: matter '…,2026-09-22,https://aninews.in/news/national/general-news/central-drugs-laboratories-flags-220-drug-samples-as-nsq-in-august-one-spurious-drug-identified-in-delhi20260922093319/
"Zydus Life Sciences Ltd. (Cycloxan, Ernakulam lab)",person not reported,,New Delhi (DTL Delhi); Kolkata (CDL); Baddi / Nal…,CDSCO-2026-08-alert,Under investigation (manufacturer of TELMA AM batch 18230791 listed as 'Under Investigation'; CDSCO: matter '…,2026-09-22,https://aninews.in/news/national/general-news/central-drugs-laboratories-flags-220-drug-samples-as-nsq-in-august-one-spurious-drug-identified-in-delhi20260922093319/
"Zyve Pharmaceuticals, Ashok Nagar, Khairatabad, Hyderabad (marketer of Foron-XT)",person not reported,,"Secunderabad (Tukaramgate, East Marredpally); Mus…",TS-2025-Q1-secunderabad-tukaramgate-musheerabad-raids,"Tukaramgate (2025-01-24): stock worth Rs 2.2 lakh seized, samples lifted for analysis, DCA said further inves…","2025-01-24 (Tukaramgate raid,…",https://www.siasat.com/telangana-dca-seizes-rs-2-2l-worth-of-illegal-medicines-in-tukaramgate-raid-3170404/
"नागपुर गोल्डन ट्रांसपोर्ट (Nagpur Golden Transport), Gogaon, Raipur (CG) — transport office where the unclaim…",person not reported,,Raipur (arrests); Sarangarh and Bhatapara (medica…,CG-2026-04-fake-antibiotics-racket,"3 arrested on 13-04-2026 (announced 14-04-2026), produced in court and remanded to 14 days' judicial custody;…",2026-04-13,https://drugscontrol.org/news-detail.php?newsid=44708
"प्रेम प्रकाश एजेंसी (Prem Prakash Agency), Bhatapara (CG)",सुरेंद्र कामनानी (Surendra Kamnani) — Amar Ujala names him as सुरेंद्…,operator,"Bhatapara, Chhattisgarh",CG-2026-04-fake-antibiotics-racket,"3 arrested on 13-04-2026 (announced 14-04-2026), produced in court and remanded to 14 days' judicial custody;…",2026-04-13,https://drugscontrol.org/news-detail.php?newsid=44708
"बिजरासन मेडिकोज (Bijrasan Medicos), Indore (MP) — supplier",रोचक अग्रवाल (Rochak Agrawal),operator / key supplier (Indore resident),"Indore, Madhya Pradesh",CG-2026-04-fake-antibiotics-racket,"3 arrested on 13-04-2026 (announced 14-04-2026), produced in court and remanded to 14 days' judicial custody;…",2026-04-13,https://drugscontrol.org/news-detail.php?newsid=44708
"यूनिक फार्मा (Unique Pharma), Zero Mile Road (जीरो माइल रोड), Patna - shop and godown raided; approx 5,500 na…",अफगान आलम (Afgan Alam),arrested; described by police as main kingpin (मुख्य सरगना) of the network,Patna,BR-2026-patna-tv-tower-narcotic-injections-capsules,Six arrested (Afgan Alam described as main kingpin); case registered; investigation ongoing into supply sourc…,2026-10-03,https://news4nation.com/crime/patna-drug-bust-6-arrested-with-thousands-of-intoxicating-injections-and-capsules-638872
"सरस्वती मेडिकल स्टोर (Saraswati Medical Store), Sarangarh (CG)",खेमराज बानी (Khemraj Bani) — Amar Ujala spells खेमराम बानी / खेमराम क…,operator; house used as illegal godown (approx. Rs 50 lakh stock seized Dec 2025),"Sarangarh, Chhattisgarh",CG-2026-04-fake-antibiotics-racket,"3 arrested on 13-04-2026 (announced 14-04-2026), produced in court and remanded to 14 days' judicial custody;…",2026-04-13,https://drugscontrol.org/news-detail.php?newsid=44708
